2026-05-13 08:36:38,073 - INFO - Processing Image: uploads/727c8ff2-77d2-40c0-b152-d7717fb51b2e.jpg
2026-05-13 08:36:38,074 - INFO - Processing page 1/1
2026-05-13 08:36:41,559 - INFO - HTTP Request: POST http://localhost:8000/v1/chat/completions "HTTP/1.1 200 OK"
2026-05-13 08:36:41,583 - INFO - HTTP Request: POST http://localhost:8000/v1/chat/completions "HTTP/1.1 200 OK"
2026-05-13 08:36:41,591 - INFO - HTTP Request: POST http://localhost:8000/v1/chat/completions "HTTP/1.1 200 OK"
2026-05-13 08:36:41,593 - INFO - HTTP Request: POST http://localhost:8000/v1/chat/completions "HTTP/1.1 200 OK"
2026-05-13 08:36:41,595 - INFO - HTTP Request: POST http://localhost:8000/v1/chat/completions "HTTP/1.1 200 OK"
2026-05-13 08:36:41,598 - INFO - HTTP Request: POST http://localhost:8000/v1/chat/completions "HTTP/1.1 200 OK"
2026-05-13 08:36:41,625 - INFO - HTTP Request: POST http://localhost:8000/v1/chat/completions "HTTP/1.1 200 OK"
2026-05-13 08:36:41,646 - INFO - HTTP Request: POST http://localhost:8000/v1/chat/completions "HTTP/1.1 200 OK"
2026-05-13 08:36:41,728 - INFO - HTTP Request: POST http://localhost:8000/v1/chat/completions "HTTP/1.1 200 OK"
2026-05-13 08:36:41,745 - INFO - HTTP Request: POST http://localhost:8000/v1/chat/completions "HTTP/1.1 200 OK"
2026-05-13 08:36:41,768 - INFO - HTTP Request: POST http://localhost:8000/v1/chat/completions "HTTP/1.1 200 OK"
2026-05-13 08:36:41,779 - INFO - HTTP Request: POST http://localhost:8000/v1/chat/completions "HTTP/1.1 200 OK"
2026-05-13 08:36:41,804 - INFO - HTTP Request: POST http://localhost:8000/v1/chat/completions "HTTP/1.1 200 OK"
2026-05-13 08:36:42,185 - INFO - HTTP Request: POST http://localhost:8000/v1/chat/completions "HTTP/1.1 200 OK"
2026-05-13 08:36:49,782 - INFO - HTTP Request: POST http://localhost:8001/v1/chat/completions "HTTP/1.1 200 OK"
2026-05-13 08:36:49,783 - INFO - Page 1 processed successfully
2026-05-13 08:39:21,620 - INFO - Processing Image: uploads/f5451c99-6cd9-4a35-bae7-d22dd820f85b.jpg
2026-05-13 08:39:21,620 - INFO - Processing page 1/1
2026-05-13 08:39:24,464 - INFO - HTTP Request: POST http://localhost:8000/v1/chat/completions "HTTP/1.1 200 OK"
2026-05-13 08:39:24,480 - INFO - HTTP Request: POST http://localhost:8000/v1/chat/completions "HTTP/1.1 200 OK"
2026-05-13 08:39:24,481 - INFO - HTTP Request: POST http://localhost:8000/v1/chat/completions "HTTP/1.1 200 OK"
2026-05-13 08:39:24,484 - INFO - HTTP Request: POST http://localhost:8000/v1/chat/completions "HTTP/1.1 200 OK"
2026-05-13 08:39:24,488 - INFO - HTTP Request: POST http://localhost:8000/v1/chat/completions "HTTP/1.1 200 OK"
2026-05-13 08:39:24,489 - INFO - HTTP Request: POST http://localhost:8000/v1/chat/completions "HTTP/1.1 200 OK"
2026-05-13 08:39:24,523 - INFO - HTTP Request: POST http://localhost:8000/v1/chat/completions "HTTP/1.1 200 OK"
2026-05-13 08:39:24,539 - INFO - HTTP Request: POST http://localhost:8000/v1/chat/completions "HTTP/1.1 200 OK"
2026-05-13 08:39:24,623 - INFO - HTTP Request: POST http://localhost:8000/v1/chat/completions "HTTP/1.1 200 OK"
2026-05-13 08:39:24,631 - INFO - HTTP Request: POST http://localhost:8000/v1/chat/completions "HTTP/1.1 200 OK"
2026-05-13 08:39:24,651 - INFO - HTTP Request: POST http://localhost:8000/v1/chat/completions "HTTP/1.1 200 OK"
2026-05-13 08:39:24,654 - INFO - HTTP Request: POST http://localhost:8000/v1/chat/completions "HTTP/1.1 200 OK"
2026-05-13 08:39:24,683 - INFO - HTTP Request: POST http://localhost:8000/v1/chat/completions "HTTP/1.1 200 OK"
2026-05-13 08:39:25,069 - INFO - HTTP Request: POST http://localhost:8000/v1/chat/completions "HTTP/1.1 200 OK"
2026-05-13 08:39:28,728 - INFO - HTTP Request: POST http://localhost:8001/v1/chat/completions "HTTP/1.1 200 OK"
2026-05-13 08:39:28,729 - INFO - Page 1 processed successfully
2026-05-13 08:44:48,131 - INFO - Processing Image: uploads/3afecfb3-d52c-47b7-a455-acecccb72aed.jpg
2026-05-13 08:44:48,131 - INFO - Processing page 1/1
2026-05-13 08:44:49,424 - INFO - HTTP Request: POST http://localhost:8000/v1/chat/completions "HTTP/1.1 200 OK"
2026-05-13 08:44:49,425 - INFO - HTTP Request: POST http://localhost:8000/v1/chat/completions "HTTP/1.1 200 OK"
2026-05-13 08:44:49,434 - INFO - HTTP Request: POST http://localhost:8000/v1/chat/completions "HTTP/1.1 200 OK"
2026-05-13 08:44:49,441 - INFO - HTTP Request: POST http://localhost:8000/v1/chat/completions "HTTP/1.1 200 OK"
2026-05-13 08:44:49,447 - INFO - HTTP Request: POST http://localhost:8000/v1/chat/completions "HTTP/1.1 200 OK"
2026-05-13 08:44:49,448 - INFO - HTTP Request: POST http://localhost:8000/v1/chat/completions "HTTP/1.1 200 OK"
2026-05-13 08:44:49,479 - INFO - HTTP Request: POST http://localhost:8000/v1/chat/completions "HTTP/1.1 200 OK"
2026-05-13 08:44:49,492 - INFO - HTTP Request: POST http://localhost:8000/v1/chat/completions "HTTP/1.1 200 OK"
2026-05-13 08:44:49,596 - INFO - HTTP Request: POST http://localhost:8000/v1/chat/completions "HTTP/1.1 200 OK"
2026-05-13 08:44:49,617 - INFO - HTTP Request: POST http://localhost:8000/v1/chat/completions "HTTP/1.1 200 OK"
2026-05-13 08:44:49,632 - INFO - HTTP Request: POST http://localhost:8000/v1/chat/completions "HTTP/1.1 200 OK"
2026-05-13 08:44:49,639 - INFO - HTTP Request: POST http://localhost:8000/v1/chat/completions "HTTP/1.1 200 OK"
2026-05-13 08:44:49,662 - INFO - HTTP Request: POST http://localhost:8000/v1/chat/completions "HTTP/1.1 200 OK"
2026-05-13 08:44:50,080 - INFO - HTTP Request: POST http://localhost:8000/v1/chat/completions "HTTP/1.1 200 OK"
2026-05-13 08:44:55,189 - INFO - HTTP Request: POST http://localhost:8001/v1/chat/completions "HTTP/1.1 200 OK"
2026-05-13 08:44:55,191 - INFO - Page 1 processed successfully
2026-05-13 08:47:01,578 - INFO - Processing PDF: uploads/db6988be-339e-46ed-afd0-0aab6aa78d37.pdf
2026-05-13 08:47:02,307 - INFO - Processing page 1/4
2026-05-13 08:47:04,096 - INFO - HTTP Request: POST http://localhost:8000/v1/chat/completions "HTTP/1.1 200 OK"
2026-05-13 08:47:04,097 - INFO - HTTP Request: POST http://localhost:8000/v1/chat/completions "HTTP/1.1 200 OK"
2026-05-13 08:47:04,102 - INFO - HTTP Request: POST http://localhost:8000/v1/chat/completions "HTTP/1.1 200 OK"
2026-05-13 08:47:04,103 - INFO - HTTP Request: POST http://localhost:8000/v1/chat/completions "HTTP/1.1 200 OK"
2026-05-13 08:47:04,109 - INFO - HTTP Request: POST http://localhost:8000/v1/chat/completions "HTTP/1.1 200 OK"
2026-05-13 08:47:04,124 - INFO - HTTP Request: POST http://localhost:8000/v1/chat/completions "HTTP/1.1 200 OK"
2026-05-13 08:47:04,260 - INFO - HTTP Request: POST http://localhost:8000/v1/chat/completions "HTTP/1.1 200 OK"
2026-05-13 08:47:04,266 - INFO - HTTP Request: POST http://localhost:8000/v1/chat/completions "HTTP/1.1 200 OK"
2026-05-13 08:47:04,303 - INFO - HTTP Request: POST http://localhost:8000/v1/chat/completions "HTTP/1.1 200 OK"
2026-05-13 08:47:04,354 - INFO - HTTP Request: POST http://localhost:8000/v1/chat/completions "HTTP/1.1 200 OK"
2026-05-13 08:47:04,395 - INFO - HTTP Request: POST http://localhost:8000/v1/chat/completions "HTTP/1.1 200 OK"
2026-05-13 08:47:05,322 - INFO - HTTP Request: POST http://localhost:8000/v1/chat/completions "HTTP/1.1 200 OK"
2026-05-13 08:47:09,936 - INFO - HTTP Request: POST http://localhost:8000/v1/chat/completions "HTTP/1.1 200 OK"
2026-05-13 08:47:15,617 - INFO - HTTP Request: POST http://localhost:8001/v1/chat/completions "HTTP/1.1 200 OK"
2026-05-13 08:47:15,618 - INFO - Page 1 processed successfully
2026-05-13 08:47:15,618 - INFO - Processing page 2/4
2026-05-13 08:47:17,211 - INFO - HTTP Request: POST http://localhost:8000/v1/chat/completions "HTTP/1.1 200 OK"
2026-05-13 08:47:17,216 - INFO - HTTP Request: POST http://localhost:8000/v1/chat/completions "HTTP/1.1 200 OK"
2026-05-13 08:47:17,226 - INFO - HTTP Request: POST http://localhost:8000/v1/chat/completions "HTTP/1.1 200 OK"
2026-05-13 08:47:17,363 - INFO - HTTP Request: POST http://localhost:8000/v1/chat/completions "HTTP/1.1 200 OK"
2026-05-13 08:47:17,367 - INFO - HTTP Request: POST http://localhost:8000/v1/chat/completions "HTTP/1.1 200 OK"
2026-05-13 08:47:17,448 - INFO - HTTP Request: POST http://localhost:8000/v1/chat/completions "HTTP/1.1 200 OK"
2026-05-13 08:47:17,490 - INFO - HTTP Request: POST http://localhost:8000/v1/chat/completions "HTTP/1.1 200 OK"
2026-05-13 08:47:18,355 - INFO - HTTP Request: POST http://localhost:8000/v1/chat/completions "HTTP/1.1 200 OK"
2026-05-13 08:47:22,727 - INFO - HTTP Request: POST http://localhost:8000/v1/chat/completions "HTTP/1.1 200 OK"
2026-05-13 08:47:30,864 - INFO - HTTP Request: POST http://localhost:8001/v1/chat/completions "HTTP/1.1 200 OK"
2026-05-13 08:47:30,865 - INFO - Page 2 processed successfully
2026-05-13 08:47:30,865 - INFO - Processing page 3/4
2026-05-13 08:47:32,447 - INFO - HTTP Request: POST http://localhost:8000/v1/chat/completions "HTTP/1.1 200 OK"
2026-05-13 08:47:32,457 - INFO - HTTP Request: POST http://localhost:8000/v1/chat/completions "HTTP/1.1 200 OK"
2026-05-13 08:47:32,473 - INFO - HTTP Request: POST http://localhost:8000/v1/chat/completions "HTTP/1.1 200 OK"
2026-05-13 08:47:32,636 - INFO - HTTP Request: POST http://localhost:8000/v1/chat/completions "HTTP/1.1 200 OK"
2026-05-13 08:47:32,644 - INFO - HTTP Request: POST http://localhost:8000/v1/chat/completions "HTTP/1.1 200 OK"
2026-05-13 08:47:32,713 - INFO - HTTP Request: POST http://localhost:8000/v1/chat/completions "HTTP/1.1 200 OK"
2026-05-13 08:47:32,755 - INFO - HTTP Request: POST http://localhost:8000/v1/chat/completions "HTTP/1.1 200 OK"
2026-05-13 08:47:33,621 - INFO - HTTP Request: POST http://localhost:8000/v1/chat/completions "HTTP/1.1 200 OK"
2026-05-13 08:47:38,445 - INFO - HTTP Request: POST http://localhost:8000/v1/chat/completions "HTTP/1.1 200 OK"
2026-05-13 08:48:11,528 - INFO - HTTP Request: POST http://localhost:8001/v1/chat/completions "HTTP/1.1 200 OK"
2026-05-13 08:48:11,531 - INFO - Page 3 processed successfully
2026-05-13 08:48:11,531 - INFO - Processing page 4/4
2026-05-13 08:48:13,155 - INFO - HTTP Request: POST http://localhost:8000/v1/chat/completions "HTTP/1.1 200 OK"
2026-05-13 08:48:13,161 - INFO - HTTP Request: POST http://localhost:8000/v1/chat/completions "HTTP/1.1 200 OK"
2026-05-13 08:48:13,165 - INFO - HTTP Request: POST http://localhost:8000/v1/chat/completions "HTTP/1.1 200 OK"
2026-05-13 08:48:13,312 - INFO - HTTP Request: POST http://localhost:8000/v1/chat/completions "HTTP/1.1 200 OK"
2026-05-13 08:48:13,320 - INFO - HTTP Request: POST http://localhost:8000/v1/chat/completions "HTTP/1.1 200 OK"
2026-05-13 08:48:13,392 - INFO - HTTP Request: POST http://localhost:8000/v1/chat/completions "HTTP/1.1 200 OK"
2026-05-13 08:48:13,465 - INFO - HTTP Request: POST http://localhost:8000/v1/chat/completions "HTTP/1.1 200 OK"
2026-05-13 08:48:14,304 - INFO - HTTP Request: POST http://localhost:8000/v1/chat/completions "HTTP/1.1 200 OK"
2026-05-13 08:48:18,119 - INFO - HTTP Request: POST http://localhost:8000/v1/chat/completions "HTTP/1.1 200 OK"
2026-05-13 08:49:19,900 - INFO - HTTP Request: POST http://localhost:8001/v1/chat/completions "HTTP/1.1 200 OK"
2026-05-13 08:49:19,902 - INFO - Page 4 processed successfully
2026-05-13 08:55:15,066 - INFO - Processing PDF: uploads/cdca4a79-4c0f-4564-a9e0-8f59b35f1e55.pdf
2026-05-13 08:55:15,654 - INFO - Processing page 1/4
2026-05-13 08:55:18,965 - INFO - HTTP Request: POST http://localhost:8000/v1/chat/completions "HTTP/1.1 200 OK"
2026-05-13 08:55:18,978 - INFO - HTTP Request: POST http://localhost:8000/v1/chat/completions "HTTP/1.1 200 OK"
2026-05-13 08:55:18,979 - INFO - HTTP Request: POST http://localhost:8000/v1/chat/completions "HTTP/1.1 200 OK"
2026-05-13 08:55:18,983 - INFO - HTTP Request: POST http://localhost:8000/v1/chat/completions "HTTP/1.1 200 OK"
2026-05-13 08:55:18,986 - INFO - HTTP Request: POST http://localhost:8000/v1/chat/completions "HTTP/1.1 200 OK"
2026-05-13 08:55:18,990 - INFO - HTTP Request: POST http://localhost:8000/v1/chat/completions "HTTP/1.1 200 OK"
2026-05-13 08:55:19,131 - INFO - HTTP Request: POST http://localhost:8000/v1/chat/completions "HTTP/1.1 200 OK"
2026-05-13 08:55:19,140 - INFO - HTTP Request: POST http://localhost:8000/v1/chat/completions "HTTP/1.1 200 OK"
2026-05-13 08:55:19,174 - INFO - HTTP Request: POST http://localhost:8000/v1/chat/completions "HTTP/1.1 200 OK"
2026-05-13 08:55:19,218 - INFO - HTTP Request: POST http://localhost:8000/v1/chat/completions "HTTP/1.1 200 OK"
2026-05-13 08:55:19,260 - INFO - HTTP Request: POST http://localhost:8000/v1/chat/completions "HTTP/1.1 200 OK"
2026-05-13 08:55:20,352 - INFO - HTTP Request: POST http://localhost:8000/v1/chat/completions "HTTP/1.1 200 OK"
2026-05-13 08:55:24,917 - INFO - HTTP Request: POST http://localhost:8000/v1/chat/completions "HTTP/1.1 200 OK"
2026-05-13 08:55:32,868 - INFO - HTTP Request: POST http://localhost:8001/v1/chat/completions "HTTP/1.1 200 OK"
2026-05-13 08:55:32,871 - INFO - Page 1 processed successfully
2026-05-13 08:55:32,871 - INFO - Processing page 2/4
2026-05-13 08:55:34,234 - INFO - HTTP Request: POST http://localhost:8000/v1/chat/completions "HTTP/1.1 200 OK"
2026-05-13 08:55:34,512 - INFO - HTTP Request: POST http://localhost:8000/v1/chat/completions "HTTP/1.1 200 OK"
2026-05-13 08:55:34,523 - INFO - HTTP Request: POST http://localhost:8000/v1/chat/completions "HTTP/1.1 200 OK"
2026-05-13 08:55:34,667 - INFO - HTTP Request: POST http://localhost:8000/v1/chat/completions "HTTP/1.1 200 OK"
2026-05-13 08:55:34,674 - INFO - HTTP Request: POST http://localhost:8000/v1/chat/completions "HTTP/1.1 200 OK"
2026-05-13 08:55:34,717 - INFO - HTTP Request: POST http://localhost:8000/v1/chat/completions "HTTP/1.1 200 OK"
2026-05-13 08:55:34,799 - INFO - HTTP Request: POST http://localhost:8000/v1/chat/completions "HTTP/1.1 200 OK"
2026-05-13 08:55:35,729 - INFO - HTTP Request: POST http://localhost:8000/v1/chat/completions "HTTP/1.1 200 OK"
2026-05-13 08:55:39,767 - INFO - HTTP Request: POST http://localhost:8000/v1/chat/completions "HTTP/1.1 200 OK"
2026-05-13 08:55:59,366 - INFO - HTTP Request: POST http://localhost:8001/v1/chat/completions "HTTP/1.1 200 OK"
2026-05-13 08:55:59,367 - INFO - Page 2 processed successfully
2026-05-13 08:55:59,367 - INFO - Processing page 3/4
2026-05-13 08:56:00,972 - INFO - HTTP Request: POST http://localhost:8000/v1/chat/completions "HTTP/1.1 200 OK"
2026-05-13 08:56:00,980 - INFO - HTTP Request: POST http://localhost:8000/v1/chat/completions "HTTP/1.1 200 OK"
2026-05-13 08:56:00,990 - INFO - HTTP Request: POST http://localhost:8000/v1/chat/completions "HTTP/1.1 200 OK"
2026-05-13 08:56:01,128 - INFO - HTTP Request: POST http://localhost:8000/v1/chat/completions "HTTP/1.1 200 OK"
2026-05-13 08:56:01,137 - INFO - HTTP Request: POST http://localhost:8000/v1/chat/completions "HTTP/1.1 200 OK"
2026-05-13 08:56:01,210 - INFO - HTTP Request: POST http://localhost:8000/v1/chat/completions "HTTP/1.1 200 OK"
2026-05-13 08:56:01,253 - INFO - HTTP Request: POST http://localhost:8000/v1/chat/completions "HTTP/1.1 200 OK"
2026-05-13 08:56:02,192 - INFO - HTTP Request: POST http://localhost:8000/v1/chat/completions "HTTP/1.1 200 OK"
2026-05-13 08:56:06,867 - INFO - HTTP Request: POST http://localhost:8000/v1/chat/completions "HTTP/1.1 200 OK"
2026-05-13 08:56:11,712 - INFO - HTTP Request: POST http://localhost:8001/v1/chat/completions "HTTP/1.1 200 OK"
2026-05-13 08:56:11,713 - INFO - Page 3 processed successfully
2026-05-13 08:56:11,713 - INFO - Processing page 4/4
2026-05-13 08:56:13,330 - INFO - HTTP Request: POST http://localhost:8000/v1/chat/completions "HTTP/1.1 200 OK"
2026-05-13 08:56:13,339 - INFO - HTTP Request: POST http://localhost:8000/v1/chat/completions "HTTP/1.1 200 OK"
2026-05-13 08:56:13,344 - INFO - HTTP Request: POST http://localhost:8000/v1/chat/completions "HTTP/1.1 200 OK"
2026-05-13 08:56:13,486 - INFO - HTTP Request: POST http://localhost:8000/v1/chat/completions "HTTP/1.1 200 OK"
2026-05-13 08:56:13,495 - INFO - HTTP Request: POST http://localhost:8000/v1/chat/completions "HTTP/1.1 200 OK"
2026-05-13 08:56:13,567 - INFO - HTTP Request: POST http://localhost:8000/v1/chat/completions "HTTP/1.1 200 OK"
2026-05-13 08:56:13,643 - INFO - HTTP Request: POST http://localhost:8000/v1/chat/completions "HTTP/1.1 200 OK"
2026-05-13 08:56:14,488 - INFO - HTTP Request: POST http://localhost:8000/v1/chat/completions "HTTP/1.1 200 OK"
2026-05-13 08:56:18,427 - INFO - HTTP Request: POST http://localhost:8000/v1/chat/completions "HTTP/1.1 200 OK"
2026-05-13 08:58:02,690 - INFO - HTTP Request: POST http://localhost:8001/v1/chat/completions "HTTP/1.1 200 OK"
2026-05-13 08:58:02,693 - INFO - Page 4 processed successfully
2026-05-13 08:58:42,142 - INFO - Processing Image: uploads/ed16ef6f-f35e-4d11-855d-63cca3dd4b8b.jpg
2026-05-13 08:58:42,143 - INFO - Processing page 1/1
2026-05-13 08:58:43,386 - INFO - HTTP Request: POST http://localhost:8000/v1/chat/completions "HTTP/1.1 200 OK"
2026-05-13 08:58:43,394 - INFO - HTTP Request: POST http://localhost:8000/v1/chat/completions "HTTP/1.1 200 OK"
2026-05-13 08:58:43,395 - INFO - HTTP Request: POST http://localhost:8000/v1/chat/completions "HTTP/1.1 200 OK"
2026-05-13 08:58:43,403 - INFO - HTTP Request: POST http://localhost:8000/v1/chat/completions "HTTP/1.1 200 OK"
2026-05-13 08:58:43,404 - INFO - HTTP Request: POST http://localhost:8000/v1/chat/completions "HTTP/1.1 200 OK"
2026-05-13 08:58:43,407 - INFO - HTTP Request: POST http://localhost:8000/v1/chat/completions "HTTP/1.1 200 OK"
2026-05-13 08:58:43,440 - INFO - HTTP Request: POST http://localhost:8000/v1/chat/completions "HTTP/1.1 200 OK"
2026-05-13 08:58:43,453 - INFO - HTTP Request: POST http://localhost:8000/v1/chat/completions "HTTP/1.1 200 OK"
2026-05-13 08:58:43,531 - INFO - HTTP Request: POST http://localhost:8000/v1/chat/completions "HTTP/1.1 200 OK"
2026-05-13 08:58:43,543 - INFO - HTTP Request: POST http://localhost:8000/v1/chat/completions "HTTP/1.1 200 OK"
2026-05-13 08:58:43,560 - INFO - HTTP Request: POST http://localhost:8000/v1/chat/completions "HTTP/1.1 200 OK"
2026-05-13 08:58:43,563 - INFO - HTTP Request: POST http://localhost:8000/v1/chat/completions "HTTP/1.1 200 OK"
2026-05-13 08:58:43,584 - INFO - HTTP Request: POST http://localhost:8000/v1/chat/completions "HTTP/1.1 200 OK"
2026-05-13 08:58:43,956 - INFO - HTTP Request: POST http://localhost:8000/v1/chat/completions "HTTP/1.1 200 OK"
2026-05-13 08:59:39,870 - INFO - HTTP Request: POST http://localhost:8001/v1/chat/completions "HTTP/1.1 200 OK"
2026-05-13 08:59:39,873 - INFO - Page 1 processed successfully
2026-05-14 05:06:34,900 - INFO - Processing PDF: invoices/108563_mrRaj_invoice.pdf
2026-05-14 05:06:35,554 - INFO - Processing page 1/4
2026-05-14 05:06:47,686 - ERROR - Error processing page 1: Exception from the 'cv' worker: 

--------------------------------------
C++ Traceback (most recent call last):
--------------------------------------
0   paddle::AnalysisPredictor::ZeroCopyRun(bool)
1   paddle::framework::NaiveExecutor::RunInterpreterCore(std::vector<std::string, std::allocator<std::string > > const&, bool, bool)
2   paddle::framework::InterpreterCore::Run(std::vector<std::string, std::allocator<std::string > > const&, bool, bool, bool, bool)
3   paddle::framework::PirInterpreter::Run(std::vector<std::string, std::allocator<std::string > > const&, bool, bool, bool, bool)
4   paddle::framework::PirInterpreter::TraceRunImpl()
5   paddle::framework::PirInterpreter::TraceRunInstructionList(std::vector<std::unique_ptr<paddle::framework::InstructionBase, std::default_delete<paddle::framework::InstructionBase> >, std::allocator<std::unique_ptr<paddle::framework::InstructionBase, std::default_delete<paddle::framework::InstructionBase> > > > const&)
6   paddle::framework::PirInterpreter::RunInstructionBase(paddle::framework::InstructionBase*)
7   paddle::framework::PhiKernelInstruction::Run()
8   phi::KernelImpl<void (*)(phi::GPUContext const&, std::vector<phi::DenseTensor const*, std::allocator<phi::DenseTensor const*> > const&, paddle::experimental::ScalarBase<phi::DenseTensor> const&, phi::DenseTensor*), &(void phi::ConcatKernel<float, phi::GPUContext>(phi::GPUContext const&, std::vector<phi::DenseTensor const*, std::allocator<phi::DenseTensor const*> > const&, paddle::experimental::ScalarBase<phi::DenseTensor> const&, phi::DenseTensor*))>::Compute(phi::KernelContext*)
9   void phi::ConcatKernel<float, phi::GPUContext>(phi::GPUContext const&, std::vector<phi::DenseTensor const*, std::allocator<phi::DenseTensor const*> > const&, paddle::experimental::ScalarBase<phi::DenseTensor> const&, phi::DenseTensor*)
10  float* phi::DeviceContext::Alloc<float>(phi::TensorBase*, unsigned long, bool) const
11  phi::DenseTensor::AllocateFrom(phi::Allocator*, phi::DataType, unsigned long, bool)
12  paddle::memory::allocation::Allocator::Allocate(unsigned long)
13  paddle::memory::allocation::StatAllocator::AllocateImpl(unsigned long)
14  paddle::memory::allocation::Allocator::Allocate(unsigned long)
15  paddle::memory::allocation::Allocator::Allocate(unsigned long)
16  paddle::memory::allocation::Allocator::Allocate(unsigned long)
17  paddle::memory::allocation::Allocator::Allocate(unsigned long)
18  std::string phi::enforce::GetCompleteTraceBackString<std::string >(std::string&&, char const*, int)
19  common::enforce::GetCurrentTraceBackString[abi:cxx11](bool)

----------------------
Error Message Summary:
----------------------
ResourceExhaustedError: 

Out of memory error on GPU 0. Cannot allocate 51.269531MB memory on GPU 0, 14.528259GB memory has been allocated and available memory is only 34.750000MB.

Please check whether there is any other process using GPU 0.
1. If yes, please stop them, or start PaddlePaddle on another GPU.
2. If no, please decrease the batch size of your model. 
 (at /paddle/paddle/phi/core/memory/allocation/cuda_allocator.cc:71)

2026-05-14 05:06:47,687 - INFO - Processing page 2/4
2026-05-14 05:06:58,654 - ERROR - Error processing page 2: Exception from the 'cv' worker: 

--------------------------------------
C++ Traceback (most recent call last):
--------------------------------------
0   paddle::AnalysisPredictor::ZeroCopyRun(bool)
1   paddle::framework::NaiveExecutor::RunInterpreterCore(std::vector<std::string, std::allocator<std::string > > const&, bool, bool)
2   paddle::framework::InterpreterCore::Run(std::vector<std::string, std::allocator<std::string > > const&, bool, bool, bool, bool)
3   paddle::framework::PirInterpreter::Run(std::vector<std::string, std::allocator<std::string > > const&, bool, bool, bool, bool)
4   paddle::framework::PirInterpreter::TraceRunImpl()
5   paddle::framework::PirInterpreter::TraceRunInstructionList(std::vector<std::unique_ptr<paddle::framework::InstructionBase, std::default_delete<paddle::framework::InstructionBase> >, std::allocator<std::unique_ptr<paddle::framework::InstructionBase, std::default_delete<paddle::framework::InstructionBase> > > > const&)
6   paddle::framework::PirInterpreter::RunInstructionBase(paddle::framework::InstructionBase*)
7   paddle::framework::PhiKernelInstruction::Run()
8   void phi::KernelImpl<void (*)(phi::GPUContext const&, phi::DenseTensor const&, phi::DenseTensor const&, phi::DenseTensor const&, paddle::optional<phi::DenseTensor> const&, std::vector<int, std::allocator<int> > const&, std::vector<int, std::allocator<int> > const&, std::string const&, std::vector<int, std::allocator<int> > const&, int, std::string const&, std::string const&, std::vector<int, std::allocator<int> > const&, bool, int, float, phi::DenseTensor*, std::vector<phi::DenseTensor*, std::allocator<phi::DenseTensor*> >), &(void phi::fusion::FusedConv2dAddActKernel<float, phi::GPUContext>(phi::GPUContext const&, phi::DenseTensor const&, phi::DenseTensor const&, phi::DenseTensor const&, paddle::optional<phi::DenseTensor> const&, std::vector<int, std::allocator<int> > const&, std::vector<int, std::allocator<int> > const&, std::string const&, std::vector<int, std::allocator<int> > const&, int, std::string const&, std::string const&, std::vector<int, std::allocator<int> > const&, bool, int, float, phi::DenseTensor*, std::vector<phi::DenseTensor*, std::allocator<phi::DenseTensor*> >))>::KernelCallHelper<paddle::optional<phi::DenseTensor> const&, std::vector<int, std::allocator<int> > const&, std::vector<int, std::allocator<int> > const&, std::string const&, std::vector<int, std::allocator<int> > const&, int, std::string const&, std::string const&, std::vector<int, std::allocator<int> > const&, bool, int, float, phi::DenseTensor*, std::vector<phi::DenseTensor*, std::allocator<phi::DenseTensor*> >, phi::TypeTag<int> >::Compute<1, 3, 0, 0, phi::GPUContext const, phi::DenseTensor const, phi::DenseTensor const, phi::DenseTensor const>(phi::KernelContext*, phi::GPUContext const&, phi::DenseTensor const&, phi::DenseTensor const&, phi::DenseTensor const&)
9   void phi::fusion::FusedConv2dAddActKernel<float, phi::GPUContext>(phi::GPUContext const&, phi::DenseTensor const&, phi::DenseTensor const&, phi::DenseTensor const&, paddle::optional<phi::DenseTensor> const&, std::vector<int, std::allocator<int> > const&, std::vector<int, std::allocator<int> > const&, std::string const&, std::vector<int, std::allocator<int> > const&, int, std::string const&, std::string const&, std::vector<int, std::allocator<int> > const&, bool, int, float, phi::DenseTensor*, std::vector<phi::DenseTensor*, std::allocator<phi::DenseTensor*> >)
10  float* phi::DeviceContext::Alloc<float>(phi::TensorBase*, unsigned long, bool) const
11  phi::DenseTensor::AllocateFrom(phi::Allocator*, phi::DataType, unsigned long, bool)
12  paddle::memory::allocation::Allocator::Allocate(unsigned long)
13  paddle::memory::allocation::StatAllocator::AllocateImpl(unsigned long)
14  paddle::memory::allocation::Allocator::Allocate(unsigned long)
15  paddle::memory::allocation::Allocator::Allocate(unsigned long)
16  paddle::memory::allocation::Allocator::Allocate(unsigned long)
17  paddle::memory::allocation::Allocator::Allocate(unsigned long)
18  std::string phi::enforce::GetCompleteTraceBackString<std::string >(std::string&&, char const*, int)
19  common::enforce::GetCurrentTraceBackString[abi:cxx11](bool)

----------------------
Error Message Summary:
----------------------
ResourceExhaustedError: 

Out of memory error on GPU 0. Cannot allocate 19.629150MB memory on GPU 0, 14.547791GB memory has been allocated and available memory is only 14.750000MB.

Please check whether there is any other process using GPU 0.
1. If yes, please stop them, or start PaddlePaddle on another GPU.
2. If no, please decrease the batch size of your model. 
 (at /paddle/paddle/phi/core/memory/allocation/cuda_allocator.cc:71)

2026-05-14 05:06:58,654 - INFO - Processing page 3/4
2026-05-14 05:07:09,649 - ERROR - Error processing page 3: Exception from the 'cv' worker: 

--------------------------------------
C++ Traceback (most recent call last):
--------------------------------------
0   paddle::AnalysisPredictor::ZeroCopyRun(bool)
1   paddle::framework::NaiveExecutor::RunInterpreterCore(std::vector<std::string, std::allocator<std::string > > const&, bool, bool)
2   paddle::framework::InterpreterCore::Run(std::vector<std::string, std::allocator<std::string > > const&, bool, bool, bool, bool)
3   paddle::framework::PirInterpreter::Run(std::vector<std::string, std::allocator<std::string > > const&, bool, bool, bool, bool)
4   paddle::framework::PirInterpreter::TraceRunImpl()
5   paddle::framework::PirInterpreter::TraceRunInstructionList(std::vector<std::unique_ptr<paddle::framework::InstructionBase, std::default_delete<paddle::framework::InstructionBase> >, std::allocator<std::unique_ptr<paddle::framework::InstructionBase, std::default_delete<paddle::framework::InstructionBase> > > > const&)
6   paddle::framework::PirInterpreter::RunInstructionBase(paddle::framework::InstructionBase*)
7   paddle::framework::PhiKernelInstruction::Run()
8   void phi::KernelImpl<void (*)(phi::GPUContext const&, phi::DenseTensor const&, phi::DenseTensor const&, phi::DenseTensor const&, paddle::optional<phi::DenseTensor> const&, std::vector<int, std::allocator<int> > const&, std::vector<int, std::allocator<int> > const&, std::string const&, std::vector<int, std::allocator<int> > const&, int, std::string const&, std::string const&, std::vector<int, std::allocator<int> > const&, bool, int, float, phi::DenseTensor*, std::vector<phi::DenseTensor*, std::allocator<phi::DenseTensor*> >), &(void phi::fusion::FusedConv2dAddActKernel<float, phi::GPUContext>(phi::GPUContext const&, phi::DenseTensor const&, phi::DenseTensor const&, phi::DenseTensor const&, paddle::optional<phi::DenseTensor> const&, std::vector<int, std::allocator<int> > const&, std::vector<int, std::allocator<int> > const&, std::string const&, std::vector<int, std::allocator<int> > const&, int, std::string const&, std::string const&, std::vector<int, std::allocator<int> > const&, bool, int, float, phi::DenseTensor*, std::vector<phi::DenseTensor*, std::allocator<phi::DenseTensor*> >))>::KernelCallHelper<paddle::optional<phi::DenseTensor> const&, std::vector<int, std::allocator<int> > const&, std::vector<int, std::allocator<int> > const&, std::string const&, std::vector<int, std::allocator<int> > const&, int, std::string const&, std::string const&, std::vector<int, std::allocator<int> > const&, bool, int, float, phi::DenseTensor*, std::vector<phi::DenseTensor*, std::allocator<phi::DenseTensor*> >, phi::TypeTag<int> >::Compute<1, 3, 0, 0, phi::GPUContext const, phi::DenseTensor const, phi::DenseTensor const, phi::DenseTensor const>(phi::KernelContext*, phi::GPUContext const&, phi::DenseTensor const&, phi::DenseTensor const&, phi::DenseTensor const&)
9   void phi::fusion::FusedConv2dAddActKernel<float, phi::GPUContext>(phi::GPUContext const&, phi::DenseTensor const&, phi::DenseTensor const&, phi::DenseTensor const&, paddle::optional<phi::DenseTensor> const&, std::vector<int, std::allocator<int> > const&, std::vector<int, std::allocator<int> > const&, std::string const&, std::vector<int, std::allocator<int> > const&, int, std::string const&, std::string const&, std::vector<int, std::allocator<int> > const&, bool, int, float, phi::DenseTensor*, std::vector<phi::DenseTensor*, std::allocator<phi::DenseTensor*> >)
10  float* phi::DeviceContext::Alloc<float>(phi::TensorBase*, unsigned long, bool) const
11  phi::DenseTensor::AllocateFrom(phi::Allocator*, phi::DataType, unsigned long, bool)
12  paddle::memory::allocation::Allocator::Allocate(unsigned long)
13  paddle::memory::allocation::StatAllocator::AllocateImpl(unsigned long)
14  paddle::memory::allocation::Allocator::Allocate(unsigned long)
15  paddle::memory::allocation::Allocator::Allocate(unsigned long)
16  paddle::memory::allocation::Allocator::Allocate(unsigned long)
17  paddle::memory::allocation::Allocator::Allocate(unsigned long)
18  std::string phi::enforce::GetCompleteTraceBackString<std::string >(std::string&&, char const*, int)
19  common::enforce::GetCurrentTraceBackString[abi:cxx11](bool)

----------------------
Error Message Summary:
----------------------
ResourceExhaustedError: 

Out of memory error on GPU 0. Cannot allocate 19.629150MB memory on GPU 0, 14.547791GB memory has been allocated and available memory is only 14.750000MB.

Please check whether there is any other process using GPU 0.
1. If yes, please stop them, or start PaddlePaddle on another GPU.
2. If no, please decrease the batch size of your model. 
 (at /paddle/paddle/phi/core/memory/allocation/cuda_allocator.cc:71)

2026-05-14 05:07:09,650 - INFO - Processing page 4/4
2026-05-14 05:07:20,622 - ERROR - Error processing page 4: Exception from the 'cv' worker: 

--------------------------------------
C++ Traceback (most recent call last):
--------------------------------------
0   paddle::AnalysisPredictor::ZeroCopyRun(bool)
1   paddle::framework::NaiveExecutor::RunInterpreterCore(std::vector<std::string, std::allocator<std::string > > const&, bool, bool)
2   paddle::framework::InterpreterCore::Run(std::vector<std::string, std::allocator<std::string > > const&, bool, bool, bool, bool)
3   paddle::framework::PirInterpreter::Run(std::vector<std::string, std::allocator<std::string > > const&, bool, bool, bool, bool)
4   paddle::framework::PirInterpreter::TraceRunImpl()
5   paddle::framework::PirInterpreter::TraceRunInstructionList(std::vector<std::unique_ptr<paddle::framework::InstructionBase, std::default_delete<paddle::framework::InstructionBase> >, std::allocator<std::unique_ptr<paddle::framework::InstructionBase, std::default_delete<paddle::framework::InstructionBase> > > > const&)
6   paddle::framework::PirInterpreter::RunInstructionBase(paddle::framework::InstructionBase*)
7   paddle::framework::PhiKernelInstruction::Run()
8   void phi::KernelImpl<void (*)(phi::GPUContext const&, phi::DenseTensor const&, phi::DenseTensor const&, phi::DenseTensor const&, paddle::optional<phi::DenseTensor> const&, std::vector<int, std::allocator<int> > const&, std::vector<int, std::allocator<int> > const&, std::string const&, std::vector<int, std::allocator<int> > const&, int, std::string const&, std::string const&, std::vector<int, std::allocator<int> > const&, bool, int, float, phi::DenseTensor*, std::vector<phi::DenseTensor*, std::allocator<phi::DenseTensor*> >), &(void phi::fusion::FusedConv2dAddActKernel<float, phi::GPUContext>(phi::GPUContext const&, phi::DenseTensor const&, phi::DenseTensor const&, phi::DenseTensor const&, paddle::optional<phi::DenseTensor> const&, std::vector<int, std::allocator<int> > const&, std::vector<int, std::allocator<int> > const&, std::string const&, std::vector<int, std::allocator<int> > const&, int, std::string const&, std::string const&, std::vector<int, std::allocator<int> > const&, bool, int, float, phi::DenseTensor*, std::vector<phi::DenseTensor*, std::allocator<phi::DenseTensor*> >))>::KernelCallHelper<paddle::optional<phi::DenseTensor> const&, std::vector<int, std::allocator<int> > const&, std::vector<int, std::allocator<int> > const&, std::string const&, std::vector<int, std::allocator<int> > const&, int, std::string const&, std::string const&, std::vector<int, std::allocator<int> > const&, bool, int, float, phi::DenseTensor*, std::vector<phi::DenseTensor*, std::allocator<phi::DenseTensor*> >, phi::TypeTag<int> >::Compute<1, 3, 0, 0, phi::GPUContext const, phi::DenseTensor const, phi::DenseTensor const, phi::DenseTensor const>(phi::KernelContext*, phi::GPUContext const&, phi::DenseTensor const&, phi::DenseTensor const&, phi::DenseTensor const&)
9   void phi::fusion::FusedConv2dAddActKernel<float, phi::GPUContext>(phi::GPUContext const&, phi::DenseTensor const&, phi::DenseTensor const&, phi::DenseTensor const&, paddle::optional<phi::DenseTensor> const&, std::vector<int, std::allocator<int> > const&, std::vector<int, std::allocator<int> > const&, std::string const&, std::vector<int, std::allocator<int> > const&, int, std::string const&, std::string const&, std::vector<int, std::allocator<int> > const&, bool, int, float, phi::DenseTensor*, std::vector<phi::DenseTensor*, std::allocator<phi::DenseTensor*> >)
10  float* phi::DeviceContext::Alloc<float>(phi::TensorBase*, unsigned long, bool) const
11  phi::DenseTensor::AllocateFrom(phi::Allocator*, phi::DataType, unsigned long, bool)
12  paddle::memory::allocation::Allocator::Allocate(unsigned long)
13  paddle::memory::allocation::StatAllocator::AllocateImpl(unsigned long)
14  paddle::memory::allocation::Allocator::Allocate(unsigned long)
15  paddle::memory::allocation::Allocator::Allocate(unsigned long)
16  paddle::memory::allocation::Allocator::Allocate(unsigned long)
17  paddle::memory::allocation::Allocator::Allocate(unsigned long)
18  std::string phi::enforce::GetCompleteTraceBackString<std::string >(std::string&&, char const*, int)
19  common::enforce::GetCurrentTraceBackString[abi:cxx11](bool)

----------------------
Error Message Summary:
----------------------
ResourceExhaustedError: 

Out of memory error on GPU 0. Cannot allocate 19.629150MB memory on GPU 0, 14.547791GB memory has been allocated and available memory is only 14.750000MB.

Please check whether there is any other process using GPU 0.
1. If yes, please stop them, or start PaddlePaddle on another GPU.
2. If no, please decrease the batch size of your model. 
 (at /paddle/paddle/phi/core/memory/allocation/cuda_allocator.cc:71)

2026-05-14 05:13:09,910 - INFO - Processing PDF: invoices/108563_mrRaj_invoice.pdf
2026-05-14 05:13:10,368 - INFO - Processing page 1/4
2026-05-14 05:13:20,016 - INFO - HTTP Request: POST http://localhost:8000/v1/chat/completions "HTTP/1.1 200 OK"
2026-05-14 05:13:20,050 - INFO - HTTP Request: POST http://localhost:8000/v1/chat/completions "HTTP/1.1 200 OK"
2026-05-14 05:13:20,051 - INFO - HTTP Request: POST http://localhost:8000/v1/chat/completions "HTTP/1.1 200 OK"
2026-05-14 05:13:20,055 - INFO - HTTP Request: POST http://localhost:8000/v1/chat/completions "HTTP/1.1 200 OK"
2026-05-14 05:13:20,060 - INFO - HTTP Request: POST http://localhost:8000/v1/chat/completions "HTTP/1.1 200 OK"
2026-05-14 05:13:20,080 - INFO - HTTP Request: POST http://localhost:8000/v1/chat/completions "HTTP/1.1 200 OK"
2026-05-14 05:13:20,209 - INFO - HTTP Request: POST http://localhost:8000/v1/chat/completions "HTTP/1.1 200 OK"
2026-05-14 05:13:20,213 - INFO - HTTP Request: POST http://localhost:8000/v1/chat/completions "HTTP/1.1 200 OK"
2026-05-14 05:13:20,255 - INFO - HTTP Request: POST http://localhost:8000/v1/chat/completions "HTTP/1.1 200 OK"
2026-05-14 05:13:20,293 - INFO - HTTP Request: POST http://localhost:8000/v1/chat/completions "HTTP/1.1 200 OK"
2026-05-14 05:13:20,335 - INFO - HTTP Request: POST http://localhost:8000/v1/chat/completions "HTTP/1.1 200 OK"
2026-05-14 05:13:21,212 - INFO - HTTP Request: POST http://localhost:8000/v1/chat/completions "HTTP/1.1 200 OK"
2026-05-14 05:13:25,733 - INFO - HTTP Request: POST http://localhost:8000/v1/chat/completions "HTTP/1.1 200 OK"
2026-05-14 05:13:37,973 - INFO - HTTP Request: POST http://localhost:8001/v1/chat/completions "HTTP/1.1 200 OK"
2026-05-14 05:13:37,975 - INFO - Page 1 processed successfully
2026-05-14 05:13:37,975 - INFO - Processing page 2/4
2026-05-14 05:13:39,576 - INFO - HTTP Request: POST http://localhost:8000/v1/chat/completions "HTTP/1.1 200 OK"
2026-05-14 05:13:39,586 - INFO - HTTP Request: POST http://localhost:8000/v1/chat/completions "HTTP/1.1 200 OK"
2026-05-14 05:13:39,587 - INFO - HTTP Request: POST http://localhost:8000/v1/chat/completions "HTTP/1.1 200 OK"
2026-05-14 05:13:39,726 - INFO - HTTP Request: POST http://localhost:8000/v1/chat/completions "HTTP/1.1 200 OK"
2026-05-14 05:13:39,734 - INFO - HTTP Request: POST http://localhost:8000/v1/chat/completions "HTTP/1.1 200 OK"
2026-05-14 05:13:39,806 - INFO - HTTP Request: POST http://localhost:8000/v1/chat/completions "HTTP/1.1 200 OK"
2026-05-14 05:13:39,852 - INFO - HTTP Request: POST http://localhost:8000/v1/chat/completions "HTTP/1.1 200 OK"
2026-05-14 05:13:40,708 - INFO - HTTP Request: POST http://localhost:8000/v1/chat/completions "HTTP/1.1 200 OK"
2026-05-14 05:13:44,649 - INFO - HTTP Request: POST http://localhost:8000/v1/chat/completions "HTTP/1.1 200 OK"
2026-05-14 05:14:10,488 - INFO - Processing Image: uploads/2234c4bc-c1d5-4c0d-b1f6-d40fdaf874c7.jpg
2026-05-14 05:14:10,489 - INFO - Processing page 1/1
2026-05-14 05:14:15,233 - INFO - HTTP Request: POST http://localhost:8000/v1/chat/completions "HTTP/1.1 200 OK"
2026-05-14 05:14:15,249 - INFO - HTTP Request: POST http://localhost:8000/v1/chat/completions "HTTP/1.1 200 OK"
2026-05-14 05:14:15,281 - INFO - HTTP Request: POST http://localhost:8000/v1/chat/completions "HTTP/1.1 200 OK"
2026-05-14 05:14:15,294 - INFO - HTTP Request: POST http://localhost:8000/v1/chat/completions "HTTP/1.1 200 OK"
2026-05-14 05:14:15,295 - INFO - HTTP Request: POST http://localhost:8000/v1/chat/completions "HTTP/1.1 200 OK"
2026-05-14 05:14:15,296 - INFO - HTTP Request: POST http://localhost:8000/v1/chat/completions "HTTP/1.1 200 OK"
2026-05-14 05:14:15,412 - INFO - HTTP Request: POST http://localhost:8000/v1/chat/completions "HTTP/1.1 200 OK"
2026-05-14 05:14:15,472 - INFO - HTTP Request: POST http://localhost:8000/v1/chat/completions "HTTP/1.1 200 OK"
2026-05-14 05:14:15,740 - INFO - HTTP Request: POST http://localhost:8000/v1/chat/completions "HTTP/1.1 200 OK"
2026-05-14 05:14:15,760 - INFO - HTTP Request: POST http://localhost:8000/v1/chat/completions "HTTP/1.1 200 OK"
2026-05-14 05:14:15,820 - INFO - HTTP Request: POST http://localhost:8000/v1/chat/completions "HTTP/1.1 200 OK"
2026-05-14 05:14:15,822 - INFO - HTTP Request: POST http://localhost:8000/v1/chat/completions "HTTP/1.1 200 OK"
2026-05-14 05:14:15,889 - INFO - HTTP Request: POST http://localhost:8000/v1/chat/completions "HTTP/1.1 200 OK"
2026-05-14 05:14:17,039 - INFO - HTTP Request: POST http://localhost:8000/v1/chat/completions "HTTP/1.1 200 OK"
2026-05-14 05:14:24,719 - INFO - HTTP Request: POST http://localhost:8001/v1/chat/completions "HTTP/1.1 200 OK"
2026-05-14 05:14:24,721 - INFO - Page 1 processed successfully
2026-05-14 05:14:31,511 - INFO - HTTP Request: POST http://localhost:8001/v1/chat/completions "HTTP/1.1 200 OK"
2026-05-14 05:14:31,514 - INFO - Page 2 processed successfully
2026-05-14 05:14:31,514 - INFO - Processing page 3/4
2026-05-14 05:14:33,103 - INFO - HTTP Request: POST http://localhost:8000/v1/chat/completions "HTTP/1.1 200 OK"
2026-05-14 05:14:33,113 - INFO - HTTP Request: POST http://localhost:8000/v1/chat/completions "HTTP/1.1 200 OK"
2026-05-14 05:14:33,122 - INFO - HTTP Request: POST http://localhost:8000/v1/chat/completions "HTTP/1.1 200 OK"
2026-05-14 05:14:33,262 - INFO - HTTP Request: POST http://localhost:8000/v1/chat/completions "HTTP/1.1 200 OK"
2026-05-14 05:14:33,266 - INFO - HTTP Request: POST http://localhost:8000/v1/chat/completions "HTTP/1.1 200 OK"
2026-05-14 05:14:33,339 - INFO - HTTP Request: POST http://localhost:8000/v1/chat/completions "HTTP/1.1 200 OK"
2026-05-14 05:14:33,385 - INFO - HTTP Request: POST http://localhost:8000/v1/chat/completions "HTTP/1.1 200 OK"
2026-05-14 05:14:34,245 - INFO - HTTP Request: POST http://localhost:8000/v1/chat/completions "HTTP/1.1 200 OK"
2026-05-14 05:14:38,816 - INFO - HTTP Request: POST http://localhost:8000/v1/chat/completions "HTTP/1.1 200 OK"
2026-05-14 05:14:43,740 - INFO - HTTP Request: POST http://localhost:8001/v1/chat/completions "HTTP/1.1 200 OK"
2026-05-14 05:14:43,741 - INFO - Page 3 processed successfully
2026-05-14 05:14:43,741 - INFO - Processing page 4/4
2026-05-14 05:14:45,319 - INFO - HTTP Request: POST http://localhost:8000/v1/chat/completions "HTTP/1.1 200 OK"
2026-05-14 05:14:45,328 - INFO - HTTP Request: POST http://localhost:8000/v1/chat/completions "HTTP/1.1 200 OK"
2026-05-14 05:14:45,333 - INFO - HTTP Request: POST http://localhost:8000/v1/chat/completions "HTTP/1.1 200 OK"
2026-05-14 05:14:45,478 - INFO - HTTP Request: POST http://localhost:8000/v1/chat/completions "HTTP/1.1 200 OK"
2026-05-14 05:14:45,489 - INFO - HTTP Request: POST http://localhost:8000/v1/chat/completions "HTTP/1.1 200 OK"
2026-05-14 05:14:45,556 - INFO - HTTP Request: POST http://localhost:8000/v1/chat/completions "HTTP/1.1 200 OK"
2026-05-14 05:14:45,634 - INFO - HTTP Request: POST http://localhost:8000/v1/chat/completions "HTTP/1.1 200 OK"
2026-05-14 05:14:46,507 - INFO - HTTP Request: POST http://localhost:8000/v1/chat/completions "HTTP/1.1 200 OK"
2026-05-14 05:14:50,148 - INFO - HTTP Request: POST http://localhost:8000/v1/chat/completions "HTTP/1.1 200 OK"
2026-05-14 05:15:41,246 - INFO - HTTP Request: POST http://localhost:8001/v1/chat/completions "HTTP/1.1 200 OK"
2026-05-14 05:15:41,247 - INFO - Page 4 processed successfully
2026-05-14 07:13:27,091 - INFO - Processing PDF: invoices/108563_mrRaj_invoice.pdf
2026-05-14 07:13:27,640 - INFO - Processing page 1/4
2026-05-14 07:13:37,415 - INFO - HTTP Request: POST http://localhost:8000/v1/chat/completions "HTTP/1.1 200 OK"
2026-05-14 07:13:37,426 - INFO - HTTP Request: POST http://localhost:8000/v1/chat/completions "HTTP/1.1 200 OK"
2026-05-14 07:13:37,449 - INFO - HTTP Request: POST http://localhost:8000/v1/chat/completions "HTTP/1.1 200 OK"
2026-05-14 07:13:37,454 - INFO - HTTP Request: POST http://localhost:8000/v1/chat/completions "HTTP/1.1 200 OK"
2026-05-14 07:13:37,455 - INFO - HTTP Request: POST http://localhost:8000/v1/chat/completions "HTTP/1.1 200 OK"
2026-05-14 07:13:37,462 - INFO - HTTP Request: POST http://localhost:8000/v1/chat/completions "HTTP/1.1 200 OK"
2026-05-14 07:13:37,597 - INFO - HTTP Request: POST http://localhost:8000/v1/chat/completions "HTTP/1.1 200 OK"
2026-05-14 07:13:37,601 - INFO - HTTP Request: POST http://localhost:8000/v1/chat/completions "HTTP/1.1 200 OK"
2026-05-14 07:13:37,643 - INFO - HTTP Request: POST http://localhost:8000/v1/chat/completions "HTTP/1.1 200 OK"
2026-05-14 07:13:37,685 - INFO - HTTP Request: POST http://localhost:8000/v1/chat/completions "HTTP/1.1 200 OK"
2026-05-14 07:13:37,722 - INFO - HTTP Request: POST http://localhost:8000/v1/chat/completions "HTTP/1.1 200 OK"
2026-05-14 07:13:38,601 - INFO - HTTP Request: POST http://localhost:8000/v1/chat/completions "HTTP/1.1 200 OK"
2026-05-14 07:13:43,060 - INFO - HTTP Request: POST http://localhost:8000/v1/chat/completions "HTTP/1.1 200 OK"
2026-05-14 07:13:51,034 - INFO - HTTP Request: POST http://localhost:8001/v1/chat/completions "HTTP/1.1 200 OK"
2026-05-14 07:13:51,035 - INFO - Page 1 processed successfully
2026-05-14 07:13:51,035 - INFO - Processing page 2/4
2026-05-14 07:13:51,751 - INFO - HTTP Request: POST http://localhost:8000/v1/chat/completions "HTTP/1.1 200 OK"
2026-05-14 07:13:52,535 - INFO - HTTP Request: POST http://localhost:8000/v1/chat/completions "HTTP/1.1 200 OK"
2026-05-14 07:13:52,539 - INFO - HTTP Request: POST http://localhost:8000/v1/chat/completions "HTTP/1.1 200 OK"
2026-05-14 07:13:52,679 - INFO - HTTP Request: POST http://localhost:8000/v1/chat/completions "HTTP/1.1 200 OK"
2026-05-14 07:13:52,688 - INFO - HTTP Request: POST http://localhost:8000/v1/chat/completions "HTTP/1.1 200 OK"
2026-05-14 07:13:52,763 - INFO - HTTP Request: POST http://localhost:8000/v1/chat/completions "HTTP/1.1 200 OK"
2026-05-14 07:13:52,809 - INFO - HTTP Request: POST http://localhost:8000/v1/chat/completions "HTTP/1.1 200 OK"
2026-05-14 07:13:53,651 - INFO - HTTP Request: POST http://localhost:8000/v1/chat/completions "HTTP/1.1 200 OK"
2026-05-14 07:13:57,530 - INFO - HTTP Request: POST http://localhost:8000/v1/chat/completions "HTTP/1.1 200 OK"
2026-05-14 07:14:35,767 - INFO - HTTP Request: POST http://localhost:8001/v1/chat/completions "HTTP/1.1 200 OK"
2026-05-14 07:14:35,768 - INFO - Page 2 processed successfully
2026-05-14 07:14:35,768 - INFO - Processing page 3/4
2026-05-14 07:14:37,266 - INFO - HTTP Request: POST http://localhost:8000/v1/chat/completions "HTTP/1.1 200 OK"
2026-05-14 07:14:37,271 - INFO - HTTP Request: POST http://localhost:8000/v1/chat/completions "HTTP/1.1 200 OK"
2026-05-14 07:14:37,287 - INFO - HTTP Request: POST http://localhost:8000/v1/chat/completions "HTTP/1.1 200 OK"
2026-05-14 07:14:37,421 - INFO - HTTP Request: POST http://localhost:8000/v1/chat/completions "HTTP/1.1 200 OK"
2026-05-14 07:14:37,430 - INFO - HTTP Request: POST http://localhost:8000/v1/chat/completions "HTTP/1.1 200 OK"
2026-05-14 07:14:37,501 - INFO - HTTP Request: POST http://localhost:8000/v1/chat/completions "HTTP/1.1 200 OK"
2026-05-14 07:14:37,543 - INFO - HTTP Request: POST http://localhost:8000/v1/chat/completions "HTTP/1.1 200 OK"
2026-05-14 07:14:38,401 - INFO - HTTP Request: POST http://localhost:8000/v1/chat/completions "HTTP/1.1 200 OK"
2026-05-14 07:14:42,907 - INFO - HTTP Request: POST http://localhost:8000/v1/chat/completions "HTTP/1.1 200 OK"
2026-05-14 07:14:47,453 - INFO - HTTP Request: POST http://localhost:8001/v1/chat/completions "HTTP/1.1 200 OK"
2026-05-14 07:14:47,454 - INFO - Page 3 processed successfully
2026-05-14 07:14:47,454 - INFO - Processing page 4/4
2026-05-14 07:14:48,933 - INFO - HTTP Request: POST http://localhost:8000/v1/chat/completions "HTTP/1.1 200 OK"
2026-05-14 07:14:48,943 - INFO - HTTP Request: POST http://localhost:8000/v1/chat/completions "HTTP/1.1 200 OK"
2026-05-14 07:14:48,952 - INFO - HTTP Request: POST http://localhost:8000/v1/chat/completions "HTTP/1.1 200 OK"
2026-05-14 07:14:49,089 - INFO - HTTP Request: POST http://localhost:8000/v1/chat/completions "HTTP/1.1 200 OK"
2026-05-14 07:14:49,097 - INFO - HTTP Request: POST http://localhost:8000/v1/chat/completions "HTTP/1.1 200 OK"
2026-05-14 07:14:49,173 - INFO - HTTP Request: POST http://localhost:8000/v1/chat/completions "HTTP/1.1 200 OK"
2026-05-14 07:14:49,249 - INFO - HTTP Request: POST http://localhost:8000/v1/chat/completions "HTTP/1.1 200 OK"
2026-05-14 07:14:50,090 - INFO - HTTP Request: POST http://localhost:8000/v1/chat/completions "HTTP/1.1 200 OK"
2026-05-14 07:14:53,622 - INFO - HTTP Request: POST http://localhost:8000/v1/chat/completions "HTTP/1.1 200 OK"
2026-05-14 07:15:10,537 - INFO - HTTP Request: POST http://localhost:8001/v1/chat/completions "HTTP/1.1 200 OK"
2026-05-14 07:15:10,538 - INFO - Page 4 processed successfully
2026-05-14 08:11:49,105 - INFO - Processing PDF: invoices/108563_mrRaj_invoice.pdf
2026-05-14 08:11:50,822 - INFO - Processing page 1/4
2026-05-14 08:12:00,213 - INFO - HTTP Request: POST http://localhost:8000/v1/chat/completions "HTTP/1.1 200 OK"
2026-05-14 08:12:00,266 - INFO - HTTP Request: POST http://localhost:8000/v1/chat/completions "HTTP/1.1 200 OK"
2026-05-14 08:12:00,267 - INFO - HTTP Request: POST http://localhost:8000/v1/chat/completions "HTTP/1.1 200 OK"
2026-05-14 08:12:00,267 - INFO - HTTP Request: POST http://localhost:8000/v1/chat/completions "HTTP/1.1 200 OK"
2026-05-14 08:12:00,269 - INFO - HTTP Request: POST http://localhost:8000/v1/chat/completions "HTTP/1.1 200 OK"
2026-05-14 08:12:00,271 - INFO - HTTP Request: POST http://localhost:8000/v1/chat/completions "HTTP/1.1 200 OK"
2026-05-14 08:12:00,375 - INFO - HTTP Request: POST http://localhost:8000/v1/chat/completions "HTTP/1.1 200 OK"
2026-05-14 08:12:00,379 - INFO - HTTP Request: POST http://localhost:8000/v1/chat/completions "HTTP/1.1 200 OK"
2026-05-14 08:12:00,417 - INFO - HTTP Request: POST http://localhost:8000/v1/chat/completions "HTTP/1.1 200 OK"
2026-05-14 08:12:00,459 - INFO - HTTP Request: POST http://localhost:8000/v1/chat/completions "HTTP/1.1 200 OK"
2026-05-14 08:12:00,496 - INFO - HTTP Request: POST http://localhost:8000/v1/chat/completions "HTTP/1.1 200 OK"
2026-05-14 08:12:01,354 - INFO - HTTP Request: POST http://localhost:8000/v1/chat/completions "HTTP/1.1 200 OK"
2026-05-14 08:12:05,831 - INFO - HTTP Request: POST http://localhost:8000/v1/chat/completions "HTTP/1.1 200 OK"
2026-05-14 08:12:15,753 - INFO - HTTP Request: POST http://localhost:8001/v1/chat/completions "HTTP/1.1 200 OK"
2026-05-14 08:12:15,757 - INFO - Page 1 processed successfully
2026-05-14 08:12:15,757 - INFO - Processing page 2/4
2026-05-14 08:12:17,237 - INFO - HTTP Request: POST http://localhost:8000/v1/chat/completions "HTTP/1.1 200 OK"
2026-05-14 08:12:17,246 - INFO - HTTP Request: POST http://localhost:8000/v1/chat/completions "HTTP/1.1 200 OK"
2026-05-14 08:12:17,261 - INFO - HTTP Request: POST http://localhost:8000/v1/chat/completions "HTTP/1.1 200 OK"
2026-05-14 08:12:17,392 - INFO - HTTP Request: POST http://localhost:8000/v1/chat/completions "HTTP/1.1 200 OK"
2026-05-14 08:12:17,396 - INFO - HTTP Request: POST http://localhost:8000/v1/chat/completions "HTTP/1.1 200 OK"
2026-05-14 08:12:17,476 - INFO - HTTP Request: POST http://localhost:8000/v1/chat/completions "HTTP/1.1 200 OK"
2026-05-14 08:12:17,517 - INFO - HTTP Request: POST http://localhost:8000/v1/chat/completions "HTTP/1.1 200 OK"
2026-05-14 08:12:18,365 - INFO - HTTP Request: POST http://localhost:8000/v1/chat/completions "HTTP/1.1 200 OK"
2026-05-14 08:12:22,403 - INFO - HTTP Request: POST http://localhost:8000/v1/chat/completions "HTTP/1.1 200 OK"
2026-05-14 08:13:10,192 - INFO - HTTP Request: POST http://localhost:8001/v1/chat/completions "HTTP/1.1 200 OK"
2026-05-14 08:13:10,194 - INFO - Page 2 processed successfully
2026-05-14 08:13:10,195 - INFO - Processing page 3/4
2026-05-14 08:13:11,649 - INFO - HTTP Request: POST http://localhost:8000/v1/chat/completions "HTTP/1.1 200 OK"
2026-05-14 08:13:11,695 - INFO - HTTP Request: POST http://localhost:8000/v1/chat/completions "HTTP/1.1 200 OK"
2026-05-14 08:13:11,705 - INFO - HTTP Request: POST http://localhost:8000/v1/chat/completions "HTTP/1.1 200 OK"
2026-05-14 08:13:11,850 - INFO - HTTP Request: POST http://localhost:8000/v1/chat/completions "HTTP/1.1 200 OK"
2026-05-14 08:13:11,859 - INFO - HTTP Request: POST http://localhost:8000/v1/chat/completions "HTTP/1.1 200 OK"
2026-05-14 08:13:11,934 - INFO - HTTP Request: POST http://localhost:8000/v1/chat/completions "HTTP/1.1 200 OK"
2026-05-14 08:13:11,975 - INFO - HTTP Request: POST http://localhost:8000/v1/chat/completions "HTTP/1.1 200 OK"
2026-05-14 08:13:12,834 - INFO - HTTP Request: POST http://localhost:8000/v1/chat/completions "HTTP/1.1 200 OK"
2026-05-14 08:13:17,407 - INFO - HTTP Request: POST http://localhost:8000/v1/chat/completions "HTTP/1.1 200 OK"
2026-05-14 08:13:22,193 - INFO - HTTP Request: POST http://localhost:8001/v1/chat/completions "HTTP/1.1 200 OK"
2026-05-14 08:13:22,194 - INFO - Page 3 processed successfully
2026-05-14 08:13:22,194 - INFO - Processing page 4/4
2026-05-14 08:13:23,700 - INFO - HTTP Request: POST http://localhost:8000/v1/chat/completions "HTTP/1.1 200 OK"
2026-05-14 08:13:23,704 - INFO - HTTP Request: POST http://localhost:8000/v1/chat/completions "HTTP/1.1 200 OK"
2026-05-14 08:13:23,718 - INFO - HTTP Request: POST http://localhost:8000/v1/chat/completions "HTTP/1.1 200 OK"
2026-05-14 08:13:23,854 - INFO - HTTP Request: POST http://localhost:8000/v1/chat/completions "HTTP/1.1 200 OK"
2026-05-14 08:13:23,863 - INFO - HTTP Request: POST http://localhost:8000/v1/chat/completions "HTTP/1.1 200 OK"
2026-05-14 08:13:23,935 - INFO - HTTP Request: POST http://localhost:8000/v1/chat/completions "HTTP/1.1 200 OK"
2026-05-14 08:13:24,010 - INFO - HTTP Request: POST http://localhost:8000/v1/chat/completions "HTTP/1.1 200 OK"
2026-05-14 08:13:24,840 - INFO - HTTP Request: POST http://localhost:8000/v1/chat/completions "HTTP/1.1 200 OK"
2026-05-14 08:13:28,360 - INFO - HTTP Request: POST http://localhost:8000/v1/chat/completions "HTTP/1.1 200 OK"
2026-05-14 08:13:36,133 - INFO - HTTP Request: POST http://localhost:8001/v1/chat/completions "HTTP/1.1 200 OK"
2026-05-14 08:13:36,134 - INFO - Page 4 processed successfully
2026-05-14 08:23:08,636 - INFO - Processing PDF: invoices/108563_mrRaj_invoice.pdf
2026-05-14 08:23:09,076 - INFO - Processing page 1/4
2026-05-14 08:23:09,858 - INFO - HTTP Request: POST http://localhost:8000/v1/chat/completions "HTTP/1.1 200 OK"
2026-05-14 08:23:09,863 - INFO - HTTP Request: POST http://localhost:8000/v1/chat/completions "HTTP/1.1 200 OK"
2026-05-14 08:23:09,865 - INFO - HTTP Request: POST http://localhost:8000/v1/chat/completions "HTTP/1.1 200 OK"
2026-05-14 08:23:09,865 - INFO - HTTP Request: POST http://localhost:8000/v1/chat/completions "HTTP/1.1 200 OK"
2026-05-14 08:23:09,870 - INFO - HTTP Request: POST http://localhost:8000/v1/chat/completions "HTTP/1.1 200 OK"
2026-05-14 08:23:09,879 - INFO - HTTP Request: POST http://localhost:8000/v1/chat/completions "HTTP/1.1 200 OK"
2026-05-14 08:23:10,008 - INFO - HTTP Request: POST http://localhost:8000/v1/chat/completions "HTTP/1.1 200 OK"
2026-05-14 08:23:10,017 - INFO - HTTP Request: POST http://localhost:8000/v1/chat/completions "HTTP/1.1 200 OK"
2026-05-14 08:23:10,072 - INFO - HTTP Request: POST http://localhost:8000/v1/chat/completions "HTTP/1.1 200 OK"
2026-05-14 08:23:10,130 - INFO - HTTP Request: POST http://localhost:8000/v1/chat/completions "HTTP/1.1 200 OK"
2026-05-14 08:23:10,182 - INFO - HTTP Request: POST http://localhost:8000/v1/chat/completions "HTTP/1.1 200 OK"
2026-05-14 08:23:11,155 - INFO - HTTP Request: POST http://localhost:8000/v1/chat/completions "HTTP/1.1 200 OK"
2026-05-14 08:23:15,610 - INFO - HTTP Request: POST http://localhost:8000/v1/chat/completions "HTTP/1.1 200 OK"
2026-05-14 08:23:23,714 - INFO - HTTP Request: POST http://localhost:8001/v1/chat/completions "HTTP/1.1 200 OK"
2026-05-14 08:23:23,715 - INFO - Page 1 processed successfully
2026-05-14 08:23:23,715 - INFO - Processing page 2/4
2026-05-14 08:23:24,430 - INFO - HTTP Request: POST http://localhost:8000/v1/chat/completions "HTTP/1.1 200 OK"
2026-05-14 08:23:24,434 - INFO - HTTP Request: POST http://localhost:8000/v1/chat/completions "HTTP/1.1 200 OK"
2026-05-14 08:23:24,446 - INFO - HTTP Request: POST http://localhost:8000/v1/chat/completions "HTTP/1.1 200 OK"
2026-05-14 08:23:24,594 - INFO - HTTP Request: POST http://localhost:8000/v1/chat/completions "HTTP/1.1 200 OK"
2026-05-14 08:23:24,595 - INFO - HTTP Request: POST http://localhost:8000/v1/chat/completions "HTTP/1.1 200 OK"
2026-05-14 08:23:24,655 - INFO - HTTP Request: POST http://localhost:8000/v1/chat/completions "HTTP/1.1 200 OK"
2026-05-14 08:23:24,719 - INFO - HTTP Request: POST http://localhost:8000/v1/chat/completions "HTTP/1.1 200 OK"
2026-05-14 08:23:25,557 - INFO - HTTP Request: POST http://localhost:8000/v1/chat/completions "HTTP/1.1 200 OK"
2026-05-14 08:23:29,464 - INFO - HTTP Request: POST http://localhost:8000/v1/chat/completions "HTTP/1.1 200 OK"
2026-05-14 08:23:36,321 - INFO - HTTP Request: POST http://localhost:8001/v1/chat/completions "HTTP/1.1 200 OK"
2026-05-14 08:23:36,322 - INFO - Page 2 processed successfully
2026-05-14 08:23:36,322 - INFO - Processing page 3/4
2026-05-14 08:23:36,989 - INFO - HTTP Request: POST http://localhost:8000/v1/chat/completions "HTTP/1.1 200 OK"
2026-05-14 08:23:36,998 - INFO - HTTP Request: POST http://localhost:8000/v1/chat/completions "HTTP/1.1 200 OK"
2026-05-14 08:23:37,008 - INFO - HTTP Request: POST http://localhost:8000/v1/chat/completions "HTTP/1.1 200 OK"
2026-05-14 08:23:37,145 - INFO - HTTP Request: POST http://localhost:8000/v1/chat/completions "HTTP/1.1 200 OK"
2026-05-14 08:23:37,154 - INFO - HTTP Request: POST http://localhost:8000/v1/chat/completions "HTTP/1.1 200 OK"
2026-05-14 08:23:37,221 - INFO - HTTP Request: POST http://localhost:8000/v1/chat/completions "HTTP/1.1 200 OK"
2026-05-14 08:23:37,263 - INFO - HTTP Request: POST http://localhost:8000/v1/chat/completions "HTTP/1.1 200 OK"
2026-05-14 08:23:38,119 - INFO - HTTP Request: POST http://localhost:8000/v1/chat/completions "HTTP/1.1 200 OK"
2026-05-14 08:23:42,604 - INFO - HTTP Request: POST http://localhost:8000/v1/chat/completions "HTTP/1.1 200 OK"
2026-05-14 08:23:51,637 - INFO - HTTP Request: POST http://localhost:8001/v1/chat/completions "HTTP/1.1 200 OK"
2026-05-14 08:23:51,638 - INFO - Page 3 processed successfully
2026-05-14 08:23:51,638 - INFO - Processing page 4/4
2026-05-14 08:23:52,243 - INFO - HTTP Request: POST http://localhost:8000/v1/chat/completions "HTTP/1.1 200 OK"
2026-05-14 08:23:52,247 - INFO - HTTP Request: POST http://localhost:8000/v1/chat/completions "HTTP/1.1 200 OK"
2026-05-14 08:23:52,256 - INFO - HTTP Request: POST http://localhost:8000/v1/chat/completions "HTTP/1.1 200 OK"
2026-05-14 08:23:52,402 - INFO - HTTP Request: POST http://localhost:8000/v1/chat/completions "HTTP/1.1 200 OK"
2026-05-14 08:23:52,406 - INFO - HTTP Request: POST http://localhost:8000/v1/chat/completions "HTTP/1.1 200 OK"
2026-05-14 08:23:52,460 - INFO - HTTP Request: POST http://localhost:8000/v1/chat/completions "HTTP/1.1 200 OK"
2026-05-14 08:23:52,552 - INFO - HTTP Request: POST http://localhost:8000/v1/chat/completions "HTTP/1.1 200 OK"
2026-05-14 08:23:53,364 - INFO - HTTP Request: POST http://localhost:8000/v1/chat/completions "HTTP/1.1 200 OK"
2026-05-14 08:23:56,964 - INFO - HTTP Request: POST http://localhost:8000/v1/chat/completions "HTTP/1.1 200 OK"
2026-05-14 08:24:47,378 - INFO - HTTP Request: POST http://localhost:8001/v1/chat/completions "HTTP/1.1 200 OK"
2026-05-14 08:24:47,380 - INFO - Page 4 processed successfully
2026-05-14 08:30:46,072 - INFO - Processing Image: invoices/demo.png
2026-05-14 08:30:46,073 - INFO - Processing page 1/1
2026-05-14 08:30:47,395 - INFO - HTTP Request: POST http://localhost:8000/v1/chat/completions "HTTP/1.1 200 OK"
2026-05-14 08:30:47,434 - INFO - HTTP Request: POST http://localhost:8000/v1/chat/completions "HTTP/1.1 200 OK"
2026-05-14 08:30:47,436 - INFO - HTTP Request: POST http://localhost:8000/v1/chat/completions "HTTP/1.1 200 OK"
2026-05-14 08:30:47,441 - INFO - HTTP Request: POST http://localhost:8000/v1/chat/completions "HTTP/1.1 200 OK"
2026-05-14 08:30:47,442 - INFO - HTTP Request: POST http://localhost:8000/v1/chat/completions "HTTP/1.1 200 OK"
2026-05-14 08:30:47,443 - INFO - HTTP Request: POST http://localhost:8000/v1/chat/completions "HTTP/1.1 200 OK"
2026-05-14 08:30:47,445 - INFO - HTTP Request: POST http://localhost:8000/v1/chat/completions "HTTP/1.1 200 OK"
2026-05-14 08:30:47,446 - INFO - HTTP Request: POST http://localhost:8000/v1/chat/completions "HTTP/1.1 200 OK"
2026-05-14 08:30:47,449 - INFO - HTTP Request: POST http://localhost:8000/v1/chat/completions "HTTP/1.1 200 OK"
2026-05-14 08:30:47,463 - INFO - HTTP Request: POST http://localhost:8000/v1/chat/completions "HTTP/1.1 200 OK"
2026-05-14 08:30:47,467 - INFO - HTTP Request: POST http://localhost:8000/v1/chat/completions "HTTP/1.1 200 OK"
2026-05-14 08:30:47,476 - INFO - HTTP Request: POST http://localhost:8000/v1/chat/completions "HTTP/1.1 200 OK"
2026-05-14 08:30:47,478 - INFO - HTTP Request: POST http://localhost:8000/v1/chat/completions "HTTP/1.1 200 OK"
2026-05-14 08:30:47,485 - INFO - HTTP Request: POST http://localhost:8000/v1/chat/completions "HTTP/1.1 200 OK"
2026-05-14 08:30:47,804 - INFO - HTTP Request: POST http://localhost:8000/v1/chat/completions "HTTP/1.1 200 OK"
2026-05-14 08:30:47,957 - INFO - HTTP Request: POST http://localhost:8000/v1/chat/completions "HTTP/1.1 200 OK"
2026-05-14 08:34:57,284 - INFO - HTTP Request: POST http://localhost:8001/v1/chat/completions "HTTP/1.1 200 OK"
2026-05-14 08:34:57,287 - INFO - Page 1 processed successfully
2026-05-14 08:47:49,904 - INFO - Processing Image: invoices/demo.png
2026-05-14 08:47:49,905 - INFO - Processing page 1/1
2026-05-14 08:47:52,598 - INFO - HTTP Request: POST http://localhost:8000/v1/chat/completions "HTTP/1.1 200 OK"
2026-05-14 08:47:52,611 - INFO - HTTP Request: POST http://localhost:8000/v1/chat/completions "HTTP/1.1 200 OK"
2026-05-14 08:47:52,612 - INFO - HTTP Request: POST http://localhost:8000/v1/chat/completions "HTTP/1.1 200 OK"
2026-05-14 08:47:52,612 - INFO - HTTP Request: POST http://localhost:8000/v1/chat/completions "HTTP/1.1 200 OK"
2026-05-14 08:47:52,613 - INFO - HTTP Request: POST http://localhost:8000/v1/chat/completions "HTTP/1.1 200 OK"
2026-05-14 08:47:52,614 - INFO - HTTP Request: POST http://localhost:8000/v1/chat/completions "HTTP/1.1 200 OK"
2026-05-14 08:47:52,614 - INFO - HTTP Request: POST http://localhost:8000/v1/chat/completions "HTTP/1.1 200 OK"
2026-05-14 08:47:52,615 - INFO - HTTP Request: POST http://localhost:8000/v1/chat/completions "HTTP/1.1 200 OK"
2026-05-14 08:47:52,620 - INFO - HTTP Request: POST http://localhost:8000/v1/chat/completions "HTTP/1.1 200 OK"
2026-05-14 08:47:52,627 - INFO - HTTP Request: POST http://localhost:8000/v1/chat/completions "HTTP/1.1 200 OK"
2026-05-14 08:47:52,631 - INFO - HTTP Request: POST http://localhost:8000/v1/chat/completions "HTTP/1.1 200 OK"
2026-05-14 08:47:52,640 - INFO - HTTP Request: POST http://localhost:8000/v1/chat/completions "HTTP/1.1 200 OK"
2026-05-14 08:47:52,641 - INFO - HTTP Request: POST http://localhost:8000/v1/chat/completions "HTTP/1.1 200 OK"
2026-05-14 08:47:52,648 - INFO - HTTP Request: POST http://localhost:8000/v1/chat/completions "HTTP/1.1 200 OK"
2026-05-14 08:47:52,968 - INFO - HTTP Request: POST http://localhost:8000/v1/chat/completions "HTTP/1.1 200 OK"
2026-05-14 08:47:53,118 - INFO - HTTP Request: POST http://localhost:8000/v1/chat/completions "HTTP/1.1 200 OK"
2026-05-14 08:48:01,660 - INFO - HTTP Request: POST http://localhost:8001/v1/chat/completions "HTTP/1.1 200 OK"
2026-05-14 08:48:01,661 - INFO - Page 1 processed successfully
2026-05-14 08:48:43,437 - INFO - Processing Image: invoices/demo.png
2026-05-14 08:48:43,437 - INFO - Processing page 1/1
2026-05-14 08:48:44,055 - INFO - HTTP Request: POST http://localhost:8000/v1/chat/completions "HTTP/1.1 200 OK"
2026-05-14 08:48:44,064 - INFO - HTTP Request: POST http://localhost:8000/v1/chat/completions "HTTP/1.1 200 OK"
2026-05-14 08:48:44,066 - INFO - HTTP Request: POST http://localhost:8000/v1/chat/completions "HTTP/1.1 200 OK"
2026-05-14 08:48:44,066 - INFO - HTTP Request: POST http://localhost:8000/v1/chat/completions "HTTP/1.1 200 OK"
2026-05-14 08:48:44,070 - INFO - HTTP Request: POST http://localhost:8000/v1/chat/completions "HTTP/1.1 200 OK"
2026-05-14 08:48:44,071 - INFO - HTTP Request: POST http://localhost:8000/v1/chat/completions "HTTP/1.1 200 OK"
2026-05-14 08:48:44,072 - INFO - HTTP Request: POST http://localhost:8000/v1/chat/completions "HTTP/1.1 200 OK"
2026-05-14 08:48:44,072 - INFO - HTTP Request: POST http://localhost:8000/v1/chat/completions "HTTP/1.1 200 OK"
2026-05-14 08:48:44,077 - INFO - HTTP Request: POST http://localhost:8000/v1/chat/completions "HTTP/1.1 200 OK"
2026-05-14 08:48:44,088 - INFO - HTTP Request: POST http://localhost:8000/v1/chat/completions "HTTP/1.1 200 OK"
2026-05-14 08:48:44,093 - INFO - HTTP Request: POST http://localhost:8000/v1/chat/completions "HTTP/1.1 200 OK"
2026-05-14 08:48:44,101 - INFO - HTTP Request: POST http://localhost:8000/v1/chat/completions "HTTP/1.1 200 OK"
2026-05-14 08:48:44,102 - INFO - HTTP Request: POST http://localhost:8000/v1/chat/completions "HTTP/1.1 200 OK"
2026-05-14 08:48:44,110 - INFO - HTTP Request: POST http://localhost:8000/v1/chat/completions "HTTP/1.1 200 OK"
2026-05-14 08:48:44,439 - INFO - HTTP Request: POST http://localhost:8000/v1/chat/completions "HTTP/1.1 200 OK"
2026-05-14 08:48:44,605 - INFO - HTTP Request: POST http://localhost:8000/v1/chat/completions "HTTP/1.1 200 OK"
2026-05-14 08:48:51,573 - INFO - HTTP Request: POST http://localhost:8001/v1/chat/completions "HTTP/1.1 200 OK"
2026-05-14 08:48:51,575 - INFO - Page 1 processed successfully
2026-05-14 08:56:07,315 - INFO - Processing Image: invoices/demo3.jpeg
2026-05-14 08:56:07,316 - INFO - Processing page 1/1
2026-05-14 08:56:08,546 - INFO - HTTP Request: POST http://localhost:8000/v1/chat/completions "HTTP/1.1 200 OK"
2026-05-14 08:56:08,551 - INFO - HTTP Request: POST http://localhost:8000/v1/chat/completions "HTTP/1.1 200 OK"
2026-05-14 08:56:08,556 - INFO - HTTP Request: POST http://localhost:8000/v1/chat/completions "HTTP/1.1 200 OK"
2026-05-14 08:56:08,562 - INFO - HTTP Request: POST http://localhost:8000/v1/chat/completions "HTTP/1.1 200 OK"
2026-05-14 08:56:08,563 - INFO - HTTP Request: POST http://localhost:8000/v1/chat/completions "HTTP/1.1 200 OK"
2026-05-14 08:56:08,566 - INFO - HTTP Request: POST http://localhost:8000/v1/chat/completions "HTTP/1.1 200 OK"
2026-05-14 08:56:08,571 - INFO - HTTP Request: POST http://localhost:8000/v1/chat/completions "HTTP/1.1 200 OK"
2026-05-14 08:56:08,580 - INFO - HTTP Request: POST http://localhost:8000/v1/chat/completions "HTTP/1.1 200 OK"
2026-05-14 08:56:08,590 - INFO - HTTP Request: POST http://localhost:8000/v1/chat/completions "HTTP/1.1 200 OK"
2026-05-14 08:56:08,602 - INFO - HTTP Request: POST http://localhost:8000/v1/chat/completions "HTTP/1.1 200 OK"
2026-05-14 08:56:08,607 - INFO - HTTP Request: POST http://localhost:8000/v1/chat/completions "HTTP/1.1 200 OK"
2026-05-14 08:56:08,615 - INFO - HTTP Request: POST http://localhost:8000/v1/chat/completions "HTTP/1.1 200 OK"
2026-05-14 08:56:08,657 - INFO - HTTP Request: POST http://localhost:8000/v1/chat/completions "HTTP/1.1 200 OK"
2026-05-14 08:56:09,434 - INFO - HTTP Request: POST http://localhost:8000/v1/chat/completions "HTTP/1.1 200 OK"
2026-05-14 08:56:15,539 - INFO - HTTP Request: POST http://localhost:8001/v1/chat/completions "HTTP/1.1 200 OK"
2026-05-14 08:56:15,541 - INFO - Page 1 processed successfully
2026-05-14 09:07:11,755 - INFO - Processing Image: invoices/demo3.jpeg
2026-05-14 09:07:11,756 - INFO - Processing page 1/1
2026-05-14 09:07:12,368 - INFO - HTTP Request: POST http://localhost:8000/v1/chat/completions "HTTP/1.1 200 OK"
2026-05-14 09:07:12,379 - INFO - HTTP Request: POST http://localhost:8000/v1/chat/completions "HTTP/1.1 200 OK"
2026-05-14 09:07:12,380 - INFO - HTTP Request: POST http://localhost:8000/v1/chat/completions "HTTP/1.1 200 OK"
2026-05-14 09:07:12,381 - INFO - HTTP Request: POST http://localhost:8000/v1/chat/completions "HTTP/1.1 200 OK"
2026-05-14 09:07:12,385 - INFO - HTTP Request: POST http://localhost:8000/v1/chat/completions "HTTP/1.1 200 OK"
2026-05-14 09:07:12,385 - INFO - HTTP Request: POST http://localhost:8000/v1/chat/completions "HTTP/1.1 200 OK"
2026-05-14 09:07:12,393 - INFO - HTTP Request: POST http://localhost:8000/v1/chat/completions "HTTP/1.1 200 OK"
2026-05-14 09:07:12,401 - INFO - HTTP Request: POST http://localhost:8000/v1/chat/completions "HTTP/1.1 200 OK"
2026-05-14 09:07:12,405 - INFO - HTTP Request: POST http://localhost:8000/v1/chat/completions "HTTP/1.1 200 OK"
2026-05-14 09:07:12,418 - INFO - HTTP Request: POST http://localhost:8000/v1/chat/completions "HTTP/1.1 200 OK"
2026-05-14 09:07:12,422 - INFO - HTTP Request: POST http://localhost:8000/v1/chat/completions "HTTP/1.1 200 OK"
2026-05-14 09:07:12,430 - INFO - HTTP Request: POST http://localhost:8000/v1/chat/completions "HTTP/1.1 200 OK"
2026-05-14 09:07:12,475 - INFO - HTTP Request: POST http://localhost:8000/v1/chat/completions "HTTP/1.1 200 OK"
2026-05-14 09:07:13,257 - INFO - HTTP Request: POST http://localhost:8000/v1/chat/completions "HTTP/1.1 200 OK"
2026-05-14 09:07:18,961 - INFO - HTTP Request: POST http://localhost:8001/v1/chat/completions "HTTP/1.1 200 OK"
2026-05-14 09:07:18,962 - INFO - Page 1 processed successfully
2026-05-14 09:12:04,558 - INFO - Processing Image: invoices/demo3.jpeg
2026-05-14 09:12:04,559 - INFO - Processing page 1/1
2026-05-14 09:12:05,875 - INFO - HTTP Request: POST http://localhost:8000/v1/chat/completions "HTTP/1.1 200 OK"
2026-05-14 09:12:05,879 - INFO - HTTP Request: POST http://localhost:8000/v1/chat/completions "HTTP/1.1 200 OK"
2026-05-14 09:12:05,880 - INFO - HTTP Request: POST http://localhost:8000/v1/chat/completions "HTTP/1.1 200 OK"
2026-05-14 09:12:05,883 - INFO - HTTP Request: POST http://localhost:8000/v1/chat/completions "HTTP/1.1 200 OK"
2026-05-14 09:12:05,888 - INFO - HTTP Request: POST http://localhost:8000/v1/chat/completions "HTTP/1.1 200 OK"
2026-05-14 09:12:05,889 - INFO - HTTP Request: POST http://localhost:8000/v1/chat/completions "HTTP/1.1 200 OK"
2026-05-14 09:12:05,896 - INFO - HTTP Request: POST http://localhost:8000/v1/chat/completions "HTTP/1.1 200 OK"
2026-05-14 09:12:05,906 - INFO - HTTP Request: POST http://localhost:8000/v1/chat/completions "HTTP/1.1 200 OK"
2026-05-14 09:12:05,911 - INFO - HTTP Request: POST http://localhost:8000/v1/chat/completions "HTTP/1.1 200 OK"
2026-05-14 09:12:05,930 - INFO - HTTP Request: POST http://localhost:8000/v1/chat/completions "HTTP/1.1 200 OK"
2026-05-14 09:12:05,931 - INFO - HTTP Request: POST http://localhost:8000/v1/chat/completions "HTTP/1.1 200 OK"
2026-05-14 09:12:05,938 - INFO - HTTP Request: POST http://localhost:8000/v1/chat/completions "HTTP/1.1 200 OK"
2026-05-14 09:12:05,977 - INFO - HTTP Request: POST http://localhost:8000/v1/chat/completions "HTTP/1.1 200 OK"
2026-05-14 09:12:06,756 - INFO - HTTP Request: POST http://localhost:8000/v1/chat/completions "HTTP/1.1 200 OK"
2026-05-14 09:12:12,453 - INFO - HTTP Request: POST http://localhost:8001/v1/chat/completions "HTTP/1.1 200 OK"
2026-05-14 09:12:12,455 - INFO - Page 1 processed successfully
2026-05-14 09:16:33,104 - INFO - Cleaned up old file/dir: temp/dev_pipeline
2026-05-14 09:18:24,428 - INFO - Processing PDF: uploads/a9ddbdc5-d883-414f-b073-4043b65f93c4.pdf
2026-05-14 09:18:24,962 - INFO - Processing page 1/4
2026-05-14 09:18:27,351 - INFO - HTTP Request: POST http://localhost:8000/v1/chat/completions "HTTP/1.1 200 OK"
2026-05-14 09:18:27,364 - INFO - HTTP Request: POST http://localhost:8000/v1/chat/completions "HTTP/1.1 200 OK"
2026-05-14 09:18:27,366 - INFO - HTTP Request: POST http://localhost:8000/v1/chat/completions "HTTP/1.1 200 OK"
2026-05-14 09:18:27,367 - INFO - HTTP Request: POST http://localhost:8000/v1/chat/completions "HTTP/1.1 200 OK"
2026-05-14 09:18:27,369 - INFO - HTTP Request: POST http://localhost:8000/v1/chat/completions "HTTP/1.1 200 OK"
2026-05-14 09:18:27,373 - INFO - HTTP Request: POST http://localhost:8000/v1/chat/completions "HTTP/1.1 200 OK"
2026-05-14 09:18:27,513 - INFO - HTTP Request: POST http://localhost:8000/v1/chat/completions "HTTP/1.1 200 OK"
2026-05-14 09:18:27,517 - INFO - HTTP Request: POST http://localhost:8000/v1/chat/completions "HTTP/1.1 200 OK"
2026-05-14 09:18:27,564 - INFO - HTTP Request: POST http://localhost:8000/v1/chat/completions "HTTP/1.1 200 OK"
2026-05-14 09:18:27,603 - INFO - HTTP Request: POST http://localhost:8000/v1/chat/completions "HTTP/1.1 200 OK"
2026-05-14 09:18:27,643 - INFO - HTTP Request: POST http://localhost:8000/v1/chat/completions "HTTP/1.1 200 OK"
2026-05-14 09:18:28,505 - INFO - HTTP Request: POST http://localhost:8000/v1/chat/completions "HTTP/1.1 200 OK"
2026-05-14 09:18:33,036 - INFO - HTTP Request: POST http://localhost:8000/v1/chat/completions "HTTP/1.1 200 OK"
2026-05-14 09:19:01,073 - INFO - HTTP Request: POST http://localhost:8001/v1/chat/completions "HTTP/1.1 200 OK"
2026-05-14 09:19:01,075 - INFO - Page 1 processed successfully
2026-05-14 09:19:01,075 - INFO - Processing page 2/4
2026-05-14 09:19:01,769 - INFO - HTTP Request: POST http://localhost:8000/v1/chat/completions "HTTP/1.1 200 OK"
2026-05-14 09:19:01,774 - INFO - HTTP Request: POST http://localhost:8000/v1/chat/completions "HTTP/1.1 200 OK"
2026-05-14 09:19:01,779 - INFO - HTTP Request: POST http://localhost:8000/v1/chat/completions "HTTP/1.1 200 OK"
2026-05-14 09:19:01,917 - INFO - HTTP Request: POST http://localhost:8000/v1/chat/completions "HTTP/1.1 200 OK"
2026-05-14 09:19:01,921 - INFO - HTTP Request: POST http://localhost:8000/v1/chat/completions "HTTP/1.1 200 OK"
2026-05-14 09:19:01,992 - INFO - HTTP Request: POST http://localhost:8000/v1/chat/completions "HTTP/1.1 200 OK"
2026-05-14 09:19:02,043 - INFO - HTTP Request: POST http://localhost:8000/v1/chat/completions "HTTP/1.1 200 OK"
2026-05-14 09:19:02,885 - INFO - HTTP Request: POST http://localhost:8000/v1/chat/completions "HTTP/1.1 200 OK"
2026-05-14 09:19:06,826 - INFO - HTTP Request: POST http://localhost:8000/v1/chat/completions "HTTP/1.1 200 OK"
2026-05-14 09:19:32,031 - INFO - HTTP Request: POST http://localhost:8001/v1/chat/completions "HTTP/1.1 200 OK"
2026-05-14 09:19:32,033 - INFO - Page 2 processed successfully
2026-05-14 09:19:32,033 - INFO - Processing page 3/4
2026-05-14 09:19:32,776 - INFO - HTTP Request: POST http://localhost:8000/v1/chat/completions "HTTP/1.1 200 OK"
2026-05-14 09:19:32,786 - INFO - HTTP Request: POST http://localhost:8000/v1/chat/completions "HTTP/1.1 200 OK"
2026-05-14 09:19:32,796 - INFO - HTTP Request: POST http://localhost:8000/v1/chat/completions "HTTP/1.1 200 OK"
2026-05-14 09:19:32,936 - INFO - HTTP Request: POST http://localhost:8000/v1/chat/completions "HTTP/1.1 200 OK"
2026-05-14 09:19:32,946 - INFO - HTTP Request: POST http://localhost:8000/v1/chat/completions "HTTP/1.1 200 OK"
2026-05-14 09:19:33,014 - INFO - HTTP Request: POST http://localhost:8000/v1/chat/completions "HTTP/1.1 200 OK"
2026-05-14 09:19:33,055 - INFO - HTTP Request: POST http://localhost:8000/v1/chat/completions "HTTP/1.1 200 OK"
2026-05-14 09:19:33,912 - INFO - HTTP Request: POST http://localhost:8000/v1/chat/completions "HTTP/1.1 200 OK"
2026-05-14 09:19:38,455 - INFO - HTTP Request: POST http://localhost:8000/v1/chat/completions "HTTP/1.1 200 OK"
2026-05-14 09:20:05,391 - INFO - HTTP Request: POST http://localhost:8001/v1/chat/completions "HTTP/1.1 200 OK"
2026-05-14 09:20:05,392 - INFO - Page 3 processed successfully
2026-05-14 09:20:05,393 - INFO - Processing page 4/4
2026-05-14 09:20:06,067 - INFO - HTTP Request: POST http://localhost:8000/v1/chat/completions "HTTP/1.1 200 OK"
2026-05-14 09:20:06,071 - INFO - HTTP Request: POST http://localhost:8000/v1/chat/completions "HTTP/1.1 200 OK"
2026-05-14 09:20:06,075 - INFO - HTTP Request: POST http://localhost:8000/v1/chat/completions "HTTP/1.1 200 OK"
2026-05-14 09:20:06,223 - INFO - HTTP Request: POST http://localhost:8000/v1/chat/completions "HTTP/1.1 200 OK"
2026-05-14 09:20:06,231 - INFO - HTTP Request: POST http://localhost:8000/v1/chat/completions "HTTP/1.1 200 OK"
2026-05-14 09:20:06,299 - INFO - HTTP Request: POST http://localhost:8000/v1/chat/completions "HTTP/1.1 200 OK"
2026-05-14 09:20:06,374 - INFO - HTTP Request: POST http://localhost:8000/v1/chat/completions "HTTP/1.1 200 OK"
2026-05-14 09:20:07,200 - INFO - HTTP Request: POST http://localhost:8000/v1/chat/completions "HTTP/1.1 200 OK"
2026-05-14 09:20:10,773 - INFO - HTTP Request: POST http://localhost:8000/v1/chat/completions "HTTP/1.1 200 OK"
2026-05-14 09:20:34,966 - INFO - HTTP Request: POST http://localhost:8001/v1/chat/completions "HTTP/1.1 200 OK"
2026-05-14 09:20:34,968 - INFO - Page 4 processed successfully
2026-05-15 03:42:37,552 - INFO - Processing PDF: uploads/aeae8eae-42a2-4804-a3f6-026b2beaf9e2.pdf
2026-05-15 03:42:37,804 - INFO - Processing page 1/1
2026-05-15 03:42:40,694 - INFO - Retrying request to /chat/completions in 0.400369 seconds
2026-05-15 03:42:40,695 - INFO - Retrying request to /chat/completions in 0.439563 seconds
2026-05-15 03:42:40,695 - INFO - Retrying request to /chat/completions in 0.451322 seconds
2026-05-15 03:42:40,695 - INFO - Retrying request to /chat/completions in 0.396324 seconds
2026-05-15 03:42:40,696 - INFO - Retrying request to /chat/completions in 0.391196 seconds
2026-05-15 03:42:40,696 - INFO - Retrying request to /chat/completions in 0.487446 seconds
2026-05-15 03:42:40,696 - INFO - Retrying request to /chat/completions in 0.435890 seconds
2026-05-15 03:42:40,696 - INFO - Retrying request to /chat/completions in 0.380412 seconds
2026-05-15 03:42:40,696 - INFO - Retrying request to /chat/completions in 0.409773 seconds
2026-05-15 03:42:40,697 - INFO - Retrying request to /chat/completions in 0.410504 seconds
2026-05-15 03:42:40,697 - INFO - Retrying request to /chat/completions in 0.451450 seconds
2026-05-15 03:42:40,697 - INFO - Retrying request to /chat/completions in 0.377231 seconds
2026-05-15 03:42:40,697 - INFO - Retrying request to /chat/completions in 0.411070 seconds
2026-05-15 03:42:41,078 - INFO - Retrying request to /chat/completions in 0.781575 seconds
2026-05-15 03:42:41,079 - INFO - Retrying request to /chat/completions in 0.800587 seconds
2026-05-15 03:42:41,091 - INFO - Retrying request to /chat/completions in 0.974427 seconds
2026-05-15 03:42:41,093 - INFO - Retrying request to /chat/completions in 0.961234 seconds
2026-05-15 03:42:41,097 - INFO - Retrying request to /chat/completions in 0.881512 seconds
2026-05-15 03:42:41,109 - INFO - Retrying request to /chat/completions in 0.816305 seconds
2026-05-15 03:42:41,109 - INFO - Retrying request to /chat/completions in 0.789203 seconds
2026-05-15 03:42:41,110 - INFO - Retrying request to /chat/completions in 0.913210 seconds
2026-05-15 03:42:41,134 - INFO - Retrying request to /chat/completions in 0.754671 seconds
2026-05-15 03:42:41,136 - INFO - Retrying request to /chat/completions in 0.848027 seconds
2026-05-15 03:42:41,148 - INFO - Retrying request to /chat/completions in 0.991208 seconds
2026-05-15 03:42:41,150 - INFO - Retrying request to /chat/completions in 0.979117 seconds
2026-05-15 03:42:41,185 - INFO - Retrying request to /chat/completions in 0.807508 seconds
2026-05-15 03:42:41,988 - ERROR - Error processing page 1: Exception from the 'vlm' worker: Connection error.
2026-05-15 03:49:27,572 - INFO - Processing PDF: uploads/9b471174-de52-4906-abb3-84ac48753ab7.pdf
2026-05-15 03:49:27,756 - INFO - Processing page 1/1
2026-05-15 03:49:35,513 - INFO - HTTP Request: POST http://localhost:8000/v1/chat/completions "HTTP/1.1 200 OK"
2026-05-15 03:49:35,549 - INFO - HTTP Request: POST http://localhost:8000/v1/chat/completions "HTTP/1.1 200 OK"
2026-05-15 03:49:35,550 - INFO - HTTP Request: POST http://localhost:8000/v1/chat/completions "HTTP/1.1 200 OK"
2026-05-15 03:49:35,550 - INFO - HTTP Request: POST http://localhost:8000/v1/chat/completions "HTTP/1.1 200 OK"
2026-05-15 03:49:35,557 - INFO - HTTP Request: POST http://localhost:8000/v1/chat/completions "HTTP/1.1 200 OK"
2026-05-15 03:49:35,562 - INFO - HTTP Request: POST http://localhost:8000/v1/chat/completions "HTTP/1.1 200 OK"
2026-05-15 03:49:35,696 - INFO - HTTP Request: POST http://localhost:8000/v1/chat/completions "HTTP/1.1 200 OK"
2026-05-15 03:49:35,700 - INFO - HTTP Request: POST http://localhost:8000/v1/chat/completions "HTTP/1.1 200 OK"
2026-05-15 03:49:35,738 - INFO - HTTP Request: POST http://localhost:8000/v1/chat/completions "HTTP/1.1 200 OK"
2026-05-15 03:49:35,781 - INFO - HTTP Request: POST http://localhost:8000/v1/chat/completions "HTTP/1.1 200 OK"
2026-05-15 03:49:35,824 - INFO - HTTP Request: POST http://localhost:8000/v1/chat/completions "HTTP/1.1 200 OK"
2026-05-15 03:49:36,684 - INFO - HTTP Request: POST http://localhost:8000/v1/chat/completions "HTTP/1.1 200 OK"
2026-05-15 03:49:41,323 - INFO - HTTP Request: POST http://localhost:8000/v1/chat/completions "HTTP/1.1 200 OK"
2026-05-15 03:50:11,179 - INFO - HTTP Request: POST http://localhost:8001/v1/chat/completions "HTTP/1.1 200 OK"
2026-05-15 03:50:11,181 - INFO - Page 1 processed successfully
2026-05-15 04:15:35,971 - INFO - Processing Image: uploads/11b77792-f0a2-41e3-899b-0fa1a7370951.jpg
2026-05-15 04:15:35,972 - INFO - Processing page 1/1
2026-05-15 04:15:37,117 - INFO - HTTP Request: POST http://localhost:8000/v1/chat/completions "HTTP/1.1 200 OK"
2026-05-15 04:15:37,121 - INFO - HTTP Request: POST http://localhost:8000/v1/chat/completions "HTTP/1.1 200 OK"
2026-05-15 04:15:37,127 - INFO - HTTP Request: POST http://localhost:8000/v1/chat/completions "HTTP/1.1 200 OK"
2026-05-15 04:15:37,128 - INFO - HTTP Request: POST http://localhost:8000/v1/chat/completions "HTTP/1.1 200 OK"
2026-05-15 04:15:37,144 - INFO - HTTP Request: POST http://localhost:8000/v1/chat/completions "HTTP/1.1 200 OK"
2026-05-15 04:15:37,150 - INFO - HTTP Request: POST http://localhost:8000/v1/chat/completions "HTTP/1.1 200 OK"
2026-05-15 04:15:37,187 - INFO - HTTP Request: POST http://localhost:8000/v1/chat/completions "HTTP/1.1 200 OK"
2026-05-15 04:15:37,192 - INFO - HTTP Request: POST http://localhost:8000/v1/chat/completions "HTTP/1.1 200 OK"
2026-05-15 04:15:37,310 - INFO - HTTP Request: POST http://localhost:8000/v1/chat/completions "HTTP/1.1 200 OK"
2026-05-15 04:15:37,396 - INFO - HTTP Request: POST http://localhost:8000/v1/chat/completions "HTTP/1.1 200 OK"
2026-05-15 04:15:37,632 - INFO - HTTP Request: POST http://localhost:8000/v1/chat/completions "HTTP/1.1 200 OK"
2026-05-15 04:15:39,189 - INFO - HTTP Request: POST http://localhost:8000/v1/chat/completions "HTTP/1.1 200 OK"
2026-05-15 04:15:50,549 - INFO - HTTP Request: POST http://localhost:8001/v1/chat/completions "HTTP/1.1 200 OK"
2026-05-15 04:15:50,551 - INFO - Page 1 processed successfully
2026-05-15 04:19:57,916 - INFO - Processing Image: uploads/88c45cbc-22ea-41e7-a799-e80bd5829ffd.jpg
2026-05-15 04:19:57,917 - INFO - Processing page 1/1
2026-05-15 04:19:59,089 - INFO - HTTP Request: POST http://localhost:8000/v1/chat/completions "HTTP/1.1 200 OK"
2026-05-15 04:19:59,091 - INFO - HTTP Request: POST http://localhost:8000/v1/chat/completions "HTTP/1.1 200 OK"
2026-05-15 04:19:59,093 - INFO - HTTP Request: POST http://localhost:8000/v1/chat/completions "HTTP/1.1 200 OK"
2026-05-15 04:19:59,096 - INFO - HTTP Request: POST http://localhost:8000/v1/chat/completions "HTTP/1.1 200 OK"
2026-05-15 04:19:59,105 - INFO - HTTP Request: POST http://localhost:8000/v1/chat/completions "HTTP/1.1 200 OK"
2026-05-15 04:19:59,110 - INFO - HTTP Request: POST http://localhost:8000/v1/chat/completions "HTTP/1.1 200 OK"
2026-05-15 04:19:59,128 - INFO - HTTP Request: POST http://localhost:8000/v1/chat/completions "HTTP/1.1 200 OK"
2026-05-15 04:19:59,230 - INFO - HTTP Request: POST http://localhost:8000/v1/chat/completions "HTTP/1.1 200 OK"
2026-05-15 04:19:59,308 - INFO - HTTP Request: POST http://localhost:8000/v1/chat/completions "HTTP/1.1 200 OK"
2026-05-15 04:19:59,693 - INFO - HTTP Request: POST http://localhost:8000/v1/chat/completions "HTTP/1.1 200 OK"
2026-05-15 04:20:15,845 - INFO - HTTP Request: POST http://localhost:8000/v1/chat/completions "HTTP/1.1 200 OK"
2026-05-15 04:20:21,366 - INFO - HTTP Request: POST http://localhost:8001/v1/chat/completions "HTTP/1.1 200 OK"
2026-05-15 04:20:21,367 - INFO - Page 1 processed successfully
2026-05-15 04:45:18,059 - INFO - Processing PDF: uploads/af4c2f15-bdd3-44b5-92e8-936660659979.pdf
2026-05-15 04:45:18,258 - INFO - Processing page 1/1
2026-05-15 04:45:21,643 - INFO - HTTP Request: POST http://localhost:8000/v1/chat/completions "HTTP/1.1 200 OK"
2026-05-15 04:45:21,673 - INFO - HTTP Request: POST http://localhost:8000/v1/chat/completions "HTTP/1.1 200 OK"
2026-05-15 04:45:21,674 - INFO - HTTP Request: POST http://localhost:8000/v1/chat/completions "HTTP/1.1 200 OK"
2026-05-15 04:45:21,675 - INFO - HTTP Request: POST http://localhost:8000/v1/chat/completions "HTTP/1.1 200 OK"
2026-05-15 04:45:21,685 - INFO - HTTP Request: POST http://localhost:8000/v1/chat/completions "HTTP/1.1 200 OK"
2026-05-15 04:45:21,694 - INFO - HTTP Request: POST http://localhost:8000/v1/chat/completions "HTTP/1.1 200 OK"
2026-05-15 04:45:21,824 - INFO - HTTP Request: POST http://localhost:8000/v1/chat/completions "HTTP/1.1 200 OK"
2026-05-15 04:45:21,833 - INFO - HTTP Request: POST http://localhost:8000/v1/chat/completions "HTTP/1.1 200 OK"
2026-05-15 04:45:21,866 - INFO - HTTP Request: POST http://localhost:8000/v1/chat/completions "HTTP/1.1 200 OK"
2026-05-15 04:45:21,915 - INFO - HTTP Request: POST http://localhost:8000/v1/chat/completions "HTTP/1.1 200 OK"
2026-05-15 04:45:21,951 - INFO - HTTP Request: POST http://localhost:8000/v1/chat/completions "HTTP/1.1 200 OK"
2026-05-15 04:45:22,854 - INFO - HTTP Request: POST http://localhost:8000/v1/chat/completions "HTTP/1.1 200 OK"
2026-05-15 04:45:27,323 - INFO - HTTP Request: POST http://localhost:8000/v1/chat/completions "HTTP/1.1 200 OK"
2026-05-15 04:45:54,732 - INFO - HTTP Request: POST http://localhost:8001/v1/chat/completions "HTTP/1.1 200 OK"
2026-05-15 04:45:54,734 - INFO - Page 1 processed successfully
2026-05-19 03:03:22,971 - INFO - Processing Image: uploads/2149081f-ca31-4f79-84d9-b8d61b6a1c39.jpg
2026-05-19 03:03:22,972 - INFO - Processing page 1/1
2026-05-19 03:03:33,082 - INFO - HTTP Request: POST http://localhost:8000/v1/chat/completions "HTTP/1.1 200 OK"
2026-05-19 03:03:33,106 - INFO - HTTP Request: POST http://localhost:8000/v1/chat/completions "HTTP/1.1 200 OK"
2026-05-19 03:03:33,110 - INFO - HTTP Request: POST http://localhost:8000/v1/chat/completions "HTTP/1.1 200 OK"
2026-05-19 03:03:33,115 - INFO - HTTP Request: POST http://localhost:8000/v1/chat/completions "HTTP/1.1 200 OK"
2026-05-19 03:03:33,120 - INFO - HTTP Request: POST http://localhost:8000/v1/chat/completions "HTTP/1.1 200 OK"
2026-05-19 03:03:33,126 - INFO - HTTP Request: POST http://localhost:8000/v1/chat/completions "HTTP/1.1 200 OK"
2026-05-19 03:03:33,128 - INFO - HTTP Request: POST http://localhost:8000/v1/chat/completions "HTTP/1.1 200 OK"
2026-05-19 03:03:33,128 - INFO - HTTP Request: POST http://localhost:8000/v1/chat/completions "HTTP/1.1 200 OK"
2026-05-19 03:03:33,131 - INFO - HTTP Request: POST http://localhost:8000/v1/chat/completions "HTTP/1.1 200 OK"
2026-05-19 03:03:33,136 - INFO - HTTP Request: POST http://localhost:8000/v1/chat/completions "HTTP/1.1 200 OK"
2026-05-19 03:03:33,147 - INFO - HTTP Request: POST http://localhost:8000/v1/chat/completions "HTTP/1.1 200 OK"
2026-05-19 03:03:33,148 - INFO - HTTP Request: POST http://localhost:8000/v1/chat/completions "HTTP/1.1 200 OK"
2026-05-19 03:03:33,152 - INFO - HTTP Request: POST http://localhost:8000/v1/chat/completions "HTTP/1.1 200 OK"
2026-05-19 03:03:33,154 - INFO - HTTP Request: POST http://localhost:8000/v1/chat/completions "HTTP/1.1 200 OK"
2026-05-19 03:03:33,236 - INFO - HTTP Request: POST http://localhost:8000/v1/chat/completions "HTTP/1.1 200 OK"
2026-05-19 03:03:33,238 - INFO - HTTP Request: POST http://localhost:8000/v1/chat/completions "HTTP/1.1 200 OK"
2026-05-19 03:03:33,239 - INFO - HTTP Request: POST http://localhost:8000/v1/chat/completions "HTTP/1.1 200 OK"
2026-05-19 03:03:33,241 - INFO - HTTP Request: POST http://localhost:8000/v1/chat/completions "HTTP/1.1 200 OK"
2026-05-19 03:03:33,242 - INFO - HTTP Request: POST http://localhost:8000/v1/chat/completions "HTTP/1.1 200 OK"
2026-05-19 03:03:33,245 - INFO - HTTP Request: POST http://localhost:8000/v1/chat/completions "HTTP/1.1 200 OK"
2026-05-19 03:03:33,250 - INFO - HTTP Request: POST http://localhost:8000/v1/chat/completions "HTTP/1.1 200 OK"
2026-05-19 03:03:33,257 - INFO - HTTP Request: POST http://localhost:8000/v1/chat/completions "HTTP/1.1 200 OK"
2026-05-19 03:03:33,258 - INFO - HTTP Request: POST http://localhost:8000/v1/chat/completions "HTTP/1.1 200 OK"
2026-05-19 03:03:33,259 - INFO - HTTP Request: POST http://localhost:8000/v1/chat/completions "HTTP/1.1 200 OK"
2026-05-19 03:03:33,263 - INFO - HTTP Request: POST http://localhost:8000/v1/chat/completions "HTTP/1.1 200 OK"
2026-05-19 03:03:33,268 - INFO - HTTP Request: POST http://localhost:8000/v1/chat/completions "HTTP/1.1 200 OK"
2026-05-19 03:03:33,275 - INFO - HTTP Request: POST http://localhost:8000/v1/chat/completions "HTTP/1.1 200 OK"
2026-05-19 03:03:33,315 - INFO - HTTP Request: POST http://localhost:8000/v1/chat/completions "HTTP/1.1 200 OK"
2026-05-19 03:03:33,698 - INFO - HTTP Request: POST http://localhost:8000/v1/chat/completions "HTTP/1.1 200 OK"
2026-05-19 03:03:40,861 - INFO - HTTP Request: POST http://localhost:8001/v1/chat/completions "HTTP/1.1 200 OK"
2026-05-19 03:03:40,863 - INFO - Page 1 processed successfully
2026-05-19 04:24:50,310 - INFO - Processing Image: uploads/ba277d06-0c09-410d-b017-751e1ee0d9ba.jpg
2026-05-19 04:24:50,310 - INFO - Processing page 1/1
2026-05-19 04:24:51,517 - INFO - HTTP Request: POST http://localhost:8000/v1/chat/completions "HTTP/1.1 200 OK"
2026-05-19 04:24:51,519 - INFO - HTTP Request: POST http://localhost:8000/v1/chat/completions "HTTP/1.1 200 OK"
2026-05-19 04:24:51,522 - INFO - HTTP Request: POST http://localhost:8000/v1/chat/completions "HTTP/1.1 200 OK"
2026-05-19 04:24:51,531 - INFO - HTTP Request: POST http://localhost:8000/v1/chat/completions "HTTP/1.1 200 OK"
2026-05-19 04:24:51,537 - INFO - HTTP Request: POST http://localhost:8000/v1/chat/completions "HTTP/1.1 200 OK"
2026-05-19 04:24:51,545 - INFO - HTTP Request: POST http://localhost:8000/v1/chat/completions "HTTP/1.1 200 OK"
2026-05-19 04:24:51,558 - INFO - HTTP Request: POST http://localhost:8000/v1/chat/completions "HTTP/1.1 200 OK"
2026-05-19 04:24:51,660 - INFO - HTTP Request: POST http://localhost:8000/v1/chat/completions "HTTP/1.1 200 OK"
2026-05-19 04:24:51,738 - INFO - HTTP Request: POST http://localhost:8000/v1/chat/completions "HTTP/1.1 200 OK"
2026-05-19 04:24:52,103 - INFO - HTTP Request: POST http://localhost:8000/v1/chat/completions "HTTP/1.1 200 OK"
2026-05-19 04:25:08,343 - INFO - HTTP Request: POST http://localhost:8000/v1/chat/completions "HTTP/1.1 200 OK"
2026-05-19 04:25:16,575 - INFO - HTTP Request: POST http://localhost:8001/v1/chat/completions "HTTP/1.1 200 OK"
2026-05-19 04:25:16,576 - INFO - Page 1 processed successfully
2026-05-19 04:54:18,134 - INFO - Processing Image: uploads/90af828f-083c-4239-9300-6ae702cadc87.jpg
2026-05-19 04:54:18,135 - INFO - Processing page 1/1
2026-05-19 04:54:25,873 - INFO - HTTP Request: POST http://localhost:8000/v1/chat/completions "HTTP/1.1 200 OK"
2026-05-19 04:54:25,877 - INFO - HTTP Request: POST http://localhost:8000/v1/chat/completions "HTTP/1.1 200 OK"
2026-05-19 04:54:25,882 - INFO - HTTP Request: POST http://localhost:8000/v1/chat/completions "HTTP/1.1 200 OK"
2026-05-19 04:54:25,898 - INFO - HTTP Request: POST http://localhost:8000/v1/chat/completions "HTTP/1.1 200 OK"
2026-05-19 04:54:25,900 - INFO - HTTP Request: POST http://localhost:8000/v1/chat/completions "HTTP/1.1 200 OK"
2026-05-19 04:54:25,904 - INFO - HTTP Request: POST http://localhost:8000/v1/chat/completions "HTTP/1.1 200 OK"
2026-05-19 04:54:25,922 - INFO - HTTP Request: POST http://localhost:8000/v1/chat/completions "HTTP/1.1 200 OK"
2026-05-19 04:54:25,935 - INFO - HTTP Request: POST http://localhost:8000/v1/chat/completions "HTTP/1.1 200 OK"
2026-05-19 04:54:25,946 - INFO - HTTP Request: POST http://localhost:8000/v1/chat/completions "HTTP/1.1 200 OK"
2026-05-19 04:54:25,946 - INFO - HTTP Request: POST http://localhost:8000/v1/chat/completions "HTTP/1.1 200 OK"
2026-05-19 04:54:25,948 - INFO - HTTP Request: POST http://localhost:8000/v1/chat/completions "HTTP/1.1 200 OK"
2026-05-19 04:54:25,963 - INFO - HTTP Request: POST http://localhost:8000/v1/chat/completions "HTTP/1.1 200 OK"
2026-05-19 04:54:25,964 - INFO - HTTP Request: POST http://localhost:8000/v1/chat/completions "HTTP/1.1 200 OK"
2026-05-19 04:54:25,965 - INFO - HTTP Request: POST http://localhost:8000/v1/chat/completions "HTTP/1.1 200 OK"
2026-05-19 04:54:26,046 - INFO - HTTP Request: POST http://localhost:8000/v1/chat/completions "HTTP/1.1 200 OK"
2026-05-19 04:54:26,057 - INFO - HTTP Request: POST http://localhost:8000/v1/chat/completions "HTTP/1.1 200 OK"
2026-05-19 04:54:26,059 - INFO - HTTP Request: POST http://localhost:8000/v1/chat/completions "HTTP/1.1 200 OK"
2026-05-19 04:54:26,060 - INFO - HTTP Request: POST http://localhost:8000/v1/chat/completions "HTTP/1.1 200 OK"
2026-05-19 04:54:26,070 - INFO - HTTP Request: POST http://localhost:8000/v1/chat/completions "HTTP/1.1 200 OK"
2026-05-19 04:54:26,071 - INFO - HTTP Request: POST http://localhost:8000/v1/chat/completions "HTTP/1.1 200 OK"
2026-05-19 04:54:26,071 - INFO - HTTP Request: POST http://localhost:8000/v1/chat/completions "HTTP/1.1 200 OK"
2026-05-19 04:54:26,073 - INFO - HTTP Request: POST http://localhost:8000/v1/chat/completions "HTTP/1.1 200 OK"
2026-05-19 04:54:26,086 - INFO - HTTP Request: POST http://localhost:8000/v1/chat/completions "HTTP/1.1 200 OK"
2026-05-19 04:54:26,087 - INFO - HTTP Request: POST http://localhost:8000/v1/chat/completions "HTTP/1.1 200 OK"
2026-05-19 04:54:26,095 - INFO - HTTP Request: POST http://localhost:8000/v1/chat/completions "HTTP/1.1 200 OK"
2026-05-19 04:54:26,101 - INFO - HTTP Request: POST http://localhost:8000/v1/chat/completions "HTTP/1.1 200 OK"
2026-05-19 04:54:26,104 - INFO - HTTP Request: POST http://localhost:8000/v1/chat/completions "HTTP/1.1 200 OK"
2026-05-19 04:54:26,161 - INFO - HTTP Request: POST http://localhost:8000/v1/chat/completions "HTTP/1.1 200 OK"
2026-05-19 04:54:26,554 - INFO - HTTP Request: POST http://localhost:8000/v1/chat/completions "HTTP/1.1 200 OK"
2026-05-19 04:54:27,066 - INFO - HTTP Request: POST http://localhost:8001/v1/chat/completions "HTTP/1.1 404 Not Found"
2026-05-19 04:54:27,070 - ERROR - Error processing page 1: Error code: 404 - {'error': {'message': 'The model `Qwen3-4B-AWQ` does not exist.', 'type': 'NotFoundError', 'param': 'model', 'code': 404}}
2026-05-19 07:07:54,277 - INFO - Processing PDF: uploads/44b1ec3d-09c6-4873-b6f7-a2a06c408cfc.pdf
2026-05-19 07:07:55,035 - INFO - Processing page 1/1
2026-05-19 07:08:06,372 - INFO - HTTP Request: POST http://localhost:8000/v1/chat/completions "HTTP/1.1 200 OK"
2026-05-19 07:08:06,416 - INFO - HTTP Request: POST http://localhost:8000/v1/chat/completions "HTTP/1.1 200 OK"
2026-05-19 07:08:06,418 - INFO - HTTP Request: POST http://localhost:8000/v1/chat/completions "HTTP/1.1 200 OK"
2026-05-19 07:08:06,439 - INFO - HTTP Request: POST http://localhost:8000/v1/chat/completions "HTTP/1.1 200 OK"
2026-05-19 07:08:06,443 - INFO - HTTP Request: POST http://localhost:8000/v1/chat/completions "HTTP/1.1 200 OK"
2026-05-19 07:08:06,447 - INFO - HTTP Request: POST http://localhost:8000/v1/chat/completions "HTTP/1.1 200 OK"
2026-05-19 07:08:06,464 - INFO - HTTP Request: POST http://localhost:8000/v1/chat/completions "HTTP/1.1 200 OK"
2026-05-19 07:08:06,529 - INFO - HTTP Request: POST http://localhost:8000/v1/chat/completions "HTTP/1.1 200 OK"
2026-05-19 07:08:06,600 - INFO - HTTP Request: POST http://localhost:8000/v1/chat/completions "HTTP/1.1 200 OK"
2026-05-19 07:08:06,638 - INFO - HTTP Request: POST http://localhost:8000/v1/chat/completions "HTTP/1.1 200 OK"
2026-05-19 07:08:06,800 - INFO - HTTP Request: POST http://localhost:8000/v1/chat/completions "HTTP/1.1 200 OK"
2026-05-19 07:08:09,868 - INFO - HTTP Request: POST http://localhost:8000/v1/chat/completions "HTTP/1.1 200 OK"
2026-05-19 07:08:10,390 - INFO - HTTP Request: POST http://localhost:8001/v1/chat/completions "HTTP/1.1 404 Not Found"
2026-05-19 07:08:10,391 - ERROR - Error processing page 1: Error code: 404 - {'error': {'message': 'The model `Qwen3-4B-AWQ` does not exist.', 'type': 'NotFoundError', 'param': 'model', 'code': 404}}
2026-05-19 07:17:17,868 - INFO - Processing Image: uploads/d8584e90-3833-432b-980c-b63c25f357c4.jpg
2026-05-19 07:17:17,868 - INFO - Processing page 1/1
2026-05-19 07:17:21,980 - INFO - HTTP Request: POST http://localhost:8000/v1/chat/completions "HTTP/1.1 200 OK"
2026-05-19 07:17:22,001 - INFO - HTTP Request: POST http://localhost:8000/v1/chat/completions "HTTP/1.1 200 OK"
2026-05-19 07:17:22,002 - INFO - HTTP Request: POST http://localhost:8000/v1/chat/completions "HTTP/1.1 200 OK"
2026-05-19 07:17:22,008 - INFO - HTTP Request: POST http://localhost:8000/v1/chat/completions "HTTP/1.1 200 OK"
2026-05-19 07:17:22,009 - INFO - HTTP Request: POST http://localhost:8000/v1/chat/completions "HTTP/1.1 200 OK"
2026-05-19 07:17:22,014 - INFO - HTTP Request: POST http://localhost:8000/v1/chat/completions "HTTP/1.1 200 OK"
2026-05-19 07:17:22,020 - INFO - HTTP Request: POST http://localhost:8000/v1/chat/completions "HTTP/1.1 200 OK"
2026-05-19 07:17:22,027 - INFO - HTTP Request: POST http://localhost:8000/v1/chat/completions "HTTP/1.1 200 OK"
2026-05-19 07:17:22,028 - INFO - HTTP Request: POST http://localhost:8000/v1/chat/completions "HTTP/1.1 200 OK"
2026-05-19 07:17:22,035 - INFO - HTTP Request: POST http://localhost:8000/v1/chat/completions "HTTP/1.1 200 OK"
2026-05-19 07:17:22,036 - INFO - HTTP Request: POST http://localhost:8000/v1/chat/completions "HTTP/1.1 200 OK"
2026-05-19 07:17:22,043 - INFO - HTTP Request: POST http://localhost:8000/v1/chat/completions "HTTP/1.1 200 OK"
2026-05-19 07:17:22,044 - INFO - HTTP Request: POST http://localhost:8000/v1/chat/completions "HTTP/1.1 200 OK"
2026-05-19 07:17:22,049 - INFO - HTTP Request: POST http://localhost:8000/v1/chat/completions "HTTP/1.1 200 OK"
2026-05-19 07:17:22,054 - INFO - HTTP Request: POST http://localhost:8000/v1/chat/completions "HTTP/1.1 200 OK"
2026-05-19 07:17:22,055 - INFO - HTTP Request: POST http://localhost:8000/v1/chat/completions "HTTP/1.1 200 OK"
2026-05-19 07:17:22,062 - INFO - HTTP Request: POST http://localhost:8000/v1/chat/completions "HTTP/1.1 200 OK"
2026-05-19 07:17:22,063 - INFO - HTTP Request: POST http://localhost:8000/v1/chat/completions "HTTP/1.1 200 OK"
2026-05-19 07:17:22,066 - INFO - HTTP Request: POST http://localhost:8000/v1/chat/completions "HTTP/1.1 200 OK"
2026-05-19 07:17:22,068 - INFO - HTTP Request: POST http://localhost:8000/v1/chat/completions "HTTP/1.1 200 OK"
2026-05-19 07:17:22,069 - INFO - HTTP Request: POST http://localhost:8000/v1/chat/completions "HTTP/1.1 200 OK"
2026-05-19 07:17:22,072 - INFO - HTTP Request: POST http://localhost:8000/v1/chat/completions "HTTP/1.1 200 OK"
2026-05-19 07:17:22,076 - INFO - HTTP Request: POST http://localhost:8000/v1/chat/completions "HTTP/1.1 200 OK"
2026-05-19 07:17:22,077 - INFO - HTTP Request: POST http://localhost:8000/v1/chat/completions "HTTP/1.1 200 OK"
2026-05-19 07:17:22,080 - INFO - HTTP Request: POST http://localhost:8000/v1/chat/completions "HTTP/1.1 200 OK"
2026-05-19 07:17:22,085 - INFO - HTTP Request: POST http://localhost:8000/v1/chat/completions "HTTP/1.1 200 OK"
2026-05-19 07:17:22,086 - INFO - HTTP Request: POST http://localhost:8000/v1/chat/completions "HTTP/1.1 200 OK"
2026-05-19 07:17:22,134 - INFO - HTTP Request: POST http://localhost:8000/v1/chat/completions "HTTP/1.1 200 OK"
2026-05-19 07:17:22,518 - INFO - HTTP Request: POST http://localhost:8000/v1/chat/completions "HTTP/1.1 200 OK"
2026-05-19 07:17:29,910 - INFO - HTTP Request: POST http://localhost:8001/v1/chat/completions "HTTP/1.1 200 OK"
2026-05-19 07:17:29,911 - INFO - Page 1 processed successfully
2026-05-19 07:17:53,358 - INFO - Processing PDF: uploads/2f34f698-f813-492c-8b30-5a0bc78f20f4.pdf
2026-05-19 07:17:54,307 - INFO - Processing page 1/1
2026-05-19 07:17:55,641 - INFO - HTTP Request: POST http://localhost:8000/v1/chat/completions "HTTP/1.1 200 OK"
2026-05-19 07:17:55,655 - INFO - HTTP Request: POST http://localhost:8000/v1/chat/completions "HTTP/1.1 200 OK"
2026-05-19 07:17:55,656 - INFO - HTTP Request: POST http://localhost:8000/v1/chat/completions "HTTP/1.1 200 OK"
2026-05-19 07:17:55,702 - INFO - HTTP Request: POST http://localhost:8000/v1/chat/completions "HTTP/1.1 200 OK"
2026-05-19 07:17:55,704 - INFO - HTTP Request: POST http://localhost:8000/v1/chat/completions "HTTP/1.1 200 OK"
2026-05-19 07:17:55,710 - INFO - HTTP Request: POST http://localhost:8000/v1/chat/completions "HTTP/1.1 200 OK"
2026-05-19 07:17:55,719 - INFO - HTTP Request: POST http://localhost:8000/v1/chat/completions "HTTP/1.1 200 OK"
2026-05-19 07:17:55,786 - INFO - HTTP Request: POST http://localhost:8000/v1/chat/completions "HTTP/1.1 200 OK"
2026-05-19 07:17:55,862 - INFO - HTTP Request: POST http://localhost:8000/v1/chat/completions "HTTP/1.1 200 OK"
2026-05-19 07:17:55,900 - INFO - HTTP Request: POST http://localhost:8000/v1/chat/completions "HTTP/1.1 200 OK"
2026-05-19 07:17:56,059 - INFO - HTTP Request: POST http://localhost:8000/v1/chat/completions "HTTP/1.1 200 OK"
2026-05-19 07:17:59,008 - INFO - HTTP Request: POST http://localhost:8000/v1/chat/completions "HTTP/1.1 200 OK"
2026-05-19 07:18:17,743 - INFO - HTTP Request: POST http://localhost:8001/v1/chat/completions "HTTP/1.1 200 OK"
2026-05-19 07:18:17,746 - INFO - Page 1 processed successfully
2026-05-19 07:37:29,933 - INFO - Processing Image: uploads/30b93ac2-1582-4bb8-ab55-bc9666bbde90.jpg
2026-05-19 07:37:29,933 - INFO - Processing page 1/1
2026-05-19 07:37:31,324 - INFO - HTTP Request: POST http://localhost:8000/v1/chat/completions "HTTP/1.1 200 OK"
2026-05-19 07:37:31,328 - INFO - HTTP Request: POST http://localhost:8000/v1/chat/completions "HTTP/1.1 200 OK"
2026-05-19 07:37:31,335 - INFO - HTTP Request: POST http://localhost:8000/v1/chat/completions "HTTP/1.1 200 OK"
2026-05-19 07:37:31,336 - INFO - HTTP Request: POST http://localhost:8000/v1/chat/completions "HTTP/1.1 200 OK"
2026-05-19 07:37:31,339 - INFO - HTTP Request: POST http://localhost:8000/v1/chat/completions "HTTP/1.1 200 OK"
2026-05-19 07:37:31,345 - INFO - HTTP Request: POST http://localhost:8000/v1/chat/completions "HTTP/1.1 200 OK"
2026-05-19 07:37:31,355 - INFO - HTTP Request: POST http://localhost:8000/v1/chat/completions "HTTP/1.1 200 OK"
2026-05-19 07:37:31,357 - INFO - HTTP Request: POST http://localhost:8000/v1/chat/completions "HTTP/1.1 200 OK"
2026-05-19 07:37:31,363 - INFO - HTTP Request: POST http://localhost:8000/v1/chat/completions "HTTP/1.1 200 OK"
2026-05-19 07:37:31,363 - INFO - HTTP Request: POST http://localhost:8000/v1/chat/completions "HTTP/1.1 200 OK"
2026-05-19 07:37:31,366 - INFO - HTTP Request: POST http://localhost:8000/v1/chat/completions "HTTP/1.1 200 OK"
2026-05-19 07:37:31,377 - INFO - HTTP Request: POST http://localhost:8000/v1/chat/completions "HTTP/1.1 200 OK"
2026-05-19 07:37:31,378 - INFO - HTTP Request: POST http://localhost:8000/v1/chat/completions "HTTP/1.1 200 OK"
2026-05-19 07:37:31,379 - INFO - HTTP Request: POST http://localhost:8000/v1/chat/completions "HTTP/1.1 200 OK"
2026-05-19 07:37:31,382 - INFO - HTTP Request: POST http://localhost:8000/v1/chat/completions "HTTP/1.1 200 OK"
2026-05-19 07:37:31,383 - INFO - HTTP Request: POST http://localhost:8000/v1/chat/completions "HTTP/1.1 200 OK"
2026-05-19 07:37:31,387 - INFO - HTTP Request: POST http://localhost:8000/v1/chat/completions "HTTP/1.1 200 OK"
2026-05-19 07:37:31,387 - INFO - HTTP Request: POST http://localhost:8000/v1/chat/completions "HTTP/1.1 200 OK"
2026-05-19 07:37:31,388 - INFO - HTTP Request: POST http://localhost:8000/v1/chat/completions "HTTP/1.1 200 OK"
2026-05-19 07:37:31,393 - INFO - HTTP Request: POST http://localhost:8000/v1/chat/completions "HTTP/1.1 200 OK"
2026-05-19 07:37:31,394 - INFO - HTTP Request: POST http://localhost:8000/v1/chat/completions "HTTP/1.1 200 OK"
2026-05-19 07:37:31,395 - INFO - HTTP Request: POST http://localhost:8000/v1/chat/completions "HTTP/1.1 200 OK"
2026-05-19 07:37:31,400 - INFO - HTTP Request: POST http://localhost:8000/v1/chat/completions "HTTP/1.1 200 OK"
2026-05-19 07:37:31,400 - INFO - HTTP Request: POST http://localhost:8000/v1/chat/completions "HTTP/1.1 200 OK"
2026-05-19 07:37:31,407 - INFO - HTTP Request: POST http://localhost:8000/v1/chat/completions "HTTP/1.1 200 OK"
2026-05-19 07:37:31,412 - INFO - HTTP Request: POST http://localhost:8000/v1/chat/completions "HTTP/1.1 200 OK"
2026-05-19 07:37:31,416 - INFO - HTTP Request: POST http://localhost:8000/v1/chat/completions "HTTP/1.1 200 OK"
2026-05-19 07:37:31,463 - INFO - HTTP Request: POST http://localhost:8000/v1/chat/completions "HTTP/1.1 200 OK"
2026-05-19 07:37:31,837 - INFO - HTTP Request: POST http://localhost:8000/v1/chat/completions "HTTP/1.1 200 OK"
2026-05-19 07:37:37,986 - INFO - HTTP Request: POST http://localhost:8001/v1/chat/completions "HTTP/1.1 200 OK"
2026-05-19 07:37:37,987 - INFO - Page 1 processed successfully
2026-05-19 07:45:12,046 - INFO - Processing Image: uploads/95162d36-5040-461e-aa32-f707502262b7.jpg
2026-05-19 07:45:12,047 - INFO - Processing page 1/1
2026-05-19 07:45:14,529 - INFO - HTTP Request: POST http://localhost:8000/v1/chat/completions "HTTP/1.1 200 OK"
2026-05-19 07:45:14,543 - INFO - HTTP Request: POST http://localhost:8000/v1/chat/completions "HTTP/1.1 200 OK"
2026-05-19 07:45:14,544 - INFO - HTTP Request: POST http://localhost:8000/v1/chat/completions "HTTP/1.1 200 OK"
2026-05-19 07:45:14,545 - INFO - HTTP Request: POST http://localhost:8000/v1/chat/completions "HTTP/1.1 200 OK"
2026-05-19 07:45:14,548 - INFO - HTTP Request: POST http://localhost:8000/v1/chat/completions "HTTP/1.1 200 OK"
2026-05-19 07:45:14,552 - INFO - HTTP Request: POST http://localhost:8000/v1/chat/completions "HTTP/1.1 200 OK"
2026-05-19 07:45:14,564 - INFO - HTTP Request: POST http://localhost:8000/v1/chat/completions "HTTP/1.1 200 OK"
2026-05-19 07:45:14,565 - INFO - HTTP Request: POST http://localhost:8000/v1/chat/completions "HTTP/1.1 200 OK"
2026-05-19 07:45:14,570 - INFO - HTTP Request: POST http://localhost:8000/v1/chat/completions "HTTP/1.1 200 OK"
2026-05-19 07:45:14,571 - INFO - HTTP Request: POST http://localhost:8000/v1/chat/completions "HTTP/1.1 200 OK"
2026-05-19 07:45:14,580 - INFO - HTTP Request: POST http://localhost:8000/v1/chat/completions "HTTP/1.1 200 OK"
2026-05-19 07:45:14,581 - INFO - HTTP Request: POST http://localhost:8000/v1/chat/completions "HTTP/1.1 200 OK"
2026-05-19 07:45:14,585 - INFO - HTTP Request: POST http://localhost:8000/v1/chat/completions "HTTP/1.1 200 OK"
2026-05-19 07:45:14,592 - INFO - HTTP Request: POST http://localhost:8000/v1/chat/completions "HTTP/1.1 200 OK"
2026-05-19 07:45:14,593 - INFO - HTTP Request: POST http://localhost:8000/v1/chat/completions "HTTP/1.1 200 OK"
2026-05-19 07:45:14,594 - INFO - HTTP Request: POST http://localhost:8000/v1/chat/completions "HTTP/1.1 200 OK"
2026-05-19 07:45:14,605 - INFO - HTTP Request: POST http://localhost:8000/v1/chat/completions "HTTP/1.1 200 OK"
2026-05-19 07:45:14,606 - INFO - HTTP Request: POST http://localhost:8000/v1/chat/completions "HTTP/1.1 200 OK"
2026-05-19 07:45:14,606 - INFO - HTTP Request: POST http://localhost:8000/v1/chat/completions "HTTP/1.1 200 OK"
2026-05-19 07:45:14,607 - INFO - HTTP Request: POST http://localhost:8000/v1/chat/completions "HTTP/1.1 200 OK"
2026-05-19 07:45:14,611 - INFO - HTTP Request: POST http://localhost:8000/v1/chat/completions "HTTP/1.1 200 OK"
2026-05-19 07:45:14,617 - INFO - HTTP Request: POST http://localhost:8000/v1/chat/completions "HTTP/1.1 200 OK"
2026-05-19 07:45:14,625 - INFO - HTTP Request: POST http://localhost:8000/v1/chat/completions "HTTP/1.1 200 OK"
2026-05-19 07:45:14,628 - INFO - HTTP Request: POST http://localhost:8000/v1/chat/completions "HTTP/1.1 200 OK"
2026-05-19 07:45:14,631 - INFO - HTTP Request: POST http://localhost:8000/v1/chat/completions "HTTP/1.1 200 OK"
2026-05-19 07:45:14,634 - INFO - HTTP Request: POST http://localhost:8000/v1/chat/completions "HTTP/1.1 200 OK"
2026-05-19 07:45:14,636 - INFO - HTTP Request: POST http://localhost:8000/v1/chat/completions "HTTP/1.1 200 OK"
2026-05-19 07:45:14,692 - INFO - HTTP Request: POST http://localhost:8000/v1/chat/completions "HTTP/1.1 200 OK"
2026-05-19 07:45:15,088 - INFO - HTTP Request: POST http://localhost:8000/v1/chat/completions "HTTP/1.1 200 OK"
2026-05-19 07:45:21,236 - INFO - HTTP Request: POST http://localhost:8001/v1/chat/completions "HTTP/1.1 200 OK"
2026-05-19 07:45:21,238 - INFO - Page 1 processed successfully
2026-05-19 07:45:35,017 - INFO - Processing Image: uploads/8476886f-5c61-4471-ab69-70988e64d7b5.jpg
2026-05-19 07:45:35,017 - INFO - Processing page 1/1
2026-05-19 07:45:35,836 - INFO - HTTP Request: POST http://localhost:8000/v1/chat/completions "HTTP/1.1 200 OK"
2026-05-19 07:45:35,844 - INFO - HTTP Request: POST http://localhost:8000/v1/chat/completions "HTTP/1.1 200 OK"
2026-05-19 07:45:35,845 - INFO - HTTP Request: POST http://localhost:8000/v1/chat/completions "HTTP/1.1 200 OK"
2026-05-19 07:45:35,849 - INFO - HTTP Request: POST http://localhost:8000/v1/chat/completions "HTTP/1.1 200 OK"
2026-05-19 07:45:35,850 - INFO - HTTP Request: POST http://localhost:8000/v1/chat/completions "HTTP/1.1 200 OK"
2026-05-19 07:45:35,854 - INFO - HTTP Request: POST http://localhost:8000/v1/chat/completions "HTTP/1.1 200 OK"
2026-05-19 07:45:35,865 - INFO - HTTP Request: POST http://localhost:8000/v1/chat/completions "HTTP/1.1 200 OK"
2026-05-19 07:45:35,871 - INFO - HTTP Request: POST http://localhost:8000/v1/chat/completions "HTTP/1.1 200 OK"
2026-05-19 07:45:35,878 - INFO - HTTP Request: POST http://localhost:8000/v1/chat/completions "HTTP/1.1 200 OK"
2026-05-19 07:45:35,879 - INFO - HTTP Request: POST http://localhost:8000/v1/chat/completions "HTTP/1.1 200 OK"
2026-05-19 07:45:35,879 - INFO - HTTP Request: POST http://localhost:8000/v1/chat/completions "HTTP/1.1 200 OK"
2026-05-19 07:45:35,890 - INFO - HTTP Request: POST http://localhost:8000/v1/chat/completions "HTTP/1.1 200 OK"
2026-05-19 07:45:35,891 - INFO - HTTP Request: POST http://localhost:8000/v1/chat/completions "HTTP/1.1 200 OK"
2026-05-19 07:45:35,891 - INFO - HTTP Request: POST http://localhost:8000/v1/chat/completions "HTTP/1.1 200 OK"
2026-05-19 07:45:35,902 - INFO - HTTP Request: POST http://localhost:8000/v1/chat/completions "HTTP/1.1 200 OK"
2026-05-19 07:45:35,903 - INFO - HTTP Request: POST http://localhost:8000/v1/chat/completions "HTTP/1.1 200 OK"
2026-05-19 07:45:35,903 - INFO - HTTP Request: POST http://localhost:8000/v1/chat/completions "HTTP/1.1 200 OK"
2026-05-19 07:45:35,904 - INFO - HTTP Request: POST http://localhost:8000/v1/chat/completions "HTTP/1.1 200 OK"
2026-05-19 07:45:35,910 - INFO - HTTP Request: POST http://localhost:8000/v1/chat/completions "HTTP/1.1 200 OK"
2026-05-19 07:45:35,913 - INFO - HTTP Request: POST http://localhost:8000/v1/chat/completions "HTTP/1.1 200 OK"
2026-05-19 07:45:35,914 - INFO - HTTP Request: POST http://localhost:8000/v1/chat/completions "HTTP/1.1 200 OK"
2026-05-19 07:45:35,914 - INFO - HTTP Request: POST http://localhost:8000/v1/chat/completions "HTTP/1.1 200 OK"
2026-05-19 07:45:35,922 - INFO - HTTP Request: POST http://localhost:8000/v1/chat/completions "HTTP/1.1 200 OK"
2026-05-19 07:45:35,924 - INFO - HTTP Request: POST http://localhost:8000/v1/chat/completions "HTTP/1.1 200 OK"
2026-05-19 07:45:35,927 - INFO - HTTP Request: POST http://localhost:8000/v1/chat/completions "HTTP/1.1 200 OK"
2026-05-19 07:45:35,933 - INFO - HTTP Request: POST http://localhost:8000/v1/chat/completions "HTTP/1.1 200 OK"
2026-05-19 07:45:35,944 - INFO - HTTP Request: POST http://localhost:8000/v1/chat/completions "HTTP/1.1 200 OK"
2026-05-19 07:45:35,990 - INFO - HTTP Request: POST http://localhost:8000/v1/chat/completions "HTTP/1.1 200 OK"
2026-05-19 07:45:36,365 - INFO - HTTP Request: POST http://localhost:8000/v1/chat/completions "HTTP/1.1 200 OK"
2026-05-19 07:45:42,525 - INFO - HTTP Request: POST http://localhost:8001/v1/chat/completions "HTTP/1.1 200 OK"
2026-05-19 07:45:42,526 - INFO - Page 1 processed successfully
2026-05-19 07:45:51,133 - INFO - Processing Image: uploads/cddbe5d9-d181-40d0-b3e5-03e21e855233.jpg
2026-05-19 07:45:51,134 - INFO - Processing page 1/1
2026-05-19 07:45:51,894 - INFO - HTTP Request: POST http://localhost:8000/v1/chat/completions "HTTP/1.1 200 OK"
2026-05-19 07:45:51,900 - INFO - HTTP Request: POST http://localhost:8000/v1/chat/completions "HTTP/1.1 200 OK"
2026-05-19 07:45:51,901 - INFO - HTTP Request: POST http://localhost:8000/v1/chat/completions "HTTP/1.1 200 OK"
2026-05-19 07:45:51,905 - INFO - HTTP Request: POST http://localhost:8000/v1/chat/completions "HTTP/1.1 200 OK"
2026-05-19 07:45:51,906 - INFO - HTTP Request: POST http://localhost:8000/v1/chat/completions "HTTP/1.1 200 OK"
2026-05-19 07:45:51,909 - INFO - HTTP Request: POST http://localhost:8000/v1/chat/completions "HTTP/1.1 200 OK"
2026-05-19 07:45:51,919 - INFO - HTTP Request: POST http://localhost:8000/v1/chat/completions "HTTP/1.1 200 OK"
2026-05-19 07:45:51,920 - INFO - HTTP Request: POST http://localhost:8000/v1/chat/completions "HTTP/1.1 200 OK"
2026-05-19 07:45:51,923 - INFO - HTTP Request: POST http://localhost:8000/v1/chat/completions "HTTP/1.1 200 OK"
2026-05-19 07:45:51,929 - INFO - HTTP Request: POST http://localhost:8000/v1/chat/completions "HTTP/1.1 200 OK"
2026-05-19 07:45:51,930 - INFO - HTTP Request: POST http://localhost:8000/v1/chat/completions "HTTP/1.1 200 OK"
2026-05-19 07:45:51,940 - INFO - HTTP Request: POST http://localhost:8000/v1/chat/completions "HTTP/1.1 200 OK"
2026-05-19 07:45:51,941 - INFO - HTTP Request: POST http://localhost:8000/v1/chat/completions "HTTP/1.1 200 OK"
2026-05-19 07:45:51,942 - INFO - HTTP Request: POST http://localhost:8000/v1/chat/completions "HTTP/1.1 200 OK"
2026-05-19 07:45:51,945 - INFO - HTTP Request: POST http://localhost:8000/v1/chat/completions "HTTP/1.1 200 OK"
2026-05-19 07:45:51,951 - INFO - HTTP Request: POST http://localhost:8000/v1/chat/completions "HTTP/1.1 200 OK"
2026-05-19 07:45:51,952 - INFO - HTTP Request: POST http://localhost:8000/v1/chat/completions "HTTP/1.1 200 OK"
2026-05-19 07:45:51,953 - INFO - HTTP Request: POST http://localhost:8000/v1/chat/completions "HTTP/1.1 200 OK"
2026-05-19 07:45:51,953 - INFO - HTTP Request: POST http://localhost:8000/v1/chat/completions "HTTP/1.1 200 OK"
2026-05-19 07:45:51,957 - INFO - HTTP Request: POST http://localhost:8000/v1/chat/completions "HTTP/1.1 200 OK"
2026-05-19 07:45:51,958 - INFO - HTTP Request: POST http://localhost:8000/v1/chat/completions "HTTP/1.1 200 OK"
2026-05-19 07:45:51,960 - INFO - HTTP Request: POST http://localhost:8000/v1/chat/completions "HTTP/1.1 200 OK"
2026-05-19 07:45:51,964 - INFO - HTTP Request: POST http://localhost:8000/v1/chat/completions "HTTP/1.1 200 OK"
2026-05-19 07:45:51,969 - INFO - HTTP Request: POST http://localhost:8000/v1/chat/completions "HTTP/1.1 200 OK"
2026-05-19 07:45:51,973 - INFO - HTTP Request: POST http://localhost:8000/v1/chat/completions "HTTP/1.1 200 OK"
2026-05-19 07:45:51,978 - INFO - HTTP Request: POST http://localhost:8000/v1/chat/completions "HTTP/1.1 200 OK"
2026-05-19 07:45:51,986 - INFO - HTTP Request: POST http://localhost:8000/v1/chat/completions "HTTP/1.1 200 OK"
2026-05-19 07:45:52,028 - INFO - HTTP Request: POST http://localhost:8000/v1/chat/completions "HTTP/1.1 200 OK"
2026-05-19 07:45:52,407 - INFO - HTTP Request: POST http://localhost:8000/v1/chat/completions "HTTP/1.1 200 OK"
2026-05-19 07:45:58,576 - INFO - HTTP Request: POST http://localhost:8001/v1/chat/completions "HTTP/1.1 200 OK"
2026-05-19 07:45:58,578 - INFO - Page 1 processed successfully
2026-05-19 07:46:18,390 - INFO - Processing PDF: uploads/bd04fa4b-9432-4b82-af21-e606f5ecfdf4.pdf
2026-05-19 07:46:18,655 - INFO - Processing page 1/1
2026-05-19 07:46:20,644 - INFO - HTTP Request: POST http://localhost:8000/v1/chat/completions "HTTP/1.1 200 OK"
2026-05-19 07:46:20,651 - INFO - HTTP Request: POST http://localhost:8000/v1/chat/completions "HTTP/1.1 200 OK"
2026-05-19 07:46:20,651 - INFO - HTTP Request: POST http://localhost:8000/v1/chat/completions "HTTP/1.1 200 OK"
2026-05-19 07:46:20,661 - INFO - HTTP Request: POST http://localhost:8000/v1/chat/completions "HTTP/1.1 200 OK"
2026-05-19 07:46:20,668 - INFO - HTTP Request: POST http://localhost:8000/v1/chat/completions "HTTP/1.1 200 OK"
2026-05-19 07:46:20,683 - INFO - HTTP Request: POST http://localhost:8000/v1/chat/completions "HTTP/1.1 200 OK"
2026-05-19 07:46:20,815 - INFO - HTTP Request: POST http://localhost:8000/v1/chat/completions "HTTP/1.1 200 OK"
2026-05-19 07:46:20,820 - INFO - HTTP Request: POST http://localhost:8000/v1/chat/completions "HTTP/1.1 200 OK"
2026-05-19 07:46:20,855 - INFO - HTTP Request: POST http://localhost:8000/v1/chat/completions "HTTP/1.1 200 OK"
2026-05-19 07:46:20,898 - INFO - HTTP Request: POST http://localhost:8000/v1/chat/completions "HTTP/1.1 200 OK"
2026-05-19 07:46:20,940 - INFO - HTTP Request: POST http://localhost:8000/v1/chat/completions "HTTP/1.1 200 OK"
2026-05-19 07:46:21,804 - INFO - HTTP Request: POST http://localhost:8000/v1/chat/completions "HTTP/1.1 200 OK"
2026-05-19 07:46:26,337 - INFO - HTTP Request: POST http://localhost:8000/v1/chat/completions "HTTP/1.1 200 OK"
2026-05-19 07:46:54,973 - INFO - HTTP Request: POST http://localhost:8001/v1/chat/completions "HTTP/1.1 200 OK"
2026-05-19 07:46:54,974 - INFO - Page 1 processed successfully
2026-05-19 07:47:35,925 - INFO - Processing PDF: uploads/e63fdc77-cb4b-4435-afe7-ef4e8d02bfc0.pdf
2026-05-19 07:47:36,382 - INFO - Processing page 1/4
2026-05-19 07:47:37,002 - INFO - HTTP Request: POST http://localhost:8000/v1/chat/completions "HTTP/1.1 200 OK"
2026-05-19 07:47:37,005 - INFO - HTTP Request: POST http://localhost:8000/v1/chat/completions "HTTP/1.1 200 OK"
2026-05-19 07:47:37,017 - INFO - HTTP Request: POST http://localhost:8000/v1/chat/completions "HTTP/1.1 200 OK"
2026-05-19 07:47:37,039 - INFO - HTTP Request: POST http://localhost:8000/v1/chat/completions "HTTP/1.1 200 OK"
2026-05-19 07:47:37,052 - INFO - HTTP Request: POST http://localhost:8000/v1/chat/completions "HTTP/1.1 200 OK"
2026-05-19 07:47:37,060 - INFO - HTTP Request: POST http://localhost:8000/v1/chat/completions "HTTP/1.1 200 OK"
2026-05-19 07:47:37,199 - INFO - HTTP Request: POST http://localhost:8000/v1/chat/completions "HTTP/1.1 200 OK"
2026-05-19 07:47:37,208 - INFO - HTTP Request: POST http://localhost:8000/v1/chat/completions "HTTP/1.1 200 OK"
2026-05-19 07:47:37,222 - INFO - HTTP Request: POST http://localhost:8000/v1/chat/completions "HTTP/1.1 200 OK"
2026-05-19 07:47:37,269 - INFO - HTTP Request: POST http://localhost:8000/v1/chat/completions "HTTP/1.1 200 OK"
2026-05-19 07:47:37,329 - INFO - HTTP Request: POST http://localhost:8000/v1/chat/completions "HTTP/1.1 200 OK"
2026-05-19 07:47:38,174 - INFO - HTTP Request: POST http://localhost:8000/v1/chat/completions "HTTP/1.1 200 OK"
2026-05-19 07:47:42,704 - INFO - HTTP Request: POST http://localhost:8000/v1/chat/completions "HTTP/1.1 200 OK"
2026-05-19 07:48:10,624 - INFO - HTTP Request: POST http://localhost:8001/v1/chat/completions "HTTP/1.1 200 OK"
2026-05-19 07:48:10,625 - INFO - Page 1 processed successfully
2026-05-19 07:48:10,625 - INFO - Processing page 2/4
2026-05-19 07:48:11,229 - INFO - HTTP Request: POST http://localhost:8000/v1/chat/completions "HTTP/1.1 200 OK"
2026-05-19 07:48:12,219 - INFO - HTTP Request: POST http://localhost:8000/v1/chat/completions "HTTP/1.1 200 OK"
2026-05-19 07:48:12,228 - INFO - HTTP Request: POST http://localhost:8000/v1/chat/completions "HTTP/1.1 200 OK"
2026-05-19 07:48:12,374 - INFO - HTTP Request: POST http://localhost:8000/v1/chat/completions "HTTP/1.1 200 OK"
2026-05-19 07:48:12,378 - INFO - HTTP Request: POST http://localhost:8000/v1/chat/completions "HTTP/1.1 200 OK"
2026-05-19 07:48:12,404 - INFO - HTTP Request: POST http://localhost:8000/v1/chat/completions "HTTP/1.1 200 OK"
2026-05-19 07:48:12,496 - INFO - HTTP Request: POST http://localhost:8000/v1/chat/completions "HTTP/1.1 200 OK"
2026-05-19 07:48:13,304 - INFO - HTTP Request: POST http://localhost:8000/v1/chat/completions "HTTP/1.1 200 OK"
2026-05-19 07:48:17,379 - INFO - HTTP Request: POST http://localhost:8000/v1/chat/completions "HTTP/1.1 200 OK"
2026-05-19 07:48:43,059 - INFO - HTTP Request: POST http://localhost:8001/v1/chat/completions "HTTP/1.1 200 OK"
2026-05-19 07:48:43,061 - INFO - Page 2 processed successfully
2026-05-19 07:48:43,061 - INFO - Processing page 3/4
2026-05-19 07:48:44,814 - INFO - HTTP Request: POST http://localhost:8000/v1/chat/completions "HTTP/1.1 200 OK"
2026-05-19 07:48:44,819 - INFO - HTTP Request: POST http://localhost:8000/v1/chat/completions "HTTP/1.1 200 OK"
2026-05-19 07:48:44,831 - INFO - HTTP Request: POST http://localhost:8000/v1/chat/completions "HTTP/1.1 200 OK"
2026-05-19 07:48:44,944 - INFO - HTTP Request: POST http://localhost:8000/v1/chat/completions "HTTP/1.1 200 OK"
2026-05-19 07:48:44,974 - INFO - HTTP Request: POST http://localhost:8000/v1/chat/completions "HTTP/1.1 200 OK"
2026-05-19 07:48:45,019 - INFO - HTTP Request: POST http://localhost:8000/v1/chat/completions "HTTP/1.1 200 OK"
2026-05-19 07:48:45,096 - INFO - HTTP Request: POST http://localhost:8000/v1/chat/completions "HTTP/1.1 200 OK"
2026-05-19 07:48:45,928 - INFO - HTTP Request: POST http://localhost:8000/v1/chat/completions "HTTP/1.1 200 OK"
2026-05-19 07:48:50,801 - INFO - HTTP Request: POST http://localhost:8000/v1/chat/completions "HTTP/1.1 200 OK"
2026-05-19 07:49:18,176 - INFO - HTTP Request: POST http://localhost:8001/v1/chat/completions "HTTP/1.1 200 OK"
2026-05-19 07:49:18,178 - INFO - Page 3 processed successfully
2026-05-19 07:49:18,178 - INFO - Processing page 4/4
2026-05-19 07:49:19,798 - INFO - HTTP Request: POST http://localhost:8000/v1/chat/completions "HTTP/1.1 200 OK"
2026-05-19 07:49:19,808 - INFO - HTTP Request: POST http://localhost:8000/v1/chat/completions "HTTP/1.1 200 OK"
2026-05-19 07:49:19,823 - INFO - HTTP Request: POST http://localhost:8000/v1/chat/completions "HTTP/1.1 200 OK"
2026-05-19 07:49:19,961 - INFO - HTTP Request: POST http://localhost:8000/v1/chat/completions "HTTP/1.1 200 OK"
2026-05-19 07:49:19,970 - INFO - HTTP Request: POST http://localhost:8000/v1/chat/completions "HTTP/1.1 200 OK"
2026-05-19 07:49:20,042 - INFO - HTTP Request: POST http://localhost:8000/v1/chat/completions "HTTP/1.1 200 OK"
2026-05-19 07:49:20,118 - INFO - HTTP Request: POST http://localhost:8000/v1/chat/completions "HTTP/1.1 200 OK"
2026-05-19 07:49:20,950 - INFO - HTTP Request: POST http://localhost:8000/v1/chat/completions "HTTP/1.1 200 OK"
2026-05-19 07:49:24,528 - INFO - HTTP Request: POST http://localhost:8000/v1/chat/completions "HTTP/1.1 200 OK"
2026-05-19 07:49:49,596 - INFO - HTTP Request: POST http://localhost:8001/v1/chat/completions "HTTP/1.1 200 OK"
2026-05-19 07:49:49,597 - INFO - Page 4 processed successfully
2026-05-20 02:00:45,971 - INFO - Processing PDF: uploads/9759609b-3b65-40f7-85fa-975c268ed5b1.pdf
2026-05-20 02:01:10,311 - INFO - Processing PDF: uploads/bdc4a1aa-2799-4865-96a0-7eccb8d191b8.pdf
2026-05-20 02:06:16,700 - INFO - Processing PDF: uploads/41b63384-f2e2-42a4-8128-c9144a794b59.pdf
2026-05-20 02:06:17,161 - INFO - Processing page 1/4
2026-05-20 02:06:28,279 - INFO - HTTP Request: POST http://localhost:8000/v1/chat/completions "HTTP/1.1 200 OK"
2026-05-20 02:06:28,280 - INFO - HTTP Request: POST http://localhost:8000/v1/chat/completions "HTTP/1.1 200 OK"
2026-05-20 02:06:28,337 - INFO - HTTP Request: POST http://localhost:8000/v1/chat/completions "HTTP/1.1 200 OK"
2026-05-20 02:06:28,364 - INFO - HTTP Request: POST http://localhost:8000/v1/chat/completions "HTTP/1.1 200 OK"
2026-05-20 02:06:28,365 - INFO - HTTP Request: POST http://localhost:8000/v1/chat/completions "HTTP/1.1 200 OK"
2026-05-20 02:06:28,384 - INFO - HTTP Request: POST http://localhost:8000/v1/chat/completions "HTTP/1.1 200 OK"
2026-05-20 02:06:28,587 - INFO - HTTP Request: POST http://localhost:8000/v1/chat/completions "HTTP/1.1 200 OK"
2026-05-20 02:06:28,595 - INFO - HTTP Request: POST http://localhost:8000/v1/chat/completions "HTTP/1.1 200 OK"
2026-05-20 02:06:28,637 - INFO - HTTP Request: POST http://localhost:8000/v1/chat/completions "HTTP/1.1 200 OK"
2026-05-20 02:06:28,680 - INFO - HTTP Request: POST http://localhost:8000/v1/chat/completions "HTTP/1.1 200 OK"
2026-05-20 02:06:28,724 - INFO - HTTP Request: POST http://localhost:8000/v1/chat/completions "HTTP/1.1 200 OK"
2026-05-20 02:06:29,641 - INFO - HTTP Request: POST http://localhost:8000/v1/chat/completions "HTTP/1.1 200 OK"
2026-05-20 02:06:34,240 - INFO - HTTP Request: POST http://localhost:8000/v1/chat/completions "HTTP/1.1 200 OK"
2026-05-20 02:07:03,437 - INFO - HTTP Request: POST http://localhost:8001/v1/chat/completions "HTTP/1.1 200 OK"
2026-05-20 02:07:03,439 - INFO - Page 1 processed successfully
2026-05-20 02:07:03,440 - INFO - Processing page 2/4
2026-05-20 02:07:04,256 - INFO - HTTP Request: POST http://localhost:8000/v1/chat/completions "HTTP/1.1 200 OK"
2026-05-20 02:07:05,110 - INFO - HTTP Request: POST http://localhost:8000/v1/chat/completions "HTTP/1.1 200 OK"
2026-05-20 02:07:05,119 - INFO - HTTP Request: POST http://localhost:8000/v1/chat/completions "HTTP/1.1 200 OK"
2026-05-20 02:07:05,264 - INFO - HTTP Request: POST http://localhost:8000/v1/chat/completions "HTTP/1.1 200 OK"
2026-05-20 02:07:05,268 - INFO - HTTP Request: POST http://localhost:8000/v1/chat/completions "HTTP/1.1 200 OK"
2026-05-20 02:07:05,276 - INFO - HTTP Request: POST http://localhost:8000/v1/chat/completions "HTTP/1.1 200 OK"
2026-05-20 02:07:05,386 - INFO - HTTP Request: POST http://localhost:8000/v1/chat/completions "HTTP/1.1 200 OK"
2026-05-20 02:07:06,259 - INFO - HTTP Request: POST http://localhost:8000/v1/chat/completions "HTTP/1.1 200 OK"
2026-05-20 02:07:10,428 - INFO - HTTP Request: POST http://localhost:8000/v1/chat/completions "HTTP/1.1 200 OK"
2026-05-20 02:07:36,218 - INFO - HTTP Request: POST http://localhost:8001/v1/chat/completions "HTTP/1.1 200 OK"
2026-05-20 02:07:36,219 - INFO - Page 2 processed successfully
2026-05-20 02:07:36,219 - INFO - Processing page 3/4
2026-05-20 02:07:36,913 - INFO - HTTP Request: POST http://localhost:8000/v1/chat/completions "HTTP/1.1 200 OK"
2026-05-20 02:07:37,804 - INFO - HTTP Request: POST http://localhost:8000/v1/chat/completions "HTTP/1.1 200 OK"
2026-05-20 02:07:37,813 - INFO - HTTP Request: POST http://localhost:8000/v1/chat/completions "HTTP/1.1 200 OK"
2026-05-20 02:07:38,017 - INFO - HTTP Request: POST http://localhost:8000/v1/chat/completions "HTTP/1.1 200 OK"
2026-05-20 02:07:38,032 - INFO - HTTP Request: POST http://localhost:8000/v1/chat/completions "HTTP/1.1 200 OK"
2026-05-20 02:07:38,045 - INFO - HTTP Request: POST http://localhost:8000/v1/chat/completions "HTTP/1.1 200 OK"
2026-05-20 02:07:38,188 - INFO - HTTP Request: POST http://localhost:8000/v1/chat/completions "HTTP/1.1 200 OK"
2026-05-20 02:07:39,172 - INFO - HTTP Request: POST http://localhost:8000/v1/chat/completions "HTTP/1.1 200 OK"
2026-05-20 02:07:43,859 - INFO - HTTP Request: POST http://localhost:8000/v1/chat/completions "HTTP/1.1 200 OK"
2026-05-20 02:08:11,145 - INFO - HTTP Request: POST http://localhost:8001/v1/chat/completions "HTTP/1.1 200 OK"
2026-05-20 02:08:11,147 - INFO - Page 3 processed successfully
2026-05-20 02:08:11,148 - INFO - Processing page 4/4
2026-05-20 02:08:11,864 - INFO - HTTP Request: POST http://localhost:8000/v1/chat/completions "HTTP/1.1 200 OK"
2026-05-20 02:08:12,747 - INFO - HTTP Request: POST http://localhost:8000/v1/chat/completions "HTTP/1.1 200 OK"
2026-05-20 02:08:12,757 - INFO - HTTP Request: POST http://localhost:8000/v1/chat/completions "HTTP/1.1 200 OK"
2026-05-20 02:08:12,915 - INFO - HTTP Request: POST http://localhost:8000/v1/chat/completions "HTTP/1.1 200 OK"
2026-05-20 02:08:12,924 - INFO - HTTP Request: POST http://localhost:8000/v1/chat/completions "HTTP/1.1 200 OK"
2026-05-20 02:08:12,970 - INFO - HTTP Request: POST http://localhost:8000/v1/chat/completions "HTTP/1.1 200 OK"
2026-05-20 02:08:13,090 - INFO - HTTP Request: POST http://localhost:8000/v1/chat/completions "HTTP/1.1 200 OK"
2026-05-20 02:08:13,952 - INFO - HTTP Request: POST http://localhost:8000/v1/chat/completions "HTTP/1.1 200 OK"
2026-05-20 02:08:17,558 - INFO - HTTP Request: POST http://localhost:8000/v1/chat/completions "HTTP/1.1 200 OK"
2026-05-20 02:08:42,087 - INFO - HTTP Request: POST http://localhost:8001/v1/chat/completions "HTTP/1.1 200 OK"
2026-05-20 02:08:42,089 - INFO - Page 4 processed successfully
2026-05-20 03:12:59,002 - INFO - Processing PDF: uploads/71e9e2eb-1dfc-4c9c-bf0b-8acffffa2388.pdf
2026-05-20 03:13:04,172 - INFO - HTTP Request: POST http://localhost:8000/v1/chat/completions "HTTP/1.1 200 OK"
2026-05-20 03:13:04,187 - INFO - HTTP Request: POST http://localhost:8000/v1/chat/completions "HTTP/1.1 200 OK"
2026-05-20 03:13:04,189 - INFO - HTTP Request: POST http://localhost:8000/v1/chat/completions "HTTP/1.1 200 OK"
2026-05-20 03:13:04,191 - INFO - HTTP Request: POST http://localhost:8000/v1/chat/completions "HTTP/1.1 200 OK"
2026-05-20 03:13:04,191 - INFO - HTTP Request: POST http://localhost:8000/v1/chat/completions "HTTP/1.1 200 OK"
2026-05-20 03:13:04,198 - INFO - HTTP Request: POST http://localhost:8000/v1/chat/completions "HTTP/1.1 200 OK"
2026-05-20 03:13:04,200 - INFO - HTTP Request: POST http://localhost:8000/v1/chat/completions "HTTP/1.1 200 OK"
2026-05-20 03:13:04,201 - INFO - HTTP Request: POST http://localhost:8000/v1/chat/completions "HTTP/1.1 200 OK"
2026-05-20 03:13:04,207 - INFO - HTTP Request: POST http://localhost:8000/v1/chat/completions "HTTP/1.1 200 OK"
2026-05-20 03:13:04,208 - INFO - HTTP Request: POST http://localhost:8000/v1/chat/completions "HTTP/1.1 200 OK"
2026-05-20 03:13:04,210 - INFO - HTTP Request: POST http://localhost:8000/v1/chat/completions "HTTP/1.1 200 OK"
2026-05-20 03:13:04,217 - INFO - HTTP Request: POST http://localhost:8000/v1/chat/completions "HTTP/1.1 200 OK"
2026-05-20 03:13:04,218 - INFO - HTTP Request: POST http://localhost:8000/v1/chat/completions "HTTP/1.1 200 OK"
2026-05-20 03:13:04,218 - INFO - HTTP Request: POST http://localhost:8000/v1/chat/completions "HTTP/1.1 200 OK"
2026-05-20 03:13:04,223 - INFO - HTTP Request: POST http://localhost:8000/v1/chat/completions "HTTP/1.1 200 OK"
2026-05-20 03:13:04,224 - INFO - HTTP Request: POST http://localhost:8000/v1/chat/completions "HTTP/1.1 200 OK"
2026-05-20 03:13:04,230 - INFO - HTTP Request: POST http://localhost:8000/v1/chat/completions "HTTP/1.1 200 OK"
2026-05-20 03:13:04,231 - INFO - HTTP Request: POST http://localhost:8000/v1/chat/completions "HTTP/1.1 200 OK"
2026-05-20 03:13:04,232 - INFO - HTTP Request: POST http://localhost:8000/v1/chat/completions "HTTP/1.1 200 OK"
2026-05-20 03:13:04,405 - INFO - HTTP Request: POST http://localhost:8000/v1/chat/completions "HTTP/1.1 200 OK"
2026-05-20 03:13:04,413 - INFO - HTTP Request: POST http://localhost:8000/v1/chat/completions "HTTP/1.1 200 OK"
2026-05-20 03:13:04,413 - INFO - HTTP Request: POST http://localhost:8000/v1/chat/completions "HTTP/1.1 200 OK"
2026-05-20 03:13:04,414 - INFO - HTTP Request: POST http://localhost:8000/v1/chat/completions "HTTP/1.1 200 OK"
2026-05-20 03:13:04,422 - INFO - HTTP Request: POST http://localhost:8000/v1/chat/completions "HTTP/1.1 200 OK"
2026-05-20 03:13:04,422 - INFO - HTTP Request: POST http://localhost:8000/v1/chat/completions "HTTP/1.1 200 OK"
2026-05-20 03:13:04,436 - INFO - HTTP Request: POST http://localhost:8000/v1/chat/completions "HTTP/1.1 200 OK"
2026-05-20 03:13:04,437 - INFO - HTTP Request: POST http://localhost:8000/v1/chat/completions "HTTP/1.1 200 OK"
2026-05-20 03:13:04,473 - INFO - HTTP Request: POST http://localhost:8000/v1/chat/completions "HTTP/1.1 200 OK"
2026-05-20 03:13:04,526 - INFO - HTTP Request: POST http://localhost:8000/v1/chat/completions "HTTP/1.1 200 OK"
2026-05-20 03:13:04,536 - INFO - HTTP Request: POST http://localhost:8000/v1/chat/completions "HTTP/1.1 200 OK"
2026-05-20 03:13:04,542 - INFO - HTTP Request: POST http://localhost:8000/v1/chat/completions "HTTP/1.1 200 OK"
2026-05-20 03:13:04,543 - INFO - HTTP Request: POST http://localhost:8000/v1/chat/completions "HTTP/1.1 200 OK"
2026-05-20 03:13:04,570 - INFO - HTTP Request: POST http://localhost:8000/v1/chat/completions "HTTP/1.1 200 OK"
2026-05-20 03:13:04,580 - INFO - HTTP Request: POST http://localhost:8000/v1/chat/completions "HTTP/1.1 200 OK"
2026-05-20 03:13:04,582 - INFO - HTTP Request: POST http://localhost:8000/v1/chat/completions "HTTP/1.1 200 OK"
2026-05-20 03:13:04,585 - INFO - HTTP Request: POST http://localhost:8000/v1/chat/completions "HTTP/1.1 200 OK"
2026-05-20 03:13:05,546 - INFO - HTTP Request: POST http://localhost:8000/v1/chat/completions "HTTP/1.1 200 OK"
2026-05-20 03:13:05,553 - INFO - HTTP Request: POST http://localhost:8000/v1/chat/completions "HTTP/1.1 200 OK"
2026-05-20 03:13:05,556 - INFO - HTTP Request: POST http://localhost:8000/v1/chat/completions "HTTP/1.1 200 OK"
2026-05-20 03:13:05,557 - INFO - HTTP Request: POST http://localhost:8000/v1/chat/completions "HTTP/1.1 200 OK"
2026-05-20 03:13:09,978 - INFO - HTTP Request: POST http://localhost:8000/v1/chat/completions "HTTP/1.1 200 OK"
2026-05-20 03:13:10,331 - INFO - HTTP Request: POST http://localhost:8000/v1/chat/completions "HTTP/1.1 200 OK"
2026-05-20 03:13:12,076 - INFO - HTTP Request: POST http://localhost:8000/v1/chat/completions "HTTP/1.1 200 OK"
2026-05-20 03:13:12,158 - INFO - HTTP Request: POST http://localhost:8000/v1/chat/completions "HTTP/1.1 200 OK"
2026-05-20 03:13:47,262 - INFO - HTTP Request: POST http://localhost:8001/v1/chat/completions "HTTP/1.1 200 OK"
2026-05-20 03:13:47,263 - INFO - Page 2 processed successfully
2026-05-20 03:13:49,116 - INFO - HTTP Request: POST http://localhost:8001/v1/chat/completions "HTTP/1.1 200 OK"
2026-05-20 03:13:49,118 - INFO - Page 4 processed successfully
2026-05-20 03:13:50,181 - INFO - HTTP Request: POST http://localhost:8001/v1/chat/completions "HTTP/1.1 200 OK"
2026-05-20 03:13:50,182 - INFO - Page 3 processed successfully
2026-05-20 03:13:51,707 - INFO - HTTP Request: POST http://localhost:8001/v1/chat/completions "HTTP/1.1 200 OK"
2026-05-20 03:13:51,708 - INFO - Page 1 processed successfully
2026-05-20 03:14:35,023 - INFO - Processing Image: uploads/5cbb9ea9-1c1e-4c4c-aa6c-81035b1f1632.jpg
2026-05-20 03:14:36,222 - INFO - HTTP Request: POST http://localhost:8000/v1/chat/completions "HTTP/1.1 200 OK"
2026-05-20 03:14:36,227 - INFO - HTTP Request: POST http://localhost:8000/v1/chat/completions "HTTP/1.1 200 OK"
2026-05-20 03:14:36,234 - INFO - HTTP Request: POST http://localhost:8000/v1/chat/completions "HTTP/1.1 200 OK"
2026-05-20 03:14:36,236 - INFO - HTTP Request: POST http://localhost:8000/v1/chat/completions "HTTP/1.1 200 OK"
2026-05-20 03:14:36,249 - INFO - HTTP Request: POST http://localhost:8000/v1/chat/completions "HTTP/1.1 200 OK"
2026-05-20 03:14:36,254 - INFO - HTTP Request: POST http://localhost:8000/v1/chat/completions "HTTP/1.1 200 OK"
2026-05-20 03:14:36,283 - INFO - HTTP Request: POST http://localhost:8000/v1/chat/completions "HTTP/1.1 200 OK"
2026-05-20 03:14:36,291 - INFO - HTTP Request: POST http://localhost:8000/v1/chat/completions "HTTP/1.1 200 OK"
2026-05-20 03:14:36,403 - INFO - HTTP Request: POST http://localhost:8000/v1/chat/completions "HTTP/1.1 200 OK"
2026-05-20 03:14:36,490 - INFO - HTTP Request: POST http://localhost:8000/v1/chat/completions "HTTP/1.1 200 OK"
2026-05-20 03:14:36,727 - INFO - HTTP Request: POST http://localhost:8000/v1/chat/completions "HTTP/1.1 200 OK"
2026-05-20 03:14:38,376 - INFO - HTTP Request: POST http://localhost:8000/v1/chat/completions "HTTP/1.1 200 OK"
2026-05-20 03:14:49,775 - INFO - HTTP Request: POST http://localhost:8001/v1/chat/completions "HTTP/1.1 200 OK"
2026-05-20 03:14:49,777 - INFO - Page 1 processed successfully
2026-05-20 03:15:12,503 - INFO - Processing PDF: uploads/d84f2987-f784-4deb-a0b8-13c65dd06138.pdf
2026-05-20 03:15:13,483 - INFO - HTTP Request: POST http://localhost:8000/v1/chat/completions "HTTP/1.1 200 OK"
2026-05-20 03:15:13,492 - INFO - HTTP Request: POST http://localhost:8000/v1/chat/completions "HTTP/1.1 200 OK"
2026-05-20 03:15:13,497 - INFO - HTTP Request: POST http://localhost:8000/v1/chat/completions "HTTP/1.1 200 OK"
2026-05-20 03:15:13,498 - INFO - HTTP Request: POST http://localhost:8000/v1/chat/completions "HTTP/1.1 200 OK"
2026-05-20 03:15:13,515 - INFO - HTTP Request: POST http://localhost:8000/v1/chat/completions "HTTP/1.1 200 OK"
2026-05-20 03:15:13,525 - INFO - HTTP Request: POST http://localhost:8000/v1/chat/completions "HTTP/1.1 200 OK"
2026-05-20 03:15:13,754 - INFO - HTTP Request: POST http://localhost:8000/v1/chat/completions "HTTP/1.1 200 OK"
2026-05-20 03:15:13,760 - INFO - HTTP Request: POST http://localhost:8000/v1/chat/completions "HTTP/1.1 200 OK"
2026-05-20 03:15:13,799 - INFO - HTTP Request: POST http://localhost:8000/v1/chat/completions "HTTP/1.1 200 OK"
2026-05-20 03:15:13,845 - INFO - HTTP Request: POST http://localhost:8000/v1/chat/completions "HTTP/1.1 200 OK"
2026-05-20 03:15:13,891 - INFO - HTTP Request: POST http://localhost:8000/v1/chat/completions "HTTP/1.1 200 OK"
2026-05-20 03:15:14,769 - INFO - HTTP Request: POST http://localhost:8000/v1/chat/completions "HTTP/1.1 200 OK"
2026-05-20 03:15:19,405 - INFO - HTTP Request: POST http://localhost:8000/v1/chat/completions "HTTP/1.1 200 OK"
2026-05-20 03:15:47,003 - INFO - HTTP Request: POST http://localhost:8001/v1/chat/completions "HTTP/1.1 200 OK"
2026-05-20 03:15:47,005 - INFO - Page 1 processed successfully
2026-05-20 03:19:13,037 - INFO - Processing PDF: uploads/8516c9be-8ffd-4d85-9143-e88b36a8adf3.pdf
2026-05-20 03:19:15,541 - INFO - HTTP Request: POST http://localhost:8000/v1/chat/completions "HTTP/1.1 200 OK"
2026-05-20 03:19:16,460 - INFO - HTTP Request: POST http://localhost:8000/v1/chat/completions "HTTP/1.1 200 OK"
2026-05-20 03:19:16,470 - INFO - HTTP Request: POST http://localhost:8000/v1/chat/completions "HTTP/1.1 200 OK"
2026-05-20 03:19:16,471 - INFO - HTTP Request: POST http://localhost:8000/v1/chat/completions "HTTP/1.1 200 OK"
2026-05-20 03:19:16,472 - INFO - HTTP Request: POST http://localhost:8000/v1/chat/completions "HTTP/1.1 200 OK"
2026-05-20 03:19:16,472 - INFO - HTTP Request: POST http://localhost:8000/v1/chat/completions "HTTP/1.1 200 OK"
2026-05-20 03:19:16,475 - INFO - HTTP Request: POST http://localhost:8000/v1/chat/completions "HTTP/1.1 200 OK"
2026-05-20 03:19:16,477 - INFO - HTTP Request: POST http://localhost:8000/v1/chat/completions "HTTP/1.1 200 OK"
2026-05-20 03:19:16,485 - INFO - HTTP Request: POST http://localhost:8000/v1/chat/completions "HTTP/1.1 200 OK"
2026-05-20 03:19:16,487 - INFO - HTTP Request: POST http://localhost:8000/v1/chat/completions "HTTP/1.1 200 OK"
2026-05-20 03:19:16,488 - INFO - HTTP Request: POST http://localhost:8000/v1/chat/completions "HTTP/1.1 200 OK"
2026-05-20 03:19:16,489 - INFO - HTTP Request: POST http://localhost:8000/v1/chat/completions "HTTP/1.1 200 OK"
2026-05-20 03:19:16,502 - INFO - HTTP Request: POST http://localhost:8000/v1/chat/completions "HTTP/1.1 200 OK"
2026-05-20 03:19:16,504 - INFO - HTTP Request: POST http://localhost:8000/v1/chat/completions "HTTP/1.1 200 OK"
2026-05-20 03:19:16,505 - INFO - HTTP Request: POST http://localhost:8000/v1/chat/completions "HTTP/1.1 200 OK"
2026-05-20 03:19:16,640 - INFO - HTTP Request: POST http://localhost:8000/v1/chat/completions "HTTP/1.1 200 OK"
2026-05-20 03:19:16,674 - INFO - HTTP Request: POST http://localhost:8000/v1/chat/completions "HTTP/1.1 200 OK"
2026-05-20 03:19:16,680 - INFO - HTTP Request: POST http://localhost:8000/v1/chat/completions "HTTP/1.1 200 OK"
2026-05-20 03:19:16,681 - INFO - HTTP Request: POST http://localhost:8000/v1/chat/completions "HTTP/1.1 200 OK"
2026-05-20 03:19:16,681 - INFO - HTTP Request: POST http://localhost:8000/v1/chat/completions "HTTP/1.1 200 OK"
2026-05-20 03:19:16,682 - INFO - HTTP Request: POST http://localhost:8000/v1/chat/completions "HTTP/1.1 200 OK"
2026-05-20 03:19:16,691 - INFO - HTTP Request: POST http://localhost:8000/v1/chat/completions "HTTP/1.1 200 OK"
2026-05-20 03:19:16,692 - INFO - HTTP Request: POST http://localhost:8000/v1/chat/completions "HTTP/1.1 200 OK"
2026-05-20 03:19:16,692 - INFO - HTTP Request: POST http://localhost:8000/v1/chat/completions "HTTP/1.1 200 OK"
2026-05-20 03:19:16,726 - INFO - HTTP Request: POST http://localhost:8000/v1/chat/completions "HTTP/1.1 200 OK"
2026-05-20 03:19:16,777 - INFO - HTTP Request: POST http://localhost:8000/v1/chat/completions "HTTP/1.1 200 OK"
2026-05-20 03:19:16,779 - INFO - HTTP Request: POST http://localhost:8000/v1/chat/completions "HTTP/1.1 200 OK"
2026-05-20 03:19:16,780 - INFO - HTTP Request: POST http://localhost:8000/v1/chat/completions "HTTP/1.1 200 OK"
2026-05-20 03:19:16,820 - INFO - HTTP Request: POST http://localhost:8000/v1/chat/completions "HTTP/1.1 200 OK"
2026-05-20 03:19:16,821 - INFO - HTTP Request: POST http://localhost:8000/v1/chat/completions "HTTP/1.1 200 OK"
2026-05-20 03:19:16,822 - INFO - HTTP Request: POST http://localhost:8000/v1/chat/completions "HTTP/1.1 200 OK"
2026-05-20 03:19:16,857 - INFO - HTTP Request: POST http://localhost:8000/v1/chat/completions "HTTP/1.1 200 OK"
2026-05-20 03:19:17,681 - INFO - HTTP Request: POST http://localhost:8000/v1/chat/completions "HTTP/1.1 200 OK"
2026-05-20 03:19:17,811 - INFO - HTTP Request: POST http://localhost:8000/v1/chat/completions "HTTP/1.1 200 OK"
2026-05-20 03:19:17,812 - INFO - HTTP Request: POST http://localhost:8000/v1/chat/completions "HTTP/1.1 200 OK"
2026-05-20 03:19:17,814 - INFO - HTTP Request: POST http://localhost:8000/v1/chat/completions "HTTP/1.1 200 OK"
2026-05-20 03:19:22,046 - INFO - HTTP Request: POST http://localhost:8000/v1/chat/completions "HTTP/1.1 200 OK"
2026-05-20 03:19:22,061 - INFO - HTTP Request: POST http://localhost:8000/v1/chat/completions "HTTP/1.1 200 OK"
2026-05-20 03:19:24,121 - INFO - HTTP Request: POST http://localhost:8000/v1/chat/completions "HTTP/1.1 200 OK"
2026-05-20 03:19:24,207 - INFO - HTTP Request: POST http://localhost:8000/v1/chat/completions "HTTP/1.1 200 OK"
2026-05-20 03:19:56,300 - INFO - HTTP Request: POST http://localhost:8001/v1/chat/completions "HTTP/1.1 200 OK"
2026-05-20 03:19:56,302 - INFO - Page 2 processed successfully
2026-05-20 03:19:58,889 - INFO - HTTP Request: POST http://localhost:8001/v1/chat/completions "HTTP/1.1 200 OK"
2026-05-20 03:19:58,891 - INFO - Page 4 processed successfully
2026-05-20 03:20:00,384 - INFO - HTTP Request: POST http://localhost:8001/v1/chat/completions "HTTP/1.1 200 OK"
2026-05-20 03:20:00,385 - INFO - Page 3 processed successfully
2026-05-20 03:20:01,926 - INFO - HTTP Request: POST http://localhost:8001/v1/chat/completions "HTTP/1.1 200 OK"
2026-05-20 03:20:01,927 - INFO - Page 1 processed successfully
2026-05-20 03:21:40,801 - INFO - Processing Image: uploads/559f39b6-f5e8-4b74-a1e7-080c211c92ba.jpg
2026-05-20 03:21:41,676 - INFO - HTTP Request: POST http://localhost:8000/v1/chat/completions "HTTP/1.1 200 OK"
2026-05-20 03:21:41,684 - INFO - HTTP Request: POST http://localhost:8000/v1/chat/completions "HTTP/1.1 200 OK"
2026-05-20 03:21:41,686 - INFO - HTTP Request: POST http://localhost:8000/v1/chat/completions "HTTP/1.1 200 OK"
2026-05-20 03:21:41,689 - INFO - HTTP Request: POST http://localhost:8000/v1/chat/completions "HTTP/1.1 200 OK"
2026-05-20 03:21:41,705 - INFO - HTTP Request: POST http://localhost:8000/v1/chat/completions "HTTP/1.1 200 OK"
2026-05-20 03:21:41,715 - INFO - HTTP Request: POST http://localhost:8000/v1/chat/completions "HTTP/1.1 200 OK"
2026-05-20 03:21:41,743 - INFO - HTTP Request: POST http://localhost:8000/v1/chat/completions "HTTP/1.1 200 OK"
2026-05-20 03:21:41,748 - INFO - HTTP Request: POST http://localhost:8000/v1/chat/completions "HTTP/1.1 200 OK"
2026-05-20 03:21:41,865 - INFO - HTTP Request: POST http://localhost:8000/v1/chat/completions "HTTP/1.1 200 OK"
2026-05-20 03:21:41,951 - INFO - HTTP Request: POST http://localhost:8000/v1/chat/completions "HTTP/1.1 200 OK"
2026-05-20 03:21:42,186 - INFO - HTTP Request: POST http://localhost:8000/v1/chat/completions "HTTP/1.1 200 OK"
2026-05-20 03:21:43,803 - INFO - HTTP Request: POST http://localhost:8000/v1/chat/completions "HTTP/1.1 200 OK"
2026-05-20 03:21:54,895 - INFO - HTTP Request: POST http://localhost:8001/v1/chat/completions "HTTP/1.1 200 OK"
2026-05-20 03:21:54,897 - INFO - Page 1 processed successfully
2026-05-20 03:23:40,205 - INFO - Processing Image: uploads/fc95c899-8130-4fcb-8499-0fbb5a88f0b3.jpg
2026-05-20 03:23:40,820 - INFO - HTTP Request: POST http://localhost:8000/v1/chat/completions "HTTP/1.1 200 OK"
2026-05-20 03:23:40,825 - INFO - HTTP Request: POST http://localhost:8000/v1/chat/completions "HTTP/1.1 200 OK"
2026-05-20 03:23:40,831 - INFO - HTTP Request: POST http://localhost:8000/v1/chat/completions "HTTP/1.1 200 OK"
2026-05-20 03:23:40,832 - INFO - HTTP Request: POST http://localhost:8000/v1/chat/completions "HTTP/1.1 200 OK"
2026-05-20 03:23:40,848 - INFO - HTTP Request: POST http://localhost:8000/v1/chat/completions "HTTP/1.1 200 OK"
2026-05-20 03:23:40,859 - INFO - HTTP Request: POST http://localhost:8000/v1/chat/completions "HTTP/1.1 200 OK"
2026-05-20 03:23:40,884 - INFO - HTTP Request: POST http://localhost:8000/v1/chat/completions "HTTP/1.1 200 OK"
2026-05-20 03:23:40,889 - INFO - HTTP Request: POST http://localhost:8000/v1/chat/completions "HTTP/1.1 200 OK"
2026-05-20 03:23:41,001 - INFO - HTTP Request: POST http://localhost:8000/v1/chat/completions "HTTP/1.1 200 OK"
2026-05-20 03:23:41,090 - INFO - HTTP Request: POST http://localhost:8000/v1/chat/completions "HTTP/1.1 200 OK"
2026-05-20 03:23:41,325 - INFO - HTTP Request: POST http://localhost:8000/v1/chat/completions "HTTP/1.1 200 OK"
2026-05-20 03:23:42,920 - INFO - HTTP Request: POST http://localhost:8000/v1/chat/completions "HTTP/1.1 200 OK"
2026-05-20 03:23:53,983 - INFO - HTTP Request: POST http://localhost:8001/v1/chat/completions "HTTP/1.1 200 OK"
2026-05-20 03:23:53,986 - INFO - Page 1 processed successfully
2026-05-20 03:42:09,333 - INFO - Processing Image: uploads/82a1053a-8c7b-4823-afe8-fa07ae9fe06b.jpg
2026-05-20 03:42:09,938 - INFO - HTTP Request: POST http://localhost:8000/v1/chat/completions "HTTP/1.1 200 OK"
2026-05-20 03:42:09,943 - INFO - HTTP Request: POST http://localhost:8000/v1/chat/completions "HTTP/1.1 200 OK"
2026-05-20 03:42:09,946 - INFO - HTTP Request: POST http://localhost:8000/v1/chat/completions "HTTP/1.1 200 OK"
2026-05-20 03:42:09,946 - INFO - HTTP Request: POST http://localhost:8000/v1/chat/completions "HTTP/1.1 200 OK"
2026-05-20 03:42:09,959 - INFO - HTTP Request: POST http://localhost:8000/v1/chat/completions "HTTP/1.1 200 OK"
2026-05-20 03:42:09,967 - INFO - HTTP Request: POST http://localhost:8000/v1/chat/completions "HTTP/1.1 200 OK"
2026-05-20 03:42:09,993 - INFO - HTTP Request: POST http://localhost:8000/v1/chat/completions "HTTP/1.1 200 OK"
2026-05-20 03:42:09,994 - INFO - HTTP Request: POST http://localhost:8000/v1/chat/completions "HTTP/1.1 200 OK"
2026-05-20 03:42:10,109 - INFO - HTTP Request: POST http://localhost:8000/v1/chat/completions "HTTP/1.1 200 OK"
2026-05-20 03:42:10,191 - INFO - HTTP Request: POST http://localhost:8000/v1/chat/completions "HTTP/1.1 200 OK"
2026-05-20 03:42:10,429 - INFO - HTTP Request: POST http://localhost:8000/v1/chat/completions "HTTP/1.1 200 OK"
2026-05-20 03:42:12,014 - INFO - HTTP Request: POST http://localhost:8000/v1/chat/completions "HTTP/1.1 200 OK"
2026-05-20 03:42:23,063 - INFO - HTTP Request: POST http://localhost:8001/v1/chat/completions "HTTP/1.1 200 OK"
2026-05-20 03:42:23,065 - INFO - Page 1 processed successfully
2026-05-20 03:43:49,490 - INFO - Processing Image: uploads/ce0cea06-4d4d-40e6-bb1c-3a3911dec685.jpg
2026-05-20 03:43:50,507 - INFO - HTTP Request: POST http://localhost:8000/v1/chat/completions "HTTP/1.1 200 OK"
2026-05-20 03:43:50,513 - INFO - HTTP Request: POST http://localhost:8000/v1/chat/completions "HTTP/1.1 200 OK"
2026-05-20 03:43:50,518 - INFO - HTTP Request: POST http://localhost:8000/v1/chat/completions "HTTP/1.1 200 OK"
2026-05-20 03:43:50,519 - INFO - HTTP Request: POST http://localhost:8000/v1/chat/completions "HTTP/1.1 200 OK"
2026-05-20 03:43:50,536 - INFO - HTTP Request: POST http://localhost:8000/v1/chat/completions "HTTP/1.1 200 OK"
2026-05-20 03:43:50,578 - INFO - HTTP Request: POST http://localhost:8000/v1/chat/completions "HTTP/1.1 200 OK"
2026-05-20 03:43:50,640 - INFO - HTTP Request: POST http://localhost:8000/v1/chat/completions "HTTP/1.1 200 OK"
2026-05-20 03:43:50,969 - INFO - HTTP Request: POST http://localhost:8000/v1/chat/completions "HTTP/1.1 200 OK"
2026-05-20 03:43:51,059 - INFO - HTTP Request: POST http://localhost:8000/v1/chat/completions "HTTP/1.1 200 OK"
2026-05-20 03:43:57,654 - INFO - HTTP Request: POST http://localhost:8001/v1/chat/completions "HTTP/1.1 200 OK"
2026-05-20 03:43:57,656 - INFO - Page 1 processed successfully
2026-05-20 03:50:24,060 - INFO - Processing Image: uploads/d34a6903-c1c5-45a0-ad0a-a3c55292a46e.jpg
2026-05-20 03:50:26,193 - INFO - HTTP Request: POST http://localhost:8000/v1/chat/completions "HTTP/1.1 200 OK"
2026-05-20 03:50:26,194 - INFO - HTTP Request: POST http://localhost:8000/v1/chat/completions "HTTP/1.1 200 OK"
2026-05-20 03:50:26,207 - INFO - HTTP Request: POST http://localhost:8000/v1/chat/completions "HTTP/1.1 200 OK"
2026-05-20 03:50:26,208 - INFO - HTTP Request: POST http://localhost:8000/v1/chat/completions "HTTP/1.1 200 OK"
2026-05-20 03:50:26,217 - INFO - HTTP Request: POST http://localhost:8000/v1/chat/completions "HTTP/1.1 200 OK"
2026-05-20 03:50:26,227 - INFO - HTTP Request: POST http://localhost:8000/v1/chat/completions "HTTP/1.1 200 OK"
2026-05-20 03:50:26,256 - INFO - HTTP Request: POST http://localhost:8000/v1/chat/completions "HTTP/1.1 200 OK"
2026-05-20 03:50:26,258 - INFO - HTTP Request: POST http://localhost:8000/v1/chat/completions "HTTP/1.1 200 OK"
2026-05-20 03:50:26,378 - INFO - HTTP Request: POST http://localhost:8000/v1/chat/completions "HTTP/1.1 200 OK"
2026-05-20 03:50:26,458 - INFO - HTTP Request: POST http://localhost:8000/v1/chat/completions "HTTP/1.1 200 OK"
2026-05-20 03:50:26,695 - INFO - HTTP Request: POST http://localhost:8000/v1/chat/completions "HTTP/1.1 200 OK"
2026-05-20 03:50:28,303 - INFO - HTTP Request: POST http://localhost:8000/v1/chat/completions "HTTP/1.1 200 OK"
2026-05-20 03:50:39,341 - INFO - HTTP Request: POST http://localhost:8001/v1/chat/completions "HTTP/1.1 200 OK"
2026-05-20 03:50:39,343 - INFO - Page 1 processed successfully
2026-05-20 03:51:59,563 - INFO - HTTP Request: POST http://localhost:8001/v1/chat/completions "HTTP/1.1 200 OK"
2026-05-20 03:52:29,371 - INFO - HTTP Request: POST http://localhost:8001/v1/chat/completions "HTTP/1.1 200 OK"
2026-05-20 03:53:14,563 - INFO - HTTP Request: POST http://localhost:8001/v1/chat/completions "HTTP/1.1 200 OK"
2026-05-20 03:53:39,636 - INFO - HTTP Request: POST http://localhost:8001/v1/chat/completions "HTTP/1.1 200 OK"
2026-05-20 03:54:09,369 - INFO - HTTP Request: POST http://localhost:8001/v1/chat/completions "HTTP/1.1 200 OK"
2026-05-20 04:52:09,078 - INFO - Processing Image: uploads/ec964ec9-913b-49af-ae1d-886f3dd7077c.jpg
2026-05-20 04:52:11,205 - INFO - HTTP Request: POST http://localhost:8000/v1/chat/completions "HTTP/1.1 200 OK"
2026-05-20 04:52:11,217 - INFO - HTTP Request: POST http://localhost:8000/v1/chat/completions "HTTP/1.1 200 OK"
2026-05-20 04:52:11,218 - INFO - HTTP Request: POST http://localhost:8000/v1/chat/completions "HTTP/1.1 200 OK"
2026-05-20 04:52:11,219 - INFO - HTTP Request: POST http://localhost:8000/v1/chat/completions "HTTP/1.1 200 OK"
2026-05-20 04:52:11,226 - INFO - HTTP Request: POST http://localhost:8000/v1/chat/completions "HTTP/1.1 200 OK"
2026-05-20 04:52:11,235 - INFO - HTTP Request: POST http://localhost:8000/v1/chat/completions "HTTP/1.1 200 OK"
2026-05-20 04:52:11,260 - INFO - HTTP Request: POST http://localhost:8000/v1/chat/completions "HTTP/1.1 200 OK"
2026-05-20 04:52:11,262 - INFO - HTTP Request: POST http://localhost:8000/v1/chat/completions "HTTP/1.1 200 OK"
2026-05-20 04:52:11,376 - INFO - HTTP Request: POST http://localhost:8000/v1/chat/completions "HTTP/1.1 200 OK"
2026-05-20 04:52:11,458 - INFO - HTTP Request: POST http://localhost:8000/v1/chat/completions "HTTP/1.1 200 OK"
2026-05-20 04:52:11,694 - INFO - HTTP Request: POST http://localhost:8000/v1/chat/completions "HTTP/1.1 200 OK"
2026-05-20 04:52:13,325 - INFO - HTTP Request: POST http://localhost:8000/v1/chat/completions "HTTP/1.1 200 OK"
2026-05-20 04:52:24,365 - INFO - HTTP Request: POST http://localhost:8001/v1/chat/completions "HTTP/1.1 200 OK"
2026-05-20 04:52:24,367 - INFO - Page 1 processed successfully
2026-05-20 07:23:06,877 - INFO - Processing Image: uploads/fc8b397a-9fb9-4c2d-a48a-b8edcc50aae2.jpg
2026-05-20 07:23:09,488 - INFO - HTTP Request: POST http://localhost:8000/v1/chat/completions "HTTP/1.1 200 OK"
2026-05-20 07:23:09,501 - INFO - HTTP Request: POST http://localhost:8000/v1/chat/completions "HTTP/1.1 200 OK"
2026-05-20 07:23:09,502 - INFO - HTTP Request: POST http://localhost:8000/v1/chat/completions "HTTP/1.1 200 OK"
2026-05-20 07:23:09,503 - INFO - HTTP Request: POST http://localhost:8000/v1/chat/completions "HTTP/1.1 200 OK"
2026-05-20 07:23:09,509 - INFO - HTTP Request: POST http://localhost:8000/v1/chat/completions "HTTP/1.1 200 OK"
2026-05-20 07:23:09,517 - INFO - HTTP Request: POST http://localhost:8000/v1/chat/completions "HTTP/1.1 200 OK"
2026-05-20 07:23:09,543 - INFO - HTTP Request: POST http://localhost:8000/v1/chat/completions "HTTP/1.1 200 OK"
2026-05-20 07:23:09,544 - INFO - HTTP Request: POST http://localhost:8000/v1/chat/completions "HTTP/1.1 200 OK"
2026-05-20 07:23:09,660 - INFO - HTTP Request: POST http://localhost:8000/v1/chat/completions "HTTP/1.1 200 OK"
2026-05-20 07:23:09,741 - INFO - HTTP Request: POST http://localhost:8000/v1/chat/completions "HTTP/1.1 200 OK"
2026-05-20 07:23:09,977 - INFO - HTTP Request: POST http://localhost:8000/v1/chat/completions "HTTP/1.1 200 OK"
2026-05-20 07:23:11,570 - INFO - HTTP Request: POST http://localhost:8000/v1/chat/completions "HTTP/1.1 200 OK"
2026-05-20 07:23:22,703 - INFO - HTTP Request: POST http://localhost:8001/v1/chat/completions "HTTP/1.1 200 OK"
2026-05-20 07:23:22,709 - INFO - Page 1 processed successfully
2026-05-20 07:23:40,988 - INFO - HTTP Request: POST http://localhost:8001/v1/chat/completions "HTTP/1.1 200 OK"
2026-05-20 07:23:53,767 - INFO - HTTP Request: POST http://localhost:8001/v1/chat/completions "HTTP/1.1 200 OK"
2026-05-20 07:24:20,209 - INFO - HTTP Request: POST http://localhost:8001/v1/chat/completions "HTTP/1.1 200 OK"
2026-05-20 07:24:43,033 - INFO - HTTP Request: POST http://localhost:8001/v1/chat/completions "HTTP/1.1 200 OK"
2026-05-20 07:25:17,620 - INFO - HTTP Request: POST http://localhost:8001/v1/chat/completions "HTTP/1.1 200 OK"
2026-05-21 04:21:02,523 - INFO - Processing Image: uploads/5e705a7c-473a-4745-b437-c5e99a281af8.jpg
2026-05-21 04:21:11,392 - INFO - HTTP Request: POST http://localhost:8000/v1/chat/completions "HTTP/1.1 200 OK"
2026-05-21 04:21:11,407 - INFO - HTTP Request: POST http://localhost:8000/v1/chat/completions "HTTP/1.1 200 OK"
2026-05-21 04:21:11,423 - INFO - HTTP Request: POST http://localhost:8000/v1/chat/completions "HTTP/1.1 200 OK"
2026-05-21 04:21:11,436 - INFO - HTTP Request: POST http://localhost:8000/v1/chat/completions "HTTP/1.1 200 OK"
2026-05-21 04:21:11,437 - INFO - HTTP Request: POST http://localhost:8000/v1/chat/completions "HTTP/1.1 200 OK"
2026-05-21 04:21:11,472 - INFO - HTTP Request: POST http://localhost:8000/v1/chat/completions "HTTP/1.1 200 OK"
2026-05-21 04:21:11,480 - INFO - HTTP Request: POST http://localhost:8000/v1/chat/completions "HTTP/1.1 200 OK"
2026-05-21 04:21:12,262 - INFO - HTTP Request: POST http://localhost:8000/v1/chat/completions "HTTP/1.1 200 OK"
2026-05-21 04:21:20,349 - INFO - HTTP Request: POST http://localhost:8001/v1/chat/completions "HTTP/1.1 200 OK"
2026-05-21 04:21:20,351 - INFO - Page 1 processed successfully
2026-05-21 04:22:33,041 - INFO - HTTP Request: POST http://localhost:8001/v1/chat/completions "HTTP/1.1 200 OK"
2026-05-21 04:22:43,536 - INFO - HTTP Request: POST http://localhost:8001/v1/chat/completions "HTTP/1.1 200 OK"
2026-05-21 04:22:57,019 - INFO - HTTP Request: POST http://localhost:8001/v1/chat/completions "HTTP/1.1 200 OK"
2026-05-21 04:33:13,409 - INFO - HTTP Request: POST http://localhost:8001/v1/chat/completions "HTTP/1.1 200 OK"
2026-05-21 04:33:34,753 - INFO - HTTP Request: POST http://localhost:8001/v1/chat/completions "HTTP/1.1 200 OK"
2026-05-21 04:33:50,180 - INFO - HTTP Request: POST http://localhost:8001/v1/chat/completions "HTTP/1.1 200 OK"
2026-05-21 04:34:07,418 - INFO - HTTP Request: POST http://localhost:8001/v1/chat/completions "HTTP/1.1 200 OK"
2026-05-21 04:34:27,716 - INFO - HTTP Request: POST http://localhost:8001/v1/chat/completions "HTTP/1.1 200 OK"
2026-05-21 04:35:06,443 - INFO - HTTP Request: POST http://localhost:8001/v1/chat/completions "HTTP/1.1 200 OK"
2026-05-21 04:35:30,106 - INFO - HTTP Request: POST http://localhost:8001/v1/chat/completions "HTTP/1.1 200 OK"
2026-05-21 04:36:10,047 - INFO - HTTP Request: POST http://localhost:8001/v1/chat/completions "HTTP/1.1 200 OK"
2026-05-21 04:45:05,651 - INFO - Retrying request to /chat/completions in 0.396544 seconds
2026-05-21 04:45:06,078 - INFO - Retrying request to /chat/completions in 0.801133 seconds
2026-05-21 07:11:28,497 - INFO - Processing Image: uploads/fe97e61e-28d6-4ce1-8337-86122ed798db.jpg
2026-05-21 07:11:38,654 - INFO - HTTP Request: POST http://localhost:8000/v1/chat/completions "HTTP/1.1 200 OK"
2026-05-21 07:11:38,689 - INFO - HTTP Request: POST http://localhost:8000/v1/chat/completions "HTTP/1.1 200 OK"
2026-05-21 07:11:38,770 - INFO - HTTP Request: POST http://localhost:8000/v1/chat/completions "HTTP/1.1 200 OK"
2026-05-21 07:11:38,795 - INFO - HTTP Request: POST http://localhost:8000/v1/chat/completions "HTTP/1.1 200 OK"
2026-05-21 07:11:38,797 - INFO - HTTP Request: POST http://localhost:8000/v1/chat/completions "HTTP/1.1 200 OK"
2026-05-21 07:11:39,049 - INFO - HTTP Request: POST http://localhost:8000/v1/chat/completions "HTTP/1.1 200 OK"
2026-05-21 07:11:44,883 - INFO - HTTP Request: POST http://localhost:8001/v1/chat/completions "HTTP/1.1 200 OK"
2026-05-21 07:11:44,885 - INFO - Page 1 processed successfully
2026-05-21 07:12:51,828 - INFO - HTTP Request: POST http://localhost:8001/v1/chat/completions "HTTP/1.1 200 OK"
2026-05-21 07:13:13,782 - INFO - HTTP Request: POST http://localhost:8001/v1/chat/completions "HTTP/1.1 200 OK"
2026-05-21 07:13:53,047 - INFO - HTTP Request: POST http://localhost:8001/v1/chat/completions "HTTP/1.1 200 OK"
2026-05-21 07:14:30,676 - INFO - HTTP Request: POST http://localhost:8001/v1/chat/completions "HTTP/1.1 200 OK"
2026-05-21 07:14:59,671 - INFO - HTTP Request: POST http://localhost:8001/v1/chat/completions "HTTP/1.1 200 OK"
2026-05-21 07:58:41,487 - INFO - Processing Image: uploads/f397d1f6-bd1f-4ce6-8105-174eedb968a5.jpg
2026-05-21 07:58:44,024 - INFO - HTTP Request: POST http://localhost:8000/v1/chat/completions "HTTP/1.1 200 OK"
2026-05-21 07:58:44,036 - INFO - HTTP Request: POST http://localhost:8000/v1/chat/completions "HTTP/1.1 200 OK"
2026-05-21 07:58:44,108 - INFO - HTTP Request: POST http://localhost:8000/v1/chat/completions "HTTP/1.1 200 OK"
2026-05-21 07:58:44,136 - INFO - HTTP Request: POST http://localhost:8000/v1/chat/completions "HTTP/1.1 200 OK"
2026-05-21 07:58:44,144 - INFO - HTTP Request: POST http://localhost:8000/v1/chat/completions "HTTP/1.1 200 OK"
2026-05-21 07:58:44,381 - INFO - HTTP Request: POST http://localhost:8000/v1/chat/completions "HTTP/1.1 200 OK"
2026-05-21 07:58:49,315 - INFO - HTTP Request: POST http://localhost:8001/v1/chat/completions "HTTP/1.1 200 OK"
2026-05-21 07:58:49,317 - INFO - Page 1 processed successfully
2026-05-21 07:59:21,147 - INFO - HTTP Request: POST http://localhost:8001/v1/chat/completions "HTTP/1.1 200 OK"
2026-05-21 07:59:38,981 - INFO - HTTP Request: POST http://localhost:8001/v1/chat/completions "HTTP/1.1 200 OK"
2026-05-22 03:43:23,375 - INFO - HTTP Request: POST http://localhost:8000/v1/chat/completions "HTTP/1.1 200 OK"
2026-05-22 03:43:23,386 - INFO - HTTP Request: POST http://localhost:8000/v1/chat/completions "HTTP/1.1 200 OK"
2026-05-22 03:43:23,387 - INFO - HTTP Request: POST http://localhost:8000/v1/chat/completions "HTTP/1.1 200 OK"
2026-05-22 03:43:23,403 - INFO - HTTP Request: POST http://localhost:8000/v1/chat/completions "HTTP/1.1 200 OK"
2026-05-22 03:43:23,410 - INFO - HTTP Request: POST http://localhost:8000/v1/chat/completions "HTTP/1.1 200 OK"
2026-05-22 03:43:23,419 - INFO - HTTP Request: POST http://localhost:8000/v1/chat/completions "HTTP/1.1 200 OK"
2026-05-22 03:43:23,549 - INFO - HTTP Request: POST http://localhost:8000/v1/chat/completions "HTTP/1.1 200 OK"
2026-05-22 03:43:23,557 - INFO - HTTP Request: POST http://localhost:8000/v1/chat/completions "HTTP/1.1 200 OK"
2026-05-22 03:43:23,592 - INFO - HTTP Request: POST http://localhost:8000/v1/chat/completions "HTTP/1.1 200 OK"
2026-05-22 03:43:23,639 - INFO - HTTP Request: POST http://localhost:8000/v1/chat/completions "HTTP/1.1 200 OK"
2026-05-22 03:43:23,677 - INFO - HTTP Request: POST http://localhost:8000/v1/chat/completions "HTTP/1.1 200 OK"
2026-05-22 03:43:24,555 - INFO - HTTP Request: POST http://localhost:8000/v1/chat/completions "HTTP/1.1 200 OK"
2026-05-22 03:43:29,192 - INFO - HTTP Request: POST http://localhost:8000/v1/chat/completions "HTTP/1.1 200 OK"
2026-05-22 03:43:35,892 - INFO - HTTP Request: POST http://localhost:8001/v1/chat/completions "HTTP/1.1 200 OK"
2026-05-22 03:43:35,893 - INFO - Document classified as: <THINK>
OKAY, LET'S TACKLE THIS. THE USER WANTS ME TO DETERMINE IF THE GIVEN TEXT IS AN INVOICE, RESUME, OR RECEIPT. THE ANSWER SHOULD BE JUST THE CATEGORY NAME IN UPPERCASE. IF UNSURE, DEFAULT TO INVOICE.

FIRST, I'LL LOOK AT THE CONTENT. THE TEXT STARTS WITH COMPANY DETAILS: ORIENTAL MERCHANT PTY LTD, ABN, ADDRESSES IN VARIOUS STATES (VIC, NSW, QLD, WA), PHONE NUMBERS. THEN THERE'S A "PROFORMA INVOICE" MENTIONED. THE NEXT PART HAS ORDER DETAILS, CUSTOMER INFO, SALES REP, DATES, AND A TABLE WITH PRODUCT CODES, DESCRIPTIONS, QUANTITIES, PRICES, AND AMOUNTS. 

A PROFORMA INVOICE IS A TYPE OF INVOICE USED TO PROVIDE A CUSTOMER WITH AN ESTIMATE OF THE COST OF GOODS OR SERVICES BEFORE THE ACTUAL SALE. IT'S SIMILAR TO AN INVOICE BUT IS USUALLY SENT BEFORE THE ACTUAL TRANSACTION. THE PRESENCE OF "PROFORMA INVOICE" IN THE TITLE IS A STRONG INDICATOR. 

LOOKING AT THE STRUCTURE: COMPANY INFO, CUSTOMER DETAILS, ORDER DATE, PRODUCT TABLE WITH QUANTITIES, PRICES, AND AMOUNTS. THIS IS TYPICAL OF AN INVOICE, NOT A RESUME (WHICH WOULD HAVE PERSONAL INFO AND WORK HISTORY) OR A RECEIPT (WHICH IS MORE FOR TRANSACTIONS WITH LESS DETAILED PRODUCT INFO). 

THE TABLE INCLUDES COLUMNS LIKE CODE, DESCRIPTION, DESCRIPTION2, OUTER/INNER, #UNITS, LIST PRICE, UPRICE, AMOUNT, GST. THIS LEVEL OF DETAIL IS MORE COMMON IN AN INVOICE THAN A RECEIPT. ALSO, THE MENTION OF "PROFORMA INVOICE" SPECIFICALLY POINTS TOWARDS AN INVOICE CATEGORY. 

I DON'T SEE ANY INFORMATION THAT WOULD SUGGEST A RESUME, LIKE EDUCATION, WORK EXPERIENCE, OR PERSONAL DETAILS. THE ADDRESSES AND CONTACT INFO ARE BUSINESS-RELATED, NOT PERSONAL. THE DATES AND ORDER DETAILS ALIGN WITH A SALES TRANSACTION. 

SO, EVEN THOUGH IT'S A PROFORMA INVOICE, THE CATEGORY IS STILL INVOICE. THE USER SAID TO RETURN INVOICE IF UNSURE, AND GIVEN THE STRUCTURE AND TERMS, IT'S DEFINITELY AN INVOICE.
</THINK>

INVOICE
2026-05-22 03:44:05,723 - INFO - HTTP Request: POST http://localhost:8001/v1/chat/completions "HTTP/1.1 200 OK"
2026-05-22 03:45:19,843 - INFO - HTTP Request: POST http://localhost:8000/v1/chat/completions "HTTP/1.1 200 OK"
2026-05-22 03:45:19,845 - INFO - HTTP Request: POST http://localhost:8000/v1/chat/completions "HTTP/1.1 200 OK"
2026-05-22 03:45:19,852 - INFO - HTTP Request: POST http://localhost:8000/v1/chat/completions "HTTP/1.1 200 OK"
2026-05-22 03:45:19,854 - INFO - HTTP Request: POST http://localhost:8000/v1/chat/completions "HTTP/1.1 200 OK"
2026-05-22 03:45:19,865 - INFO - HTTP Request: POST http://localhost:8000/v1/chat/completions "HTTP/1.1 200 OK"
2026-05-22 03:45:19,880 - INFO - HTTP Request: POST http://localhost:8000/v1/chat/completions "HTTP/1.1 200 OK"
2026-05-22 03:45:19,902 - INFO - HTTP Request: POST http://localhost:8000/v1/chat/completions "HTTP/1.1 200 OK"
2026-05-22 03:45:19,908 - INFO - HTTP Request: POST http://localhost:8000/v1/chat/completions "HTTP/1.1 200 OK"
2026-05-22 03:45:20,027 - INFO - HTTP Request: POST http://localhost:8000/v1/chat/completions "HTTP/1.1 200 OK"
2026-05-22 03:45:20,112 - INFO - HTTP Request: POST http://localhost:8000/v1/chat/completions "HTTP/1.1 200 OK"
2026-05-22 03:45:20,365 - INFO - HTTP Request: POST http://localhost:8000/v1/chat/completions "HTTP/1.1 200 OK"
2026-05-22 03:45:21,921 - INFO - HTTP Request: POST http://localhost:8000/v1/chat/completions "HTTP/1.1 200 OK"
2026-05-22 03:45:34,108 - INFO - HTTP Request: POST http://localhost:8001/v1/chat/completions "HTTP/1.1 200 OK"
2026-05-22 03:45:34,110 - INFO - Document classified as: <THINK>
OKAY, LET'S TACKLE THIS. THE USER WANTS ME TO DETERMINE IF THE GIVEN OCR TEXT IS AN INVOICE, RESUME, OR RECEIPT. THE ANSWER SHOULD BE JUST THE CATEGORY NAME IN UPPERCASE. IF UNSURE, DEFAULT TO INVOICE.

FIRST, I'LL LOOK AT THE CONTENT. THE FIRST LINE IS "PURCHASE ORDER", WHICH IS A KEY TERM. THEN THERE'S COMPANY INFO: DYNAMIC INVENTORY WITH ADDRESS, PHONE, EMAIL, FAX. NEXT, THERE'S AN ORDER NUMBER AND DATE. THEN A TABLE WITH CONTACT INFO, REQUEST SHIP DATE, PAYMENT TERMS, CARRIER, ETC. ANOTHER TABLE WITH ITEMS, QUANTITIES, UNIT PRICES, ETC.

WAIT, THE USER MENTIONED THAT THE TEXT IS FROM A DOCUMENT. THE FIRST LINE IS "PURCHASE ORDER", WHICH IS DIFFERENT FROM AN INVOICE. BUT SOMETIMES, PURCHASE ORDERS CAN BE CONFUSED WITH INVOICES. HOWEVER, THE PRESENCE OF "PURCHASE ORDER" MIGHT INDICATE IT'S NOT AN INVOICE. BUT THE TABLES HAVE COLUMNS LIKE "ITEM", "TYPE", "QTY", "UNIT PRICE", WHICH ARE COMMON IN INVOICES. HOWEVER, THE INITIAL LINE IS "PURCHASE ORDER", WHICH IS A DIFFERENT DOCUMENT TYPE. 

BUT THE USER'S INSTRUCTION SAYS IF UNSURE, RETURN INVOICE. HOWEVER, THE FIRST LINE IS "PURCHASE ORDER", WHICH IS A DIFFERENT CATEGORY. BUT MAYBE THE TABLES ARE SIMILAR TO AN INVOICE. WAIT, BUT THE MAIN DIFFERENCE IS THAT A PURCHASE ORDER IS A REQUEST TO BUY GOODS, WHILE AN INVOICE IS A BILL FOR SERVICES OR GOODS. HOWEVER, SOMETIMES THE STRUCTURE MIGHT OVERLAP. 

LOOKING AT THE TABLES: THE FIRST TABLE HAS CONTACT INFO, REQUEST SHIP DATE, PAYMENT TERMS, CARRIER. THE SECOND TABLE HAS ITEMS, QUANTITIES, UNIT PRICES. THIS SEEMS MORE LIKE A PURCHASE ORDER. BUT THE USER'S INSTRUCTION SAYS IF UNSURE, RETURN INVOICE. HOWEVER, THE FIRST LINE IS "PURCHASE ORDER", WHICH IS A DIFFERENT CATEGORY. BUT MAYBE THE SYSTEM IS DESIGNED TO CHECK FOR THE PRESENCE OF CERTAIN KEYWORDS. 

WAIT, THE USER'S INSTRUCTION SAYS TO RETURN THE CATEGORY NAME. THE FIRST LINE IS "PURCHASE ORDER", WHICH IS A DIFFERENT CATEGORY THAN INVOICE. BUT THE USER'S INSTRUCTION SAYS IF UNSURE, RETURN INVOICE. HOWEVER, THE PRESENCE OF "PURCHASE ORDER" MIGHT INDICATE THAT IT'S NOT AN INVOICE. BUT MAYBE THE SYSTEM IS DESIGNED TO CHECK FOR THE PRESENCE OF "INVOICE" IN THE TEXT. HOWEVER, THE FIRST LINE IS "PURCHASE ORDER", SO MAYBE THE CORRECT CATEGORY IS PURCHASE ORDER. BUT THE USER'S OPTIONS ARE INVOICE, RESUME, OR RECEIPT. WAIT, THE USER'S OPTIONS ARE INVOICE, RESUME, OR RECEIPT. SO THE POSSIBLE CATEGORIES ARE THOSE THREE. THE TEXT STARTS WITH "PURCHASE ORDER", WHICH IS NOT ONE OF THE OPTIONS. SO MAYBE THE USER MADE A MISTAKE IN THE OPTIONS, BUT THE INSTRUCTION SAYS TO RETURN THE CATEGORY NAME. 

WAIT, THE USER'S INSTRUCTION SAYS TO DETERMINE IF IT'S INVOICE, RESUME, OR RECEIPT. THE TEXT STARTS WITH "PURCHASE ORDER", WHICH IS NOT ONE OF THE OPTIONS. SO MAYBE THE CORRECT ANSWER IS INVOICE, BUT THE FIRST LINE IS "PURCHASE ORDER". HOWEVER, THE USER'S INSTRUCTION SAYS IF UNSURE, RETURN INVOICE. SO MAYBE THE ANSWER IS INVOICE. BUT I NEED TO CHECK IF THE CONTENT IS MORE LIKE AN INVOICE. THE TABLES HAVE ITEMS, QUANTITIES, UNIT PRICES, WHICH ARE COMMON IN INVOICES. HOWEVER, THE PRESENCE OF "PURCHASE ORDER" MIGHT INDICATE THAT IT'S A PURCHASE ORDER, BUT THE OPTIONS DON'T INCLUDE THAT. SO THE USER MIGHT HAVE INTENDED THAT THE ANSWER IS INVOICE. ALTERNATIVELY, MAYBE THE TEXT IS A RECEIPT. BUT RECEIPTS USUALLY HAVE A TOTAL AMOUNT, WHICH ISN'T PRESENT HERE. THE TEXT HAS ORDER NUMBERS, DATES, AND ITEM DETAILS, WHICH ARE MORE LIKE AN INVOICE. SO THE ANSWER IS INVOICE.
</THINK>

INVOICE
2026-05-22 03:45:45,329 - INFO - HTTP Request: POST http://localhost:8001/v1/chat/completions "HTTP/1.1 200 OK"
2026-05-22 03:46:31,851 - INFO - HTTP Request: POST http://localhost:8000/v1/chat/completions "HTTP/1.1 200 OK"
2026-05-22 03:46:31,860 - INFO - HTTP Request: POST http://localhost:8000/v1/chat/completions "HTTP/1.1 200 OK"
2026-05-22 03:46:31,950 - INFO - HTTP Request: POST http://localhost:8000/v1/chat/completions "HTTP/1.1 200 OK"
2026-05-22 03:46:31,970 - INFO - HTTP Request: POST http://localhost:8000/v1/chat/completions "HTTP/1.1 200 OK"
2026-05-22 03:46:31,974 - INFO - HTTP Request: POST http://localhost:8000/v1/chat/completions "HTTP/1.1 200 OK"
2026-05-22 03:46:32,214 - INFO - HTTP Request: POST http://localhost:8000/v1/chat/completions "HTTP/1.1 200 OK"
2026-05-22 03:46:36,831 - INFO - HTTP Request: POST http://localhost:8001/v1/chat/completions "HTTP/1.1 200 OK"
2026-05-22 03:46:36,832 - INFO - Document classified as: <THINK>
OKAY, LET'S TACKLE THIS. THE USER WANTS ME TO DETERMINE IF THE GIVEN TEXT IS AN INVOICE, RESUME, OR RECEIPT. THE FIRST THING I NEED TO DO IS LOOK AT THE CONTENT OF THE TEXT PROVIDED.

LOOKING AT THE FIRST PART, THERE'S A NAME, ADDRESS, AND AN INVOICE NUMBER. THEN THERE'S A TABLE WITH COLUMNS QTY, PRICE, DESCRIPTION, TOTAL. THE TABLE HAS ENTRIES LIKE BULB REPLACEMENT AND ROOF TILING WITH QUANTITIES AND PRICES. THERE'S A TOTAL, TAX, AND AMOUNT DUE. ALSO, THERE'S PAYMENT INFORMATION AT THE END WITH A NAME, ACCOUNT NUMBER, AND SOME CONTACT DETAILS.

SO, THE KEY ELEMENTS HERE ARE THE INVOICE NUMBER, ITEMS WITH QUANTITIES AND PRICES, A TOTAL AMOUNT, TAX, AND PAYMENT DETAILS. THESE ARE ALL TYPICAL FEATURES OF AN INVOICE. A RESUME WOULD USUALLY HAVE MORE PERSONAL INFORMATION LIKE EDUCATION, WORK EXPERIENCE, SKILLS, WHICH ISN'T PRESENT HERE. A RECEIPT MIGHT HAVE MORE DETAILS ABOUT A PURCHASE, BUT THE PRESENCE OF AN INVOICE NUMBER AND THE STRUCTURED TABLE WITH QUANTITIES AND PRICES POINTS MORE TOWARDS AN INVOICE. THE PAYMENT INFORMATION IS ALSO COMMON IN INVOICES. THE MENTION OF "INV# 012" CLEARLY INDICATES AN INVOICE. THE TABLE STRUCTURE WITH ITEMS, PRICES, AND TOTALS IS A STRONG INDICATOR OF AN INVOICE. I THINK THE CORRECT CATEGORY HERE IS INVOICE.
</THINK>

INVOICE
2026-05-22 03:46:41,454 - INFO - HTTP Request: POST http://localhost:8001/v1/chat/completions "HTTP/1.1 200 OK"
2026-05-22 03:47:46,745 - INFO - HTTP Request: POST http://localhost:8000/v1/chat/completions "HTTP/1.1 200 OK"
2026-05-22 03:47:46,747 - INFO - HTTP Request: POST http://localhost:8000/v1/chat/completions "HTTP/1.1 200 OK"
2026-05-22 03:47:46,750 - INFO - HTTP Request: POST http://localhost:8000/v1/chat/completions "HTTP/1.1 200 OK"
2026-05-22 03:47:46,751 - INFO - HTTP Request: POST http://localhost:8000/v1/chat/completions "HTTP/1.1 200 OK"
2026-05-22 03:47:46,759 - INFO - HTTP Request: POST http://localhost:8000/v1/chat/completions "HTTP/1.1 200 OK"
2026-05-22 03:47:46,760 - INFO - HTTP Request: POST http://localhost:8000/v1/chat/completions "HTTP/1.1 200 OK"
2026-05-22 03:47:46,803 - INFO - HTTP Request: POST http://localhost:8000/v1/chat/completions "HTTP/1.1 200 OK"
2026-05-22 03:47:46,816 - INFO - HTTP Request: POST http://localhost:8000/v1/chat/completions "HTTP/1.1 200 OK"
2026-05-22 03:47:46,833 - INFO - HTTP Request: POST http://localhost:8000/v1/chat/completions "HTTP/1.1 200 OK"
2026-05-22 03:47:46,863 - INFO - HTTP Request: POST http://localhost:8000/v1/chat/completions "HTTP/1.1 200 OK"
2026-05-22 03:47:46,945 - INFO - HTTP Request: POST http://localhost:8000/v1/chat/completions "HTTP/1.1 200 OK"
2026-05-22 03:47:47,078 - INFO - HTTP Request: POST http://localhost:8000/v1/chat/completions "HTTP/1.1 200 OK"
2026-05-22 03:47:51,768 - INFO - HTTP Request: POST http://localhost:8001/v1/chat/completions "HTTP/1.1 200 OK"
2026-05-22 03:47:51,770 - INFO - Document classified as: <THINK>
OKAY, LET'S TACKLE THIS. THE USER WANTS ME TO DETERMINE IF THE GIVEN TEXT IS AN INVOICE, RESUME, OR RECEIPT. THE FIRST THING I NEED TO DO IS LOOK AT THE CONTENT OF THE TEXT PROVIDED.

THE TEXT STARTS WITH "COOKIES BY CHARLIE" FOLLOWED BY AN ADDRESS. THEN THERE'S AN "INVOICE" LINE WITH A NUMBER. THERE'S A TABLE WITH PRODUCT DESCRIPTIONS, QUANTITIES, PRICES, AND TOTALS. SUBTOTAL AND GRAND TOTAL ARE LISTED. THEN THERE'S INFORMATION ABOUT PAYING TO OLIVIA W. ADAMS WITH PHONE NUMBERS AND EMAIL, AND BANK DETAILS.

SO, THE KEY ELEMENTS HERE ARE THE INVOICE NUMBER, PRODUCT DETAILS IN A TABLE, SUBTOTAL, GRAND TOTAL, AND PAYMENT INFORMATION. A RESUME WOULD TYPICALLY HAVE PERSONAL INFORMATION, WORK EXPERIENCE, SKILLS, ETC. A RECEIPT USUALLY HAS A SUMMARY OF A TRANSACTION, MAYBE LESS DETAILED THAN AN INVOICE. BUT AN INVOICE IS A DOCUMENT THAT OUTLINES GOODS OR SERVICES PROVIDED, ALONG WITH PAYMENT TERMS. THE PRESENCE OF A TABLE WITH PRODUCT DESCRIPTIONS, QUANTITIES, PRICES, AND TOTALS, ALONG WITH THE INVOICE NUMBER AND PAYMENT DETAILS, POINTS TOWARDS AN INVOICE. THE RECEIPT MIGHT HAVE A MORE TRANSACTIONAL FEEL, BUT HERE THE STRUCTURE SEEMS MORE FORMAL, WHICH IS TYPICAL FOR AN INVOICE. THE ADDRESSES AND PAYMENT DETAILS ALSO ALIGN WITH AN INVOICE. SO, I THINK THE CORRECT CATEGORY HERE IS INVOICE.
</THINK>

INVOICE
2026-05-22 03:47:57,255 - INFO - HTTP Request: POST http://localhost:8001/v1/chat/completions "HTTP/1.1 200 OK"
2026-05-22 03:50:03,318 - INFO - HTTP Request: POST http://localhost:8000/v1/chat/completions "HTTP/1.1 200 OK"
2026-05-22 03:50:03,323 - INFO - HTTP Request: POST http://localhost:8000/v1/chat/completions "HTTP/1.1 200 OK"
2026-05-22 03:50:03,341 - INFO - HTTP Request: POST http://localhost:8000/v1/chat/completions "HTTP/1.1 200 OK"
2026-05-22 03:50:03,350 - INFO - HTTP Request: POST http://localhost:8000/v1/chat/completions "HTTP/1.1 200 OK"
2026-05-22 03:50:03,368 - INFO - HTTP Request: POST http://localhost:8000/v1/chat/completions "HTTP/1.1 200 OK"
2026-05-22 03:50:03,402 - INFO - HTTP Request: POST http://localhost:8000/v1/chat/completions "HTTP/1.1 200 OK"
2026-05-22 03:50:03,411 - INFO - HTTP Request: POST http://localhost:8000/v1/chat/completions "HTTP/1.1 200 OK"
2026-05-22 03:50:03,439 - INFO - HTTP Request: POST http://localhost:8000/v1/chat/completions "HTTP/1.1 200 OK"
2026-05-22 03:50:03,663 - INFO - HTTP Request: POST http://localhost:8000/v1/chat/completions "HTTP/1.1 200 OK"
2026-05-22 03:50:08,159 - INFO - HTTP Request: POST http://localhost:8001/v1/chat/completions "HTTP/1.1 200 OK"
2026-05-22 03:50:08,160 - INFO - Document classified as: <THINK>
OKAY, LET'S TACKLE THIS. THE USER WANTS ME TO DETERMINE IF THE GIVEN TEXT IS AN INVOICE, RESUME, OR RECEIPT. THE ANSWER SHOULD BE JUST THE CATEGORY NAME IN UPPERCASE. IF UNSURE, DEFAULT TO INVOICE.

FIRST, I'LL LOOK AT THE CONTENT. THE TEXT STARTS WITH "TREATS BY ANNA MARIE" FOLLOWED BY "INVOICE #8934 945". THERE'S A TABLE WITH DESCRIPTIONS, QUANTITIES, PRICES, AND TOTALS. THEN THERE'S PAYMENT DETAILS, ACCOUNT NAME, ACCOUNT NUMBER, AND CONTACT INFORMATION. 

AN INVOICE TYPICALLY HAS AN INVOICE NUMBER, DATE ISSUED, A TABLE OF ITEMS WITH QUANTITIES, PRICES, AND TOTALS, AND PAYMENT DETAILS. THE PRESENCE OF "INVOICE #" AND THE STRUCTURED TABLE WITH ITEMS AND TOTALS POINTS TOWARDS AN INVOICE. 

A RESUME WOULD HAVE PERSONAL INFORMATION, WORK HISTORY, SKILLS, ETC., WHICH ISN'T PRESENT HERE. A RECEIPT USUALLY HAS A SUMMARY OF A TRANSACTION, MAYBE A TOTAL AMOUNT, BUT THIS TEXT HAS MORE DETAILED ITEMIZED CHARGES, WHICH IS MORE TYPICAL OF AN INVOICE. 

THE MENTION OF "PAYMENT DETAILS" AND THE TABLE WITH MULTIPLE ITEMS ALL POINT TO AN INVOICE. THE ACCOUNT DETAILS AND CONTACT INFO ARE COMMON IN INVOICES FOR BILLING PURPOSES. 

I THINK THE CORRECT CATEGORY HERE IS INVOICE.
</THINK>

INVOICE
2026-05-22 03:50:13,475 - INFO - HTTP Request: POST http://localhost:8001/v1/chat/completions "HTTP/1.1 200 OK"
2026-05-22 03:51:38,858 - INFO - HTTP Request: POST http://localhost:8000/v1/chat/completions "HTTP/1.1 200 OK"
2026-05-22 03:51:38,862 - INFO - HTTP Request: POST http://localhost:8000/v1/chat/completions "HTTP/1.1 200 OK"
2026-05-22 03:51:38,866 - INFO - HTTP Request: POST http://localhost:8000/v1/chat/completions "HTTP/1.1 200 OK"
2026-05-22 03:51:38,885 - INFO - HTTP Request: POST http://localhost:8000/v1/chat/completions "HTTP/1.1 200 OK"
2026-05-22 03:51:38,886 - INFO - HTTP Request: POST http://localhost:8000/v1/chat/completions "HTTP/1.1 200 OK"
2026-05-22 03:51:38,924 - INFO - HTTP Request: POST http://localhost:8000/v1/chat/completions "HTTP/1.1 200 OK"
2026-05-22 03:51:38,925 - INFO - HTTP Request: POST http://localhost:8000/v1/chat/completions "HTTP/1.1 200 OK"
2026-05-22 03:51:39,784 - INFO - HTTP Request: POST http://localhost:8000/v1/chat/completions "HTTP/1.1 200 OK"
2026-05-22 03:51:44,578 - INFO - HTTP Request: POST http://localhost:8001/v1/chat/completions "HTTP/1.1 200 OK"
2026-05-22 03:51:44,580 - INFO - Document classified as: <THINK>
OKAY, LET'S TACKLE THIS. THE USER WANTS ME TO DETERMINE IF THE GIVEN OCR TEXT IS AN INVOICE, RESUME, OR RECEIPT. THE ANSWER SHOULD BE JUST THE CATEGORY NAME IN UPPERCASE. IF UNSURE, DEFAULT TO INVOICE.

FIRST, I'LL LOOK AT THE CONTENT. THE DOCUMENT STARTS WITH "ODETTE'S FLORALS" FOLLOWED BY AN ADDRESS. THEN THERE'S A TABLE WITH COLUMNS: ITEM DESCRIPTION, QTY, PRICE, TOTAL. UNDER THE TABLE, THERE'S A LINE WITH SUB TOTAL, ARRANGEMENT FEE, GRAND TOTAL. ALSO, THERE'S A "BILLED TO" SECTION WITH A NAME, PHONE NUMBER, AND EMAIL.

INVOICES TYPICALLY HAVE ITEMS LISTED WITH QUANTITIES, PRICES, AND TOTALS, ALONG WITH BILLING INFORMATION. THE PRESENCE OF A TABLE WITH DETAILED LINE ITEMS AND A GRAND TOTAL SUGGESTS AN INVOICE. A RESUME WOULD HAVE PERSONAL INFORMATION AND WORK HISTORY, WHICH ISN'T HERE. A RECEIPT MIGHT HAVE A SUMMARY OF CHARGES, BUT THE STRUCTURE HERE SEEMS MORE LIKE AN INVOICE. THE MENTION OF "BILLED TO" IS COMMON IN INVOICES. THE TABLE STRUCTURE WITH MULTIPLE ITEMS AND SUBTOTALS ALSO POINTS TOWARDS AN INVOICE. SO, I THINK THE CORRECT CATEGORY IS INVOICE.
</THINK>

INVOICE
2026-05-22 03:51:51,302 - INFO - HTTP Request: POST http://localhost:8001/v1/chat/completions "HTTP/1.1 200 OK"
2026-05-22 03:52:06,596 - INFO - HTTP Request: POST http://localhost:8000/v1/chat/completions "HTTP/1.1 200 OK"
2026-05-22 03:52:09,790 - INFO - HTTP Request: POST http://localhost:8000/v1/chat/completions "HTTP/1.1 200 OK"
2026-05-22 03:52:09,796 - INFO - HTTP Request: POST http://localhost:8000/v1/chat/completions "HTTP/1.1 200 OK"
2026-05-22 03:52:09,797 - INFO - HTTP Request: POST http://localhost:8000/v1/chat/completions "HTTP/1.1 200 OK"
2026-05-22 03:52:09,804 - INFO - HTTP Request: POST http://localhost:8000/v1/chat/completions "HTTP/1.1 200 OK"
2026-05-22 03:52:09,805 - INFO - HTTP Request: POST http://localhost:8000/v1/chat/completions "HTTP/1.1 200 OK"
2026-05-22 03:52:09,805 - INFO - HTTP Request: POST http://localhost:8000/v1/chat/completions "HTTP/1.1 200 OK"
2026-05-22 03:52:09,811 - INFO - HTTP Request: POST http://localhost:8000/v1/chat/completions "HTTP/1.1 200 OK"
2026-05-22 03:52:09,819 - INFO - HTTP Request: POST http://localhost:8000/v1/chat/completions "HTTP/1.1 200 OK"
2026-05-22 03:52:09,827 - INFO - HTTP Request: POST http://localhost:8000/v1/chat/completions "HTTP/1.1 200 OK"
2026-05-22 03:52:09,828 - INFO - HTTP Request: POST http://localhost:8000/v1/chat/completions "HTTP/1.1 200 OK"
2026-05-22 03:52:09,836 - INFO - HTTP Request: POST http://localhost:8000/v1/chat/completions "HTTP/1.1 200 OK"
2026-05-22 03:52:09,837 - INFO - HTTP Request: POST http://localhost:8000/v1/chat/completions "HTTP/1.1 200 OK"
2026-05-22 03:52:09,838 - INFO - HTTP Request: POST http://localhost:8000/v1/chat/completions "HTTP/1.1 200 OK"
2026-05-22 03:52:09,839 - INFO - HTTP Request: POST http://localhost:8000/v1/chat/completions "HTTP/1.1 200 OK"
2026-05-22 03:52:09,848 - INFO - HTTP Request: POST http://localhost:8000/v1/chat/completions "HTTP/1.1 200 OK"
2026-05-22 03:52:09,941 - INFO - HTTP Request: POST http://localhost:8000/v1/chat/completions "HTTP/1.1 200 OK"
2026-05-22 03:52:10,038 - INFO - HTTP Request: POST http://localhost:8000/v1/chat/completions "HTTP/1.1 200 OK"
2026-05-22 03:52:10,041 - INFO - HTTP Request: POST http://localhost:8000/v1/chat/completions "HTTP/1.1 200 OK"
2026-05-22 03:52:10,046 - INFO - HTTP Request: POST http://localhost:8000/v1/chat/completions "HTTP/1.1 200 OK"
2026-05-22 03:52:10,049 - INFO - HTTP Request: POST http://localhost:8000/v1/chat/completions "HTTP/1.1 200 OK"
2026-05-22 03:52:10,056 - INFO - HTTP Request: POST http://localhost:8000/v1/chat/completions "HTTP/1.1 200 OK"
2026-05-22 03:52:10,057 - INFO - HTTP Request: POST http://localhost:8000/v1/chat/completions "HTTP/1.1 200 OK"
2026-05-22 03:52:10,058 - INFO - HTTP Request: POST http://localhost:8000/v1/chat/completions "HTTP/1.1 200 OK"
2026-05-22 03:52:10,063 - INFO - HTTP Request: POST http://localhost:8000/v1/chat/completions "HTTP/1.1 200 OK"
2026-05-22 03:52:10,164 - INFO - HTTP Request: POST http://localhost:8000/v1/chat/completions "HTTP/1.1 200 OK"
2026-05-22 03:52:10,169 - INFO - HTTP Request: POST http://localhost:8000/v1/chat/completions "HTTP/1.1 200 OK"
2026-05-22 03:52:10,174 - INFO - HTTP Request: POST http://localhost:8000/v1/chat/completions "HTTP/1.1 200 OK"
2026-05-22 03:52:10,219 - INFO - HTTP Request: POST http://localhost:8000/v1/chat/completions "HTTP/1.1 200 OK"
2026-05-22 03:52:10,222 - INFO - HTTP Request: POST http://localhost:8000/v1/chat/completions "HTTP/1.1 200 OK"
2026-05-22 03:52:10,231 - INFO - HTTP Request: POST http://localhost:8000/v1/chat/completions "HTTP/1.1 200 OK"
2026-05-22 03:52:10,244 - INFO - HTTP Request: POST http://localhost:8000/v1/chat/completions "HTTP/1.1 200 OK"
2026-05-22 03:52:11,094 - INFO - HTTP Request: POST http://localhost:8000/v1/chat/completions "HTTP/1.1 200 OK"
2026-05-22 03:52:11,257 - INFO - HTTP Request: POST http://localhost:8000/v1/chat/completions "HTTP/1.1 200 OK"
2026-05-22 03:52:11,266 - INFO - HTTP Request: POST http://localhost:8000/v1/chat/completions "HTTP/1.1 200 OK"
2026-05-22 03:52:11,280 - INFO - HTTP Request: POST http://localhost:8000/v1/chat/completions "HTTP/1.1 200 OK"
2026-05-22 03:52:15,441 - INFO - HTTP Request: POST http://localhost:8000/v1/chat/completions "HTTP/1.1 200 OK"
2026-05-22 03:52:15,756 - INFO - HTTP Request: POST http://localhost:8000/v1/chat/completions "HTTP/1.1 200 OK"
2026-05-22 03:52:16,462 - INFO - HTTP Request: POST http://localhost:8000/v1/chat/completions "HTTP/1.1 200 OK"
2026-05-22 03:52:16,473 - INFO - HTTP Request: POST http://localhost:8000/v1/chat/completions "HTTP/1.1 200 OK"
2026-05-22 03:52:23,491 - INFO - HTTP Request: POST http://localhost:8001/v1/chat/completions "HTTP/1.1 200 OK"
2026-05-22 03:52:23,492 - INFO - Document classified as: <THINK>
OKAY, LET'S TACKLE THIS. THE USER WANTS ME TO DETERMINE IF THE GIVEN OCR TEXT IS AN INVOICE, RESUME, OR RECEIPT. THE ANSWER SHOULD BE JUST THE CATEGORY NAME IN UPPERCASE. IF UNSURE, DEFAULT TO INVOICE.

FIRST, I'LL LOOK AT THE CONTENT. THE FIRST LINE IS THE COMPANY NAME, ORIENTAL MERCHANT PTY LTD, FOLLOWED BY ABN. THEN THERE ARE ADDRESSES FOR DIFFERENT STATES (VIC, NSW, QLD, WA) AND PHONE NUMBERS. THEN "DOC NO: 108563", "CUST NO: CA999448", "SALES REP: HANNAH SU", "DOC DATE: 04/01/2026", "ORDER DATE: 04/01/2026". THEN THERE'S A TABLE WITH COLUMNS LIKE CODE, DESCRIPTION, DESCRIPTION2, OUTER/INNER, #UNITS, LIST PRICE, UPRICE, AMOUNT, GST. 

SO, THE STRUCTURE HERE SEEMS TO BE A DOCUMENT WITH COMPANY INFO, CUSTOMER DETAILS, AND A TABLE OF ITEMS WITH PRICES AND QUANTITIES. THE PRESENCE OF "DOC NO" AND "CUST NO" SUGGESTS IT'S A DOCUMENT RELATED TO A CUSTOMER, WHICH IS COMMON IN INVOICES. THE TABLE WITH ITEMS, PRICES, AND AMOUNTS IS TYPICAL OF AN INVOICE LINE ITEMS. THE DATES ARE BOTH DOCUMENT DATE AND ORDER DATE, WHICH IS COMMON IN INVOICES. THE SALES REP NAME IS ALSO A COMMON FIELD IN INVOICES. 

A RESUME WOULD HAVE MORE PERSONAL INFORMATION ABOUT SOMEONE'S WORK EXPERIENCE, SKILLS, ETC. A RECEIPT WOULD TYPICALLY HAVE A SUMMARY OF A TRANSACTION, MAYBE WITH A TOTAL AMOUNT, BUT OFTEN LESS DETAILED THAN AN INVOICE. THE TABLE HERE SEEMS MORE DETAILED, LISTING EACH ITEM WITH QUANTITIES, PRICES, AND AMOUNTS, WHICH IS MORE INDICATIVE OF AN INVOICE THAN A RECEIPT. 

ALSO, THE PRESENCE OF GST (GOODS AND SERVICES TAX) IN THE TABLE IS A KEY INDICATOR. INVOICES OFTEN INCLUDE GST DETAILS, WHEREAS RECEIPTS MIGHT NOT ALWAYS SHOW EACH LINE ITEM'S GST. 

SO, PUTTING IT ALL TOGETHER, THE TEXT IS MOST LIKELY AN INVOICE.
</THINK>

INVOICE
2026-05-22 03:52:59,138 - INFO - HTTP Request: POST http://localhost:8001/v1/chat/completions "HTTP/1.1 200 OK"
2026-05-22 03:53:01,104 - INFO - HTTP Request: POST http://localhost:8001/v1/chat/completions "HTTP/1.1 200 OK"
2026-05-22 03:53:03,894 - INFO - HTTP Request: POST http://localhost:8001/v1/chat/completions "HTTP/1.1 200 OK"
2026-05-22 03:53:05,470 - INFO - HTTP Request: POST http://localhost:8001/v1/chat/completions "HTTP/1.1 200 OK"
2026-05-22 03:55:09,023 - INFO - HTTP Request: POST http://localhost:8000/v1/chat/completions "HTTP/1.1 200 OK"
2026-05-22 03:55:11,797 - INFO - HTTP Request: POST http://localhost:8000/v1/chat/completions "HTTP/1.1 200 OK"
2026-05-22 03:55:11,799 - INFO - HTTP Request: POST http://localhost:8000/v1/chat/completions "HTTP/1.1 200 OK"
2026-05-22 03:55:11,803 - INFO - HTTP Request: POST http://localhost:8000/v1/chat/completions "HTTP/1.1 200 OK"
2026-05-22 03:55:11,812 - INFO - HTTP Request: POST http://localhost:8000/v1/chat/completions "HTTP/1.1 200 OK"
2026-05-22 03:55:11,819 - INFO - HTTP Request: POST http://localhost:8000/v1/chat/completions "HTTP/1.1 200 OK"
2026-05-22 03:55:11,820 - INFO - HTTP Request: POST http://localhost:8000/v1/chat/completions "HTTP/1.1 200 OK"
2026-05-22 03:55:11,826 - INFO - HTTP Request: POST http://localhost:8000/v1/chat/completions "HTTP/1.1 200 OK"
2026-05-22 03:55:11,828 - INFO - HTTP Request: POST http://localhost:8000/v1/chat/completions "HTTP/1.1 200 OK"
2026-05-22 03:55:11,828 - INFO - HTTP Request: POST http://localhost:8000/v1/chat/completions "HTTP/1.1 200 OK"
2026-05-22 03:55:11,831 - INFO - HTTP Request: POST http://localhost:8000/v1/chat/completions "HTTP/1.1 200 OK"
2026-05-22 03:55:11,833 - INFO - HTTP Request: POST http://localhost:8000/v1/chat/completions "HTTP/1.1 200 OK"
2026-05-22 03:55:11,859 - INFO - HTTP Request: POST http://localhost:8000/v1/chat/completions "HTTP/1.1 200 OK"
2026-05-22 03:55:11,922 - INFO - HTTP Request: POST http://localhost:8000/v1/chat/completions "HTTP/1.1 200 OK"
2026-05-22 03:55:12,001 - INFO - HTTP Request: POST http://localhost:8000/v1/chat/completions "HTTP/1.1 200 OK"
2026-05-22 03:55:12,007 - INFO - HTTP Request: POST http://localhost:8000/v1/chat/completions "HTTP/1.1 200 OK"
2026-05-22 03:55:12,010 - INFO - HTTP Request: POST http://localhost:8000/v1/chat/completions "HTTP/1.1 200 OK"
2026-05-22 03:55:12,019 - INFO - HTTP Request: POST http://localhost:8000/v1/chat/completions "HTTP/1.1 200 OK"
2026-05-22 03:55:12,020 - INFO - HTTP Request: POST http://localhost:8000/v1/chat/completions "HTTP/1.1 200 OK"
2026-05-22 03:55:12,021 - INFO - HTTP Request: POST http://localhost:8000/v1/chat/completions "HTTP/1.1 200 OK"
2026-05-22 03:55:12,021 - INFO - HTTP Request: POST http://localhost:8000/v1/chat/completions "HTTP/1.1 200 OK"
2026-05-22 03:55:12,099 - INFO - HTTP Request: POST http://localhost:8000/v1/chat/completions "HTTP/1.1 200 OK"
2026-05-22 03:55:12,105 - INFO - HTTP Request: POST http://localhost:8000/v1/chat/completions "HTTP/1.1 200 OK"
2026-05-22 03:55:12,106 - INFO - HTTP Request: POST http://localhost:8000/v1/chat/completions "HTTP/1.1 200 OK"
2026-05-22 03:55:12,147 - INFO - HTTP Request: POST http://localhost:8000/v1/chat/completions "HTTP/1.1 200 OK"
2026-05-22 03:55:12,157 - INFO - HTTP Request: POST http://localhost:8000/v1/chat/completions "HTTP/1.1 200 OK"
2026-05-22 03:55:12,186 - INFO - HTTP Request: POST http://localhost:8000/v1/chat/completions "HTTP/1.1 200 OK"
2026-05-22 03:55:12,200 - INFO - HTTP Request: POST http://localhost:8000/v1/chat/completions "HTTP/1.1 200 OK"
2026-05-22 03:55:12,921 - INFO - HTTP Request: POST http://localhost:8000/v1/chat/completions "HTTP/1.1 200 OK"
2026-05-22 03:55:13,178 - INFO - HTTP Request: POST http://localhost:8000/v1/chat/completions "HTTP/1.1 200 OK"
2026-05-22 03:55:13,179 - INFO - HTTP Request: POST http://localhost:8000/v1/chat/completions "HTTP/1.1 200 OK"
2026-05-22 03:55:13,185 - INFO - HTTP Request: POST http://localhost:8000/v1/chat/completions "HTTP/1.1 200 OK"
2026-05-22 03:55:17,301 - INFO - HTTP Request: POST http://localhost:8000/v1/chat/completions "HTTP/1.1 200 OK"
2026-05-22 03:55:17,639 - INFO - HTTP Request: POST http://localhost:8000/v1/chat/completions "HTTP/1.1 200 OK"
2026-05-22 03:55:18,039 - INFO - HTTP Request: POST http://localhost:8000/v1/chat/completions "HTTP/1.1 200 OK"
2026-05-22 03:55:18,335 - INFO - HTTP Request: POST http://localhost:8000/v1/chat/completions "HTTP/1.1 200 OK"
2026-05-22 03:55:25,005 - INFO - HTTP Request: POST http://localhost:8001/v1/chat/completions "HTTP/1.1 200 OK"
2026-05-22 03:55:25,007 - INFO - Document classified as: <THINK>
OKAY, LET'S TACKLE THIS. THE USER WANTS ME TO DETERMINE IF THE GIVEN OCR TEXT IS AN INVOICE, RESUME, OR RECEIPT. THE ANSWER SHOULD BE JUST THE CATEGORY NAME IN UPPERCASE. IF UNSURE, DEFAULT TO INVOICE.

FIRST, I'LL LOOK AT THE CONTENT. THE TEXT STARTS WITH COMPANY DETAILS: ORIENTAL MERCHANT PTY LTD, ABN, AND ADDRESSES IN DIFFERENT STATES. THEN THERE'S A TABLE WITH COLUMNS LIKE CODE, DESCRIPTION, DESCRIPTION2, OUTER/INNER, #UNITS, LIST PRICE, UPRICE, AMOUNT, GST. THERE'S A LINE WITH "DOC NO: 108563", "CUST NO: CA999448", "SALES REP: HANNAH SU", "DOC DATE: 04/01/2026", "ORDER DATE: 04/01/2026". 

THE TABLE HAS ENTRIES WITH PRODUCT CODES, DESCRIPTIONS, QUANTITIES, PRICES, AND AMOUNTS. THE PRESENCE OF A TABLE WITH DETAILED LINE ITEMS, ALONG WITH DOCUMENT NUMBERS, CUSTOMER NUMBERS, AND DATES, SUGGESTS THIS IS A SALES DOCUMENT. 

AN INVOICE TYPICALLY INCLUDES CUSTOMER INFO, ITEMS PURCHASED, PRICES, QUANTITIES, AND TOTALS. THE TABLE HERE SEEMS TO BE A BREAKDOWN OF THE ITEMS SOLD, WHICH IS COMMON IN INVOICES. A RECEIPT MIGHT BE MORE ABOUT THE TRANSACTION DETAILS WITHOUT AS MUCH LINE-ITEM BREAKDOWN. A RESUME WOULD HAVE PERSONAL INFORMATION AND WORK HISTORY, WHICH ISN'T PRESENT HERE. 

THE DATES ARE THE SAME FOR DOC DATE AND ORDER DATE, WHICH IS COMMON IN INVOICES. THE MENTION OF "DOC NO" AND "CUST NO" ALSO POINTS TOWARDS AN INVOICE. THE TABLE STRUCTURE WITH CODES, DESCRIPTIONS, QUANTITIES, AND PRICES IS TYPICAL FOR AN INVOICE'S DETAIL SECTION. 

I DON'T SEE ANY INFORMATION THAT WOULD INDICATE A RESUME OR A RECEIPT. THE RECEIPT MIGHT HAVE A MORE CASUAL FORMAT, BUT THE STRUCTURED TABLE AND DOCUMENT NUMBERS MAKE IT MORE LIKE AN INVOICE. SO, THE CATEGORY SHOULD BE INVOICE.
</THINK>

INVOICE
2026-05-22 03:56:00,537 - INFO - HTTP Request: POST http://localhost:8001/v1/chat/completions "HTTP/1.1 200 OK"
2026-05-22 03:56:01,894 - INFO - HTTP Request: POST http://localhost:8001/v1/chat/completions "HTTP/1.1 200 OK"
2026-05-22 03:56:03,550 - INFO - HTTP Request: POST http://localhost:8001/v1/chat/completions "HTTP/1.1 200 OK"
2026-05-22 03:56:03,707 - INFO - HTTP Request: POST http://localhost:8001/v1/chat/completions "HTTP/1.1 200 OK"
2026-05-22 04:22:25,747 - INFO - Retrying request to /chat/completions in 0.490262 seconds
2026-05-22 04:22:26,240 - INFO - Retrying request to /chat/completions in 0.777945 seconds
2026-05-25 02:19:09,002 - INFO - HTTP Request: POST http://localhost:8000/v1/chat/completions "HTTP/1.1 200 OK"
2026-05-25 02:19:09,056 - INFO - HTTP Request: POST http://localhost:8000/v1/chat/completions "HTTP/1.1 200 OK"
2026-05-25 02:19:09,059 - INFO - HTTP Request: POST http://localhost:8000/v1/chat/completions "HTTP/1.1 200 OK"
2026-05-25 02:19:09,064 - INFO - HTTP Request: POST http://localhost:8000/v1/chat/completions "HTTP/1.1 200 OK"
2026-05-25 02:19:09,066 - INFO - HTTP Request: POST http://localhost:8000/v1/chat/completions "HTTP/1.1 200 OK"
2026-05-25 02:19:09,070 - INFO - HTTP Request: POST http://localhost:8000/v1/chat/completions "HTTP/1.1 200 OK"
2026-05-25 02:19:09,105 - INFO - HTTP Request: POST http://localhost:8000/v1/chat/completions "HTTP/1.1 200 OK"
2026-05-25 02:19:09,124 - INFO - HTTP Request: POST http://localhost:8000/v1/chat/completions "HTTP/1.1 200 OK"
2026-05-25 02:19:09,204 - INFO - HTTP Request: POST http://localhost:8000/v1/chat/completions "HTTP/1.1 200 OK"
2026-05-25 02:19:09,223 - INFO - HTTP Request: POST http://localhost:8000/v1/chat/completions "HTTP/1.1 200 OK"
2026-05-25 02:19:09,237 - INFO - HTTP Request: POST http://localhost:8000/v1/chat/completions "HTTP/1.1 200 OK"
2026-05-25 02:19:09,243 - INFO - HTTP Request: POST http://localhost:8000/v1/chat/completions "HTTP/1.1 200 OK"
2026-05-25 02:19:09,278 - INFO - HTTP Request: POST http://localhost:8000/v1/chat/completions "HTTP/1.1 200 OK"
2026-05-25 02:19:09,692 - INFO - HTTP Request: POST http://localhost:8000/v1/chat/completions "HTTP/1.1 200 OK"
2026-05-25 02:19:14,950 - INFO - HTTP Request: POST http://localhost:8001/v1/chat/completions "HTTP/1.1 200 OK"
2026-05-25 02:19:14,953 - INFO - Document classified as: <THINK>
OKAY, LET'S TACKLE THIS. THE USER WANTS ME TO DETERMINE IF THE GIVEN OCR TEXT IS AN INVOICE, RESUME, OR RECEIPT. THE ANSWER SHOULD BE JUST THE CATEGORY NAME IN UPPERCASE. IF UNSURE, DEFAULT TO INVOICE.

FIRST, I'LL LOOK AT THE CONTENT. THE DOCUMENT STARTS WITH "STEEL BEAR LTD." AND "BILLED TO", WHICH IS A COMMON HEADER IN INVOICES. THERE'S A SECTION FOR VENDOR, WHICH IS ALSO COMMON IN INVOICES. THE DATES MENTIONED ARE "DATE ISSUED" AND "CREATED ON", WHICH ARE TYPICAL FOR INVOICES. THERE'S A PURCHASE ORDER NUMBER, WHICH IS OFTEN FOUND IN INVOICES. THE TABLE WITH ITEMS, QUANTITIES, UNIT PRICES, AND SUBTOTALS IS A KEY INDICATOR. INVOICES USUALLY HAVE A DETAILED LIST OF ITEMS WITH PRICES AND QUANTITIES. 

A RESUME WOULD TYPICALLY HAVE PERSONAL INFORMATION, WORK HISTORY, SKILLS, ETC., BUT THIS TEXT DOESN'T MENTION ANYTHING LIKE THAT. A RECEIPT MIGHT HAVE A SUMMARY OF A TRANSACTION, BUT THE PRESENCE OF A DETAILED TABLE AND THE STRUCTURE HERE SEEMS MORE LIKE AN INVOICE. THE TERMS "BILLED TO", "VENDOR", "PURCHASE ORDER", AND THE DETAILED LINE ITEMS ALL POINT TOWARDS AN INVOICE. 

I'M PRETTY CONFIDENT THIS IS AN INVOICE. THE STRUCTURE AND THE ELEMENTS PRESENT ARE ALL CHARACTERISTIC OF AN INVOICE. THE RECEIPT MIGHT HAVE A DIFFERENT STRUCTURE, MAYBE MORE FOCUSED ON THE TRANSACTION DETAILS WITHOUT THE PURCHASE ORDER OR THE VENDOR INFORMATION. ALSO, THE "STATUS: ISSUED" IS MORE COMMON IN INVOICES THAN IN A RECEIPT. SO, THE ANSWER SHOULD BE INVOICE.
</THINK>

INVOICE
2026-05-25 02:19:22,901 - INFO - HTTP Request: POST http://localhost:8001/v1/chat/completions "HTTP/1.1 200 OK"
2026-05-25 02:25:14,386 - INFO - HTTP Request: POST http://localhost:8000/v1/chat/completions "HTTP/1.1 200 OK"
2026-05-25 02:25:14,387 - INFO - HTTP Request: POST http://localhost:8000/v1/chat/completions "HTTP/1.1 200 OK"
2026-05-25 02:25:14,392 - INFO - HTTP Request: POST http://localhost:8000/v1/chat/completions "HTTP/1.1 200 OK"
2026-05-25 02:25:14,393 - INFO - HTTP Request: POST http://localhost:8000/v1/chat/completions "HTTP/1.1 200 OK"
2026-05-25 02:25:14,401 - INFO - HTTP Request: POST http://localhost:8000/v1/chat/completions "HTTP/1.1 200 OK"
2026-05-25 02:25:14,403 - INFO - HTTP Request: POST http://localhost:8000/v1/chat/completions "HTTP/1.1 200 OK"
2026-05-25 02:25:14,404 - INFO - HTTP Request: POST http://localhost:8000/v1/chat/completions "HTTP/1.1 200 OK"
2026-05-25 02:25:14,404 - INFO - HTTP Request: POST http://localhost:8000/v1/chat/completions "HTTP/1.1 200 OK"
2026-05-25 02:25:14,415 - INFO - HTTP Request: POST http://localhost:8000/v1/chat/completions "HTTP/1.1 200 OK"
2026-05-25 02:25:14,416 - INFO - HTTP Request: POST http://localhost:8000/v1/chat/completions "HTTP/1.1 200 OK"
2026-05-25 02:25:14,421 - INFO - HTTP Request: POST http://localhost:8000/v1/chat/completions "HTTP/1.1 200 OK"
2026-05-25 02:25:14,422 - INFO - HTTP Request: POST http://localhost:8000/v1/chat/completions "HTTP/1.1 200 OK"
2026-05-25 02:25:14,424 - INFO - HTTP Request: POST http://localhost:8000/v1/chat/completions "HTTP/1.1 200 OK"
2026-05-25 02:25:14,427 - INFO - HTTP Request: POST http://localhost:8000/v1/chat/completions "HTTP/1.1 200 OK"
2026-05-25 02:25:14,437 - INFO - HTTP Request: POST http://localhost:8000/v1/chat/completions "HTTP/1.1 200 OK"
2026-05-25 02:25:14,600 - INFO - HTTP Request: POST http://localhost:8000/v1/chat/completions "HTTP/1.1 200 OK"
2026-05-25 02:25:14,608 - INFO - HTTP Request: POST http://localhost:8000/v1/chat/completions "HTTP/1.1 200 OK"
2026-05-25 02:25:14,610 - INFO - HTTP Request: POST http://localhost:8000/v1/chat/completions "HTTP/1.1 200 OK"
2026-05-25 02:25:14,612 - INFO - HTTP Request: POST http://localhost:8000/v1/chat/completions "HTTP/1.1 200 OK"
2026-05-25 02:25:14,615 - INFO - HTTP Request: POST http://localhost:8000/v1/chat/completions "HTTP/1.1 200 OK"
2026-05-25 02:25:14,620 - INFO - HTTP Request: POST http://localhost:8000/v1/chat/completions "HTTP/1.1 200 OK"
2026-05-25 02:25:14,621 - INFO - HTTP Request: POST http://localhost:8000/v1/chat/completions "HTTP/1.1 200 OK"
2026-05-25 02:25:14,631 - INFO - HTTP Request: POST http://localhost:8000/v1/chat/completions "HTTP/1.1 200 OK"
2026-05-25 02:25:14,644 - INFO - HTTP Request: POST http://localhost:8000/v1/chat/completions "HTTP/1.1 200 OK"
2026-05-25 02:25:14,673 - INFO - HTTP Request: POST http://localhost:8000/v1/chat/completions "HTTP/1.1 200 OK"
2026-05-25 02:25:14,729 - INFO - HTTP Request: POST http://localhost:8000/v1/chat/completions "HTTP/1.1 200 OK"
2026-05-25 02:25:14,734 - INFO - HTTP Request: POST http://localhost:8000/v1/chat/completions "HTTP/1.1 200 OK"
2026-05-25 02:25:14,752 - INFO - HTTP Request: POST http://localhost:8000/v1/chat/completions "HTTP/1.1 200 OK"
2026-05-25 02:25:14,788 - INFO - HTTP Request: POST http://localhost:8000/v1/chat/completions "HTTP/1.1 200 OK"
2026-05-25 02:25:14,799 - INFO - HTTP Request: POST http://localhost:8000/v1/chat/completions "HTTP/1.1 200 OK"
2026-05-25 02:25:14,809 - INFO - HTTP Request: POST http://localhost:8000/v1/chat/completions "HTTP/1.1 200 OK"
2026-05-25 02:25:14,833 - INFO - HTTP Request: POST http://localhost:8000/v1/chat/completions "HTTP/1.1 200 OK"
2026-05-25 02:25:15,705 - INFO - HTTP Request: POST http://localhost:8000/v1/chat/completions "HTTP/1.1 200 OK"
2026-05-25 02:25:15,801 - INFO - HTTP Request: POST http://localhost:8000/v1/chat/completions "HTTP/1.1 200 OK"
2026-05-25 02:25:15,810 - INFO - HTTP Request: POST http://localhost:8000/v1/chat/completions "HTTP/1.1 200 OK"
2026-05-25 02:25:15,819 - INFO - HTTP Request: POST http://localhost:8000/v1/chat/completions "HTTP/1.1 200 OK"
2026-05-25 02:25:19,910 - INFO - HTTP Request: POST http://localhost:8000/v1/chat/completions "HTTP/1.1 200 OK"
2026-05-25 02:25:20,307 - INFO - HTTP Request: POST http://localhost:8000/v1/chat/completions "HTTP/1.1 200 OK"
2026-05-25 02:25:20,986 - INFO - HTTP Request: POST http://localhost:8000/v1/chat/completions "HTTP/1.1 200 OK"
2026-05-25 02:25:21,015 - INFO - HTTP Request: POST http://localhost:8000/v1/chat/completions "HTTP/1.1 200 OK"
2026-05-25 02:25:27,464 - INFO - HTTP Request: POST http://localhost:8001/v1/chat/completions "HTTP/1.1 200 OK"
2026-05-25 02:25:27,465 - INFO - Document classified as: <THINK>
OKAY, LET'S TACKLE THIS. THE USER WANTS ME TO DETERMINE IF THE GIVEN TEXT IS AN INVOICE, RESUME, OR RECEIPT. THE ANSWER SHOULD BE JUST THE CATEGORY NAME IN UPPERCASE. IF UNSURE, DEFAULT TO INVOICE.

FIRST, I'LL LOOK AT THE CONTENT. THE TEXT STARTS WITH COMPANY DETAILS: ORIENTAL MERCHANT PTY LTD, ABN, ADDRESSES IN VARIOUS STATES (VIC, NSW, QLD, WA), PHONE NUMBERS. THEN THERE'S A "PROFORMA INVOICE" MENTIONED. THE NEXT PART HAS ORDER DETAILS, CUSTOMER INFO, SALES REP, DATES, AND A TABLE WITH PRODUCT CODES, DESCRIPTIONS, QUANTITIES, PRICES, AND AMOUNTS. 

A PROFORMA INVOICE IS A TYPE OF INVOICE USED TO PROVIDE A CUSTOMER WITH AN ESTIMATE OF THE COST OF GOODS OR SERVICES BEFORE THE ACTUAL SALE. IT'S SIMILAR TO AN INVOICE BUT IS USUALLY SENT BEFORE THE ACTUAL TRANSACTION. THE PRESENCE OF "PROFORMA INVOICE" IN THE TITLE IS A STRONG INDICATOR. 

LOOKING AT THE STRUCTURE: COMPANY INFO, CUSTOMER DETAILS, ORDER DATE, PRODUCT TABLE WITH QUANTITIES, PRICES, AND AMOUNTS. THIS IS TYPICAL OF AN INVOICE, NOT A RESUME (WHICH WOULD HAVE PERSONAL INFO AND WORK HISTORY) OR A RECEIPT (WHICH IS MORE FOR TRANSACTIONS WITH LESS DETAILED PRODUCT INFO). 

THE TABLE INCLUDES COLUMNS LIKE CODE, DESCRIPTION, DESCRIPTION2, OUTER/INNER, #UNITS, LIST PRICE, UPRICE, AMOUNT, GST. THIS LEVEL OF DETAIL IS MORE COMMON IN AN INVOICE THAN A RECEIPT. ALSO, THE MENTION OF "PROFORMA INVOICE" SPECIFICALLY POINTS TOWARDS AN INVOICE CATEGORY. 

I DON'T SEE ANY INFORMATION THAT WOULD SUGGEST A RESUME, LIKE EDUCATION, WORK EXPERIENCE, OR PERSONAL DETAILS. THE ADDRESSES AND CONTACT INFO ARE BUSINESS-RELATED, NOT PERSONAL. THE DATES AND ORDER DETAILS ALIGN WITH A SALES TRANSACTION. 

SO, EVEN THOUGH IT'S A PROFORMA INVOICE, THE CATEGORY IS STILL INVOICE. THE USER SAID TO RETURN INVOICE IF UNSURE, AND GIVEN THE STRUCTURE AND TERMS, IT'S DEFINITELY AN INVOICE.
</THINK>

INVOICE
2026-05-25 02:26:02,293 - INFO - HTTP Request: POST http://localhost:8001/v1/chat/completions "HTTP/1.1 200 OK"
2026-05-25 02:26:03,606 - INFO - HTTP Request: POST http://localhost:8001/v1/chat/completions "HTTP/1.1 200 OK"
2026-05-25 02:26:05,416 - INFO - HTTP Request: POST http://localhost:8001/v1/chat/completions "HTTP/1.1 200 OK"
2026-05-25 02:26:07,013 - INFO - HTTP Request: POST http://localhost:8001/v1/chat/completions "HTTP/1.1 200 OK"
2026-05-25 03:02:39,056 - INFO - HTTP Request: POST http://localhost:8000/v1/chat/completions "HTTP/1.1 200 OK"
2026-05-25 03:02:39,062 - INFO - HTTP Request: POST http://localhost:8000/v1/chat/completions "HTTP/1.1 200 OK"
2026-05-25 03:02:39,062 - INFO - HTTP Request: POST http://localhost:8000/v1/chat/completions "HTTP/1.1 200 OK"
2026-05-25 03:02:39,065 - INFO - HTTP Request: POST http://localhost:8000/v1/chat/completions "HTTP/1.1 200 OK"
2026-05-25 03:02:39,074 - INFO - HTTP Request: POST http://localhost:8000/v1/chat/completions "HTTP/1.1 200 OK"
2026-05-25 03:02:39,083 - INFO - HTTP Request: POST http://localhost:8000/v1/chat/completions "HTTP/1.1 200 OK"
2026-05-25 03:02:39,111 - INFO - HTTP Request: POST http://localhost:8000/v1/chat/completions "HTTP/1.1 200 OK"
2026-05-25 03:02:39,114 - INFO - HTTP Request: POST http://localhost:8000/v1/chat/completions "HTTP/1.1 200 OK"
2026-05-25 03:02:39,227 - INFO - HTTP Request: POST http://localhost:8000/v1/chat/completions "HTTP/1.1 200 OK"
2026-05-25 03:02:39,313 - INFO - HTTP Request: POST http://localhost:8000/v1/chat/completions "HTTP/1.1 200 OK"
2026-05-25 03:02:39,552 - INFO - HTTP Request: POST http://localhost:8000/v1/chat/completions "HTTP/1.1 200 OK"
2026-05-25 03:02:41,131 - INFO - HTTP Request: POST http://localhost:8000/v1/chat/completions "HTTP/1.1 200 OK"
2026-05-25 03:02:52,941 - INFO - HTTP Request: POST http://localhost:8001/v1/chat/completions "HTTP/1.1 200 OK"
2026-05-25 03:02:52,942 - INFO - Document classified as: <THINK>
OKAY, LET'S TACKLE THIS. THE USER WANTS ME TO DETERMINE IF THE GIVEN OCR TEXT IS AN INVOICE, RESUME, OR RECEIPT. THE ANSWER SHOULD BE JUST THE CATEGORY NAME IN UPPERCASE. IF UNSURE, DEFAULT TO INVOICE.

FIRST, I'LL LOOK AT THE CONTENT. THE FIRST LINE IS "PURCHASE ORDER", WHICH IS A KEY TERM. THEN THERE'S COMPANY INFO: DYNAMIC INVENTORY WITH ADDRESS, PHONE, EMAIL, FAX. NEXT, THERE'S AN ORDER NUMBER AND DATE. THEN A TABLE WITH CONTACT INFO, REQUEST SHIP DATE, PAYMENT TERMS, CARRIER, ETC. ANOTHER TABLE WITH ITEMS, QUANTITIES, UNIT PRICES, ETC.

WAIT, THE USER MENTIONED THAT THE TEXT IS FROM A DOCUMENT. THE FIRST LINE IS "PURCHASE ORDER", WHICH IS DIFFERENT FROM AN INVOICE. BUT SOMETIMES, PURCHASE ORDERS CAN BE CONFUSED WITH INVOICES. HOWEVER, THE PRESENCE OF "PURCHASE ORDER" MIGHT INDICATE IT'S NOT AN INVOICE. BUT THE TABLES HAVE COLUMNS LIKE "ITEM", "TYPE", "QTY", "UNIT PRICE", WHICH ARE COMMON IN INVOICES. HOWEVER, THE INITIAL LINE IS "PURCHASE ORDER", WHICH IS A DIFFERENT DOCUMENT TYPE. 

BUT THE USER'S INSTRUCTION SAYS IF UNSURE, RETURN INVOICE. HOWEVER, THE FIRST LINE IS "PURCHASE ORDER", WHICH IS A DIFFERENT CATEGORY. BUT MAYBE THE TABLES ARE SIMILAR TO AN INVOICE. WAIT, BUT THE MAIN DIFFERENCE IS THAT A PURCHASE ORDER IS A REQUEST TO BUY GOODS, WHILE AN INVOICE IS A BILL FOR SERVICES OR GOODS. HOWEVER, SOMETIMES THE STRUCTURE MIGHT OVERLAP. 

LOOKING AT THE TABLES: THE FIRST TABLE HAS CONTACT INFO, REQUEST SHIP DATE, PAYMENT TERMS, CARRIER. THE SECOND TABLE HAS ITEMS, QUANTITIES, UNIT PRICES. THIS SEEMS MORE LIKE A PURCHASE ORDER. BUT THE USER'S INSTRUCTION SAYS IF UNSURE, RETURN INVOICE. HOWEVER, THE FIRST LINE IS "PURCHASE ORDER", WHICH IS A DIFFERENT CATEGORY. BUT MAYBE THE SYSTEM IS DESIGNED TO CHECK FOR THE PRESENCE OF CERTAIN KEYWORDS. 

WAIT, THE USER'S INSTRUCTION SAYS TO RETURN THE CATEGORY NAME. THE FIRST LINE IS "PURCHASE ORDER", WHICH IS A DIFFERENT CATEGORY THAN INVOICE. BUT THE USER'S INSTRUCTION SAYS IF UNSURE, RETURN INVOICE. HOWEVER, THE PRESENCE OF "PURCHASE ORDER" MIGHT INDICATE THAT IT'S NOT AN INVOICE. BUT MAYBE THE SYSTEM IS DESIGNED TO CHECK FOR THE PRESENCE OF "INVOICE" IN THE TEXT. HOWEVER, THE FIRST LINE IS "PURCHASE ORDER", SO MAYBE THE CORRECT CATEGORY IS PURCHASE ORDER. BUT THE USER'S OPTIONS ARE INVOICE, RESUME, OR RECEIPT. WAIT, THE USER'S OPTIONS ARE INVOICE, RESUME, OR RECEIPT. SO THE POSSIBLE CATEGORIES ARE THOSE THREE. THE TEXT STARTS WITH "PURCHASE ORDER", WHICH IS NOT ONE OF THE OPTIONS. SO MAYBE THE USER MADE A MISTAKE IN THE OPTIONS, BUT THE INSTRUCTION SAYS TO RETURN THE CATEGORY NAME. 

WAIT, THE USER'S INSTRUCTION SAYS TO DETERMINE IF IT'S INVOICE, RESUME, OR RECEIPT. THE TEXT STARTS WITH "PURCHASE ORDER", WHICH IS NOT ONE OF THE OPTIONS. SO MAYBE THE CORRECT ANSWER IS INVOICE, BUT THE FIRST LINE IS "PURCHASE ORDER". HOWEVER, THE USER'S INSTRUCTION SAYS IF UNSURE, RETURN INVOICE. SO MAYBE THE ANSWER IS INVOICE. BUT I NEED TO CHECK IF THE CONTENT IS MORE LIKE AN INVOICE. THE TABLES HAVE ITEMS, QUANTITIES, UNIT PRICES, WHICH ARE COMMON IN INVOICES. HOWEVER, THE PRESENCE OF "PURCHASE ORDER" MIGHT INDICATE THAT IT'S A PURCHASE ORDER, BUT THE OPTIONS DON'T INCLUDE THAT. SO THE USER MIGHT HAVE INTENDED THAT THE ANSWER IS INVOICE. ALTERNATIVELY, MAYBE THE TEXT IS A RECEIPT. BUT RECEIPTS USUALLY HAVE A TOTAL AMOUNT, WHICH ISN'T PRESENT HERE. THE TEXT HAS ORDER NUMBERS, DATES, AND ITEM DETAILS, WHICH ARE MORE LIKE AN INVOICE. SO THE ANSWER IS INVOICE.
</THINK>

INVOICE
2026-05-25 03:03:03,776 - INFO - HTTP Request: POST http://localhost:8001/v1/chat/completions "HTTP/1.1 200 OK"
2026-05-25 03:07:41,168 - INFO - HTTP Request: POST http://localhost:8000/v1/chat/completions "HTTP/1.1 200 OK"
2026-05-25 03:07:41,172 - INFO - HTTP Request: POST http://localhost:8000/v1/chat/completions "HTTP/1.1 200 OK"
2026-05-25 03:07:41,178 - INFO - HTTP Request: POST http://localhost:8000/v1/chat/completions "HTTP/1.1 200 OK"
2026-05-25 03:07:41,179 - INFO - HTTP Request: POST http://localhost:8000/v1/chat/completions "HTTP/1.1 200 OK"
2026-05-25 03:07:41,180 - INFO - HTTP Request: POST http://localhost:8000/v1/chat/completions "HTTP/1.1 200 OK"
2026-05-25 03:07:41,181 - INFO - HTTP Request: POST http://localhost:8000/v1/chat/completions "HTTP/1.1 200 OK"
2026-05-25 03:07:41,186 - INFO - HTTP Request: POST http://localhost:8000/v1/chat/completions "HTTP/1.1 200 OK"
2026-05-25 03:07:41,202 - INFO - HTTP Request: POST http://localhost:8000/v1/chat/completions "HTTP/1.1 200 OK"
2026-05-25 03:07:41,203 - INFO - HTTP Request: POST http://localhost:8000/v1/chat/completions "HTTP/1.1 200 OK"
2026-05-25 03:07:41,210 - INFO - HTTP Request: POST http://localhost:8000/v1/chat/completions "HTTP/1.1 200 OK"
2026-05-25 03:07:41,212 - INFO - HTTP Request: POST http://localhost:8000/v1/chat/completions "HTTP/1.1 200 OK"
2026-05-25 03:07:41,218 - INFO - HTTP Request: POST http://localhost:8000/v1/chat/completions "HTTP/1.1 200 OK"
2026-05-25 03:07:41,224 - INFO - HTTP Request: POST http://localhost:8000/v1/chat/completions "HTTP/1.1 200 OK"
2026-05-25 03:07:41,228 - INFO - HTTP Request: POST http://localhost:8000/v1/chat/completions "HTTP/1.1 200 OK"
2026-05-25 03:07:41,251 - INFO - HTTP Request: POST http://localhost:8000/v1/chat/completions "HTTP/1.1 200 OK"
2026-05-25 03:07:41,259 - INFO - HTTP Request: POST http://localhost:8000/v1/chat/completions "HTTP/1.1 200 OK"
2026-05-25 03:07:41,272 - INFO - HTTP Request: POST http://localhost:8000/v1/chat/completions "HTTP/1.1 200 OK"
2026-05-25 03:07:41,285 - INFO - HTTP Request: POST http://localhost:8000/v1/chat/completions "HTTP/1.1 200 OK"
2026-05-25 03:07:41,340 - INFO - HTTP Request: POST http://localhost:8000/v1/chat/completions "HTTP/1.1 200 OK"
2026-05-25 03:07:41,346 - INFO - HTTP Request: POST http://localhost:8000/v1/chat/completions "HTTP/1.1 200 OK"
2026-05-25 03:07:41,397 - INFO - HTTP Request: POST http://localhost:8000/v1/chat/completions "HTTP/1.1 200 OK"
2026-05-25 03:07:41,462 - INFO - HTTP Request: POST http://localhost:8000/v1/chat/completions "HTTP/1.1 200 OK"
2026-05-25 03:07:46,222 - INFO - HTTP Request: POST http://localhost:8001/v1/chat/completions "HTTP/1.1 200 OK"
2026-05-25 03:07:46,223 - INFO - Document classified as: <THINK>
OKAY, LET'S TACKLE THIS. THE USER WANTS ME TO DETERMINE IF THE GIVEN TEXT IS AN INVOICE, RESUME, OR RECEIPT. THE FIRST THING I NEED TO DO IS ANALYZE THE CONTENT OF THE TEXT PROVIDED.

LOOKING AT THE TEXT, THE FIRST LINE HAS A NAME, ADDRESS, AND PHONE NUMBER. THEN THERE'S AN OBJECTIVE STATEMENT ABOUT PURSUING A CAREER. NEXT, PERSONAL DATA LIKE NICKNAME, AGE, SEX, BIRTHDAY, BIRTHPLACE, PARENTS' NAMES, CIVIL STATUS, NATIONALITY, RELIGION. THEN EDUCATIONAL BACKGROUND WITH COLLEGE AND SECONDARY SCHOOL INFORMATION. THERE'S ALSO A CHARACTER REFERENCE WITH NAME, JOB TITLE, AND CONTACT INFO.

HMM, THIS SEEMS LIKE A RESUME. THE STRUCTURE INCLUDES PERSONAL INFORMATION, OBJECTIVE, EDUCATIONAL BACKGROUND, AND REFERENCES. INVOICES TYPICALLY HAVE THINGS LIKE INVOICE NUMBER, DATE, ITEMS, AMOUNTS, AND PAYMENT DETAILS. RECEIPTS USUALLY HAVE A TRANSACTION SUMMARY, AMOUNT, AND MAYBE A RECEIPT NUMBER. BUT THE TEXT HERE IS MORE ABOUT PERSONAL DETAILS AND EDUCATION, WHICH POINTS TO A RESUME. THE MENTION OF "CHARACTER REFERENCE" ALSO ALIGNS MORE WITH A RESUME THAN AN INVOICE OR RECEIPT. SO I THINK THE CATEGORY HERE IS RESUME. BUT WAIT, THE USER SAID IF UNSURE, RETURN INVOICE. BUT I'M PRETTY CONFIDENT THIS IS A RESUME. LET ME DOUBLE-CHECK. THE OBJECTIVE IS ABOUT CAREER PURSUIT, PERSONAL DATA, EDUCATION, AND REFERENCES. YEP, THAT'S A RESUME. SO THE ANSWER SHOULD BE RESUME.
</THINK>

RESUME
2026-05-25 03:07:49,023 - INFO - HTTP Request: POST http://localhost:8001/v1/chat/completions "HTTP/1.1 200 OK"
2026-05-25 03:18:45,715 - INFO - HTTP Request: POST http://localhost:8000/v1/chat/completions "HTTP/1.1 200 OK"
2026-05-25 03:18:45,718 - INFO - HTTP Request: POST http://localhost:8000/v1/chat/completions "HTTP/1.1 200 OK"
2026-05-25 03:18:45,801 - INFO - HTTP Request: POST http://localhost:8000/v1/chat/completions "HTTP/1.1 200 OK"
2026-05-25 03:18:45,821 - INFO - HTTP Request: POST http://localhost:8000/v1/chat/completions "HTTP/1.1 200 OK"
2026-05-25 03:18:45,825 - INFO - HTTP Request: POST http://localhost:8000/v1/chat/completions "HTTP/1.1 200 OK"
2026-05-25 03:18:46,065 - INFO - HTTP Request: POST http://localhost:8000/v1/chat/completions "HTTP/1.1 200 OK"
2026-05-25 03:18:50,538 - INFO - HTTP Request: POST http://localhost:8001/v1/chat/completions "HTTP/1.1 200 OK"
2026-05-25 03:18:50,539 - INFO - Document classified as: <THINK>
OKAY, LET'S TACKLE THIS. THE USER WANTS ME TO DETERMINE IF THE GIVEN TEXT IS AN INVOICE, RESUME, OR RECEIPT. THE FIRST THING I NEED TO DO IS LOOK AT THE CONTENT OF THE TEXT PROVIDED.

LOOKING AT THE FIRST PART, THERE'S A NAME, ADDRESS, AND AN INVOICE NUMBER. THEN THERE'S A TABLE WITH COLUMNS QTY, PRICE, DESCRIPTION, TOTAL. THE TABLE HAS ENTRIES LIKE BULB REPLACEMENT AND ROOF TILING WITH QUANTITIES AND PRICES. THERE'S A TOTAL, TAX, AND AMOUNT DUE. ALSO, THERE'S PAYMENT INFORMATION AT THE END WITH A NAME, ACCOUNT NUMBER, AND SOME CONTACT DETAILS.

SO, THE KEY ELEMENTS HERE ARE THE INVOICE NUMBER, ITEMS WITH QUANTITIES AND PRICES, A TOTAL AMOUNT, TAX, AND PAYMENT DETAILS. THESE ARE ALL TYPICAL FEATURES OF AN INVOICE. A RESUME WOULD USUALLY HAVE MORE PERSONAL INFORMATION LIKE EDUCATION, WORK EXPERIENCE, SKILLS, WHICH ISN'T PRESENT HERE. A RECEIPT MIGHT HAVE MORE DETAILS ABOUT A PURCHASE, BUT THE PRESENCE OF AN INVOICE NUMBER AND THE STRUCTURED TABLE WITH QUANTITIES AND PRICES POINTS MORE TOWARDS AN INVOICE. THE PAYMENT INFORMATION IS ALSO COMMON IN INVOICES. THE MENTION OF "INV# 012" CLEARLY INDICATES AN INVOICE. THE TABLE STRUCTURE WITH ITEMS, PRICES, AND TOTALS IS A STRONG INDICATOR OF AN INVOICE. I THINK THE CORRECT CATEGORY HERE IS INVOICE.
</THINK>

INVOICE
2026-05-25 03:18:55,008 - INFO - HTTP Request: POST http://localhost:8001/v1/chat/completions "HTTP/1.1 200 OK"
2026-05-25 03:20:11,649 - INFO - HTTP Request: POST http://localhost:8000/v1/chat/completions "HTTP/1.1 200 OK"
2026-05-25 03:20:11,680 - INFO - HTTP Request: POST http://localhost:8000/v1/chat/completions "HTTP/1.1 200 OK"
2026-05-25 03:20:11,740 - INFO - HTTP Request: POST http://localhost:8000/v1/chat/completions "HTTP/1.1 200 OK"
2026-05-25 03:20:11,756 - INFO - HTTP Request: POST http://localhost:8000/v1/chat/completions "HTTP/1.1 200 OK"
2026-05-25 03:20:11,760 - INFO - HTTP Request: POST http://localhost:8000/v1/chat/completions "HTTP/1.1 200 OK"
2026-05-25 03:20:11,830 - INFO - HTTP Request: POST http://localhost:8000/v1/chat/completions "HTTP/1.1 200 OK"
2026-05-25 03:20:12,224 - INFO - HTTP Request: POST http://localhost:8000/v1/chat/completions "HTTP/1.1 200 OK"
2026-05-25 03:20:17,000 - INFO - HTTP Request: POST http://localhost:8001/v1/chat/completions "HTTP/1.1 200 OK"
2026-05-25 03:20:17,001 - INFO - Document classified as: <THINK>
OKAY, LET'S TACKLE THIS. THE USER WANTS ME TO DETERMINE IF THE GIVEN OCR TEXT IS AN INVOICE, RESUME, OR RECEIPT. THE ANSWER SHOULD BE JUST THE CATEGORY NAME IN UPPERCASE. IF UNSURE, DEFAULT TO INVOICE.

FIRST, I'LL LOOK AT THE TEXT. THE FIRST LINE IS "HAPPY PETALS" FOLLOWED BY AN ADDRESS. THEN THERE'S "INVOICE #76-871101" WHICH IMMEDIATELY SUGGESTS IT'S AN INVOICE. THE TABLE HAS ITEMS WITH QUANTITIES, PRICES, AND TOTALS. THERE'S A SUBTOTAL, SHIPPING, TAX, AND GRAND TOTAL. THE BILLING AND SHIPPING ADDRESSES ARE LISTED, ALONG WITH CUSTOMER SERVICE INFO.

A RESUME WOULD TYPICALLY HAVE PERSONAL INFORMATION, WORK EXPERIENCE, SKILLS, ETC. A RECEIPT USUALLY HAS A SUMMARY OF A TRANSACTION, MAYBE LESS DETAILED BREAKDOWN. BUT THE PRESENCE OF AN INVOICE NUMBER, DETAILED ITEMIZED LIST, AND THE STRUCTURE HERE SEEMS MORE LIKE AN INVOICE. THE TABLE WITH ITEM DESCRIPTION, QTY, PRICE, TOTAL, AND THE BREAKDOWN OF SUBTOTAL, SHIPPING, TAX, GRAND TOTAL ALL POINT TOWARDS AN INVOICE. THE ADDRESSES AND CUSTOMER SERVICE NUMBERS ARE COMMON IN INVOICES FOR BILLING PURPOSES. 

I DON'T SEE ANY INDICATORS OF A RESUME HERE. THE RECEIPT MIGHT HAVE A DIFFERENT STRUCTURE, MAYBE MORE CONCISE, BUT THE DETAILED TABLE WITH MULTIPLE LINE ITEMS AND THE INVOICE NUMBER MAKE ME THINK IT'S DEFINITELY AN INVOICE. SO THE ANSWER SHOULD BE INVOICE.
</THINK>

INVOICE
2026-05-25 03:20:22,502 - INFO - HTTP Request: POST http://localhost:8001/v1/chat/completions "HTTP/1.1 200 OK"
2026-05-25 03:20:22,502 - ERROR - LLM failed on page 1: unsupported operand type(s) for -: 'str' and 'str'
2026-05-25 03:21:20,074 - INFO - HTTP Request: POST http://localhost:8000/v1/chat/completions "HTTP/1.1 200 OK"
2026-05-25 03:21:20,118 - INFO - HTTP Request: POST http://localhost:8000/v1/chat/completions "HTTP/1.1 200 OK"
2026-05-25 03:21:20,178 - INFO - HTTP Request: POST http://localhost:8000/v1/chat/completions "HTTP/1.1 200 OK"
2026-05-25 03:21:20,203 - INFO - HTTP Request: POST http://localhost:8000/v1/chat/completions "HTTP/1.1 200 OK"
2026-05-25 03:21:20,206 - INFO - HTTP Request: POST http://localhost:8000/v1/chat/completions "HTTP/1.1 200 OK"
2026-05-25 03:21:20,295 - INFO - HTTP Request: POST http://localhost:8000/v1/chat/completions "HTTP/1.1 200 OK"
2026-05-25 03:21:20,746 - INFO - HTTP Request: POST http://localhost:8000/v1/chat/completions "HTTP/1.1 200 OK"
2026-05-25 03:21:25,551 - INFO - HTTP Request: POST http://localhost:8001/v1/chat/completions "HTTP/1.1 200 OK"
2026-05-25 03:21:25,552 - INFO - Document classified as: <THINK>
OKAY, LET'S TACKLE THIS. THE USER WANTS ME TO DETERMINE IF THE GIVEN OCR TEXT IS AN INVOICE, RESUME, OR RECEIPT. THE ANSWER SHOULD BE JUST THE CATEGORY NAME IN UPPERCASE. IF UNSURE, DEFAULT TO INVOICE.

FIRST, I'LL LOOK AT THE CONTENT. THE DOCUMENT STARTS WITH "HAPPY PETALS" FOLLOWED BY AN ADDRESS. THEN THERE'S AN INVOICE NUMBER. THE NEXT PART IS A TABLE WITH ITEMS: "RUFFLED TOP WITH FLORAL PRINT", "BIRDS OF PARADISE MAXI DRESS", QUANTITIES, PRICES, AND TOTALS. THERE'S A SUBTOTAL, SHIPPING, TAX, AND GRAND TOTAL. THEN BILLING AND SHIPPING ADDRESSES, AND CUSTOMER SERVICE INFO.

AN INVOICE TYPICALLY INCLUDES ITEMS SOLD, QUANTITIES, PRICES, TOTALS, SHIPPING, TAX, AND CUSTOMER ADDRESSES. THE PRESENCE OF AN INVOICE NUMBER, A TABLE WITH ITEMIZED DETAILS, AND THE BREAKDOWN OF COSTS (SUBTOTAL, SHIPPING, TAX, GRAND TOTAL) POINTS TOWARDS AN INVOICE. A RESUME WOULD HAVE PERSONAL INFORMATION AND WORK HISTORY, WHICH ISN'T HERE. A RECEIPT MIGHT BE SIMILAR TO AN INVOICE BUT USUALLY SHORTER AND MORE TRANSACTIONAL, BUT THIS HAS MORE DETAILED ITEMIZATION. THE STRUCTURE HERE MATCHES AN INVOICE MORE THAN A RECEIPT. THE CUSTOMER SERVICE NUMBERS AND ADDRESSES ALSO ALIGN WITH A BUSINESS INVOICE. SO, THE CATEGORY IS INVOICE.
</THINK>

INVOICE
2026-05-25 03:21:30,962 - INFO - HTTP Request: POST http://localhost:8001/v1/chat/completions "HTTP/1.1 200 OK"
2026-05-25 03:21:30,964 - ERROR - LLM failed on page 1: unsupported operand type(s) for -: 'str' and 'str'
2026-05-25 03:23:41,787 - INFO - HTTP Request: POST http://localhost:8000/v1/chat/completions "HTTP/1.1 200 OK"
2026-05-25 03:23:41,816 - INFO - HTTP Request: POST http://localhost:8000/v1/chat/completions "HTTP/1.1 200 OK"
2026-05-25 03:23:41,876 - INFO - HTTP Request: POST http://localhost:8000/v1/chat/completions "HTTP/1.1 200 OK"
2026-05-25 03:23:41,893 - INFO - HTTP Request: POST http://localhost:8000/v1/chat/completions "HTTP/1.1 200 OK"
2026-05-25 03:23:41,898 - INFO - HTTP Request: POST http://localhost:8000/v1/chat/completions "HTTP/1.1 200 OK"
2026-05-25 03:23:41,961 - INFO - HTTP Request: POST http://localhost:8000/v1/chat/completions "HTTP/1.1 200 OK"
2026-05-25 03:23:42,360 - INFO - HTTP Request: POST http://localhost:8000/v1/chat/completions "HTTP/1.1 200 OK"
2026-05-25 03:23:46,664 - INFO - HTTP Request: POST http://localhost:8001/v1/chat/completions "HTTP/1.1 200 OK"
2026-05-25 03:23:46,665 - INFO - Document classified as: <THINK>
OKAY, LET'S TACKLE THIS. THE USER WANTS ME TO DETERMINE IF THE GIVEN OCR TEXT IS AN INVOICE, RESUME, OR RECEIPT. THE ANSWER SHOULD BE JUST THE CATEGORY NAME IN UPPERCASE. IF UNSURE, DEFAULT TO INVOICE.

FIRST, I'LL LOOK AT THE CONTENT. THE DOCUMENT STARTS WITH "HAPPY PETALS" FOLLOWED BY AN ADDRESS. THEN THERE'S AN INVOICE NUMBER. THE NEXT PART IS A TABLE WITH ITEMS: "RUFFLED TOP WITH FLORAL PRINT", "BIRDS OF PARADISE MAXI DRESS", QUANTITIES, PRICES, AND TOTALS. THERE'S A SUBTOTAL, SHIPPING, TAX, AND GRAND TOTAL. THEN BILLING AND SHIPPING ADDRESSES, AND CUSTOMER SERVICE INFO.

AN INVOICE TYPICALLY INCLUDES ITEMS SOLD, QUANTITIES, PRICES, TOTALS, SHIPPING, TAX, AND CUSTOMER ADDRESSES. THE PRESENCE OF AN INVOICE NUMBER, A TABLE WITH ITEMIZED DETAILS, AND THE BREAKDOWN OF COSTS (SUBTOTAL, SHIPPING, TAX, GRAND TOTAL) POINTS TOWARDS AN INVOICE. A RESUME WOULD HAVE PERSONAL INFORMATION AND WORK HISTORY, WHICH ISN'T HERE. A RECEIPT MIGHT BE SIMILAR TO AN INVOICE BUT USUALLY SHORTER AND MORE TRANSACTIONAL, BUT THIS HAS MORE DETAILED ITEMIZATION. THE STRUCTURE HERE MATCHES AN INVOICE MORE THAN A RECEIPT. THE CUSTOMER SERVICE NUMBERS AND ADDRESSES ALSO ALIGN WITH A BUSINESS INVOICE. SO, THE CATEGORY IS INVOICE.
</THINK>

INVOICE
2026-05-25 03:23:52,064 - INFO - HTTP Request: POST http://localhost:8001/v1/chat/completions "HTTP/1.1 200 OK"
2026-05-25 03:23:52,065 - ERROR - LLM failed on page 1: unsupported operand type(s) for -: 'str' and 'str'
2026-05-25 03:26:44,112 - INFO - HTTP Request: POST http://localhost:8000/v1/chat/completions "HTTP/1.1 200 OK"
2026-05-25 03:26:44,122 - INFO - HTTP Request: POST http://localhost:8000/v1/chat/completions "HTTP/1.1 200 OK"
2026-05-25 03:26:44,122 - INFO - HTTP Request: POST http://localhost:8000/v1/chat/completions "HTTP/1.1 200 OK"
2026-05-25 03:26:44,123 - INFO - HTTP Request: POST http://localhost:8000/v1/chat/completions "HTTP/1.1 200 OK"
2026-05-25 03:26:44,127 - INFO - HTTP Request: POST http://localhost:8000/v1/chat/completions "HTTP/1.1 200 OK"
2026-05-25 03:26:44,134 - INFO - HTTP Request: POST http://localhost:8000/v1/chat/completions "HTTP/1.1 200 OK"
2026-05-25 03:26:44,170 - INFO - HTTP Request: POST http://localhost:8000/v1/chat/completions "HTTP/1.1 200 OK"
2026-05-25 03:26:44,183 - INFO - HTTP Request: POST http://localhost:8000/v1/chat/completions "HTTP/1.1 200 OK"
2026-05-25 03:26:44,197 - INFO - HTTP Request: POST http://localhost:8000/v1/chat/completions "HTTP/1.1 200 OK"
2026-05-25 03:26:44,229 - INFO - HTTP Request: POST http://localhost:8000/v1/chat/completions "HTTP/1.1 200 OK"
2026-05-25 03:26:44,310 - INFO - HTTP Request: POST http://localhost:8000/v1/chat/completions "HTTP/1.1 200 OK"
2026-05-25 03:26:44,441 - INFO - HTTP Request: POST http://localhost:8000/v1/chat/completions "HTTP/1.1 200 OK"
2026-05-25 03:26:48,991 - INFO - HTTP Request: POST http://localhost:8001/v1/chat/completions "HTTP/1.1 200 OK"
2026-05-25 03:26:48,992 - INFO - Document classified as: <THINK>
OKAY, LET'S TACKLE THIS. THE USER WANTS ME TO DETERMINE IF THE GIVEN TEXT IS AN INVOICE, RESUME, OR RECEIPT. THE FIRST THING I NEED TO DO IS LOOK AT THE CONTENT OF THE TEXT PROVIDED.

THE TEXT STARTS WITH "COOKIES BY CHARLIE" FOLLOWED BY AN ADDRESS. THEN THERE'S AN "INVOICE" LINE WITH A NUMBER. THERE'S A TABLE WITH PRODUCT DESCRIPTIONS, QUANTITIES, PRICES, AND TOTALS. SUBTOTAL AND GRAND TOTAL ARE LISTED. THEN THERE'S INFORMATION ABOUT PAYING TO OLIVIA W. ADAMS WITH PHONE NUMBERS AND EMAIL, AND BANK DETAILS.

SO, THE KEY ELEMENTS HERE ARE THE INVOICE NUMBER, PRODUCT DETAILS IN A TABLE, SUBTOTAL, GRAND TOTAL, AND PAYMENT INFORMATION. A RESUME WOULD TYPICALLY HAVE PERSONAL INFORMATION, WORK EXPERIENCE, SKILLS, ETC. A RECEIPT USUALLY HAS A SUMMARY OF A TRANSACTION, MAYBE LESS DETAILED THAN AN INVOICE. BUT AN INVOICE IS A DOCUMENT THAT OUTLINES GOODS OR SERVICES PROVIDED, ALONG WITH PAYMENT TERMS. THE PRESENCE OF A TABLE WITH PRODUCT DESCRIPTIONS, QUANTITIES, PRICES, AND TOTALS, ALONG WITH THE INVOICE NUMBER AND PAYMENT DETAILS, POINTS TOWARDS AN INVOICE. THE RECEIPT MIGHT HAVE A MORE TRANSACTIONAL FEEL, BUT HERE THE STRUCTURE SEEMS MORE FORMAL, WHICH IS TYPICAL FOR AN INVOICE. THE ADDRESSES AND PAYMENT DETAILS ALSO ALIGN WITH AN INVOICE. SO, I THINK THE CORRECT CATEGORY HERE IS INVOICE.
</THINK>

INVOICE
2026-05-25 03:26:54,301 - INFO - HTTP Request: POST http://localhost:8001/v1/chat/completions "HTTP/1.1 200 OK"
2026-05-25 04:09:09,482 - INFO - HTTP Request: POST http://localhost:8000/v1/chat/completions "HTTP/1.1 200 OK"
2026-05-25 04:09:09,484 - INFO - HTTP Request: POST http://localhost:8000/v1/chat/completions "HTTP/1.1 200 OK"
2026-05-25 04:09:09,487 - INFO - HTTP Request: POST http://localhost:8000/v1/chat/completions "HTTP/1.1 200 OK"
2026-05-25 04:09:09,488 - INFO - HTTP Request: POST http://localhost:8000/v1/chat/completions "HTTP/1.1 200 OK"
2026-05-25 04:09:09,489 - INFO - HTTP Request: POST http://localhost:8000/v1/chat/completions "HTTP/1.1 200 OK"
2026-05-25 04:09:09,518 - INFO - HTTP Request: POST http://localhost:8000/v1/chat/completions "HTTP/1.1 200 OK"
2026-05-25 04:09:09,531 - INFO - HTTP Request: POST http://localhost:8000/v1/chat/completions "HTTP/1.1 200 OK"
2026-05-25 04:09:09,539 - INFO - HTTP Request: POST http://localhost:8000/v1/chat/completions "HTTP/1.1 200 OK"
2026-05-25 04:09:09,580 - INFO - HTTP Request: POST http://localhost:8000/v1/chat/completions "HTTP/1.1 200 OK"
2026-05-25 04:09:09,609 - INFO - HTTP Request: POST http://localhost:8000/v1/chat/completions "HTTP/1.1 200 OK"
2026-05-25 04:09:09,655 - INFO - HTTP Request: POST http://localhost:8000/v1/chat/completions "HTTP/1.1 200 OK"
2026-05-25 04:09:09,787 - INFO - HTTP Request: POST http://localhost:8000/v1/chat/completions "HTTP/1.1 200 OK"
2026-05-25 04:09:11,280 - INFO - HTTP Request: POST http://localhost:8000/v1/chat/completions "HTTP/1.1 200 OK"
2026-05-25 04:09:16,531 - INFO - HTTP Request: POST http://localhost:8001/v1/chat/completions "HTTP/1.1 200 OK"
2026-05-25 04:09:16,532 - INFO - Document classified as: <THINK>
OKAY, LET'S TACKLE THIS. THE USER WANTS ME TO DETERMINE IF THE GIVEN TEXT IS AN INVOICE, RESUME, OR RECEIPT. THE FIRST THING I NEED TO DO IS LOOK AT THE CONTENT OF THE TEXT PROVIDED.

THE TEXT STARTS WITH "INVOICE NO: 30083114" WHICH IMMEDIATELY SUGGESTS IT'S AN INVOICE. THEN THERE'S A DATE OF ISSUE, WHICH IS COMMON IN INVOICES. THE SELLER'S INFORMATION IS LISTED, FOLLOWED BY THE CLIENT DETAILS. THERE'S A TABLE WITH ITEMS, QUANTITIES, PRICES, AND TAXES. THAT STRUCTURE IS TYPICAL FOR AN INVOICE BECAUSE IT LISTS THE ITEMS PURCHASED, THEIR QUANTITIES, PRICES, AND THE TOTAL AMOUNTS INCLUDING TAX. 

A RESUME WOULD USUALLY HAVE INFORMATION ABOUT SOMEONE'S WORK EXPERIENCE, EDUCATION, SKILLS, ETC., WHICH ISN'T PRESENT HERE. A RECEIPT MIGHT HAVE SIMILAR INFORMATION TO AN INVOICE, BUT RECEIPTS ARE USUALLY FOR TRANSACTIONS AT A POINT OF SALE, MAYBE MORE CONCISE. HOWEVER, THE PRESENCE OF A DETAILED TABLE WITH ITEMS, QUANTITIES, AND TAXES POINTS MORE TOWARDS AN INVOICE. ALSO, THE MENTION OF "INVOICE NO" IS A STRONG INDICATOR. 

I SHOULD CHECK IF THERE'S ANY AMBIGUITY. THE TEXT DOES MENTION "CLIENT" AND "SELLER," WHICH ARE COMMON IN INVOICES. THE TABLE STRUCTURE WITH ITEMS, NET PRICE, VAT, GROSS WORTH—ALL THESE ARE TYPICAL IN AN INVOICE. THERE'S NO MENTION OF A TRANSACTION AT A STORE OR A RECEIPT FOR A SERVICE. SO, EVEN THOUGH RECEIPTS CAN HAVE SIMILAR ELEMENTS, THE STRUCTURE HERE IS MORE ALIGNED WITH AN INVOICE. 

THEREFORE, THE CORRECT CATEGORY IS INVOICE.
</THINK>

INVOICE
2026-05-25 04:09:27,321 - INFO - HTTP Request: POST http://localhost:8001/v1/chat/completions "HTTP/1.1 200 OK"
2026-05-25 04:11:59,817 - INFO - HTTP Request: POST http://localhost:8000/v1/chat/completions "HTTP/1.1 200 OK"
2026-05-25 04:11:59,832 - INFO - HTTP Request: POST http://localhost:8000/v1/chat/completions "HTTP/1.1 200 OK"
2026-05-25 04:11:59,833 - INFO - HTTP Request: POST http://localhost:8000/v1/chat/completions "HTTP/1.1 200 OK"
2026-05-25 04:11:59,839 - INFO - HTTP Request: POST http://localhost:8000/v1/chat/completions "HTTP/1.1 200 OK"
2026-05-25 04:11:59,839 - INFO - HTTP Request: POST http://localhost:8000/v1/chat/completions "HTTP/1.1 200 OK"
2026-05-25 04:11:59,846 - INFO - HTTP Request: POST http://localhost:8000/v1/chat/completions "HTTP/1.1 200 OK"
2026-05-25 04:11:59,852 - INFO - HTTP Request: POST http://localhost:8000/v1/chat/completions "HTTP/1.1 200 OK"
2026-05-25 04:11:59,901 - INFO - HTTP Request: POST http://localhost:8000/v1/chat/completions "HTTP/1.1 200 OK"
2026-05-25 04:11:59,942 - INFO - HTTP Request: POST http://localhost:8000/v1/chat/completions "HTTP/1.1 200 OK"
2026-05-25 04:11:59,987 - INFO - HTTP Request: POST http://localhost:8000/v1/chat/completions "HTTP/1.1 200 OK"
2026-05-25 04:12:00,058 - INFO - HTTP Request: POST http://localhost:8000/v1/chat/completions "HTTP/1.1 200 OK"
2026-05-25 04:12:00,076 - INFO - HTTP Request: POST http://localhost:8000/v1/chat/completions "HTTP/1.1 200 OK"
2026-05-25 04:12:00,336 - INFO - HTTP Request: POST http://localhost:8000/v1/chat/completions "HTTP/1.1 200 OK"
2026-05-25 04:12:07,456 - INFO - HTTP Request: POST http://localhost:8001/v1/chat/completions "HTTP/1.1 200 OK"
2026-05-25 04:12:07,458 - INFO - Document classified as: <THINK>
OKAY, LET'S TACKLE THIS. THE USER WANTS ME TO DETERMINE IF THE GIVEN OCR TEXT IS AN INVOICE, RESUME, OR RECEIPT. THE ANSWER SHOULD BE JUST THE CATEGORY NAME IN UPPERCASE. IF UNSURE, DEFAULT TO INVOICE.

FIRST, I'LL LOOK AT THE CONTENT. THE DOCUMENT STARTS WITH "PURCHASE ORDER" WHICH IS A BIT CONFUSING BECAUSE THE CATEGORIES ARE INVOICE, RESUME, RECEIPT. BUT WAIT, THE USER SAID TO CHECK IF IT'S ONE OF THOSE THREE. HOWEVER, THE FIRST LINE IS "PURCHASE ORDER", WHICH ISN'T ONE OF THE CATEGORIES. BUT MAYBE THE REST OF THE TEXT CAN HELP.

LOOKING FURTHER, THERE'S A TABLE WITH COLUMNS: DESCRIPTION, QUANTITY, UNIT PRICE, TOTAL. THAT'S COMMON IN INVOICES OR RECEIPTS. THEN THERE'S A SUBTOTAL, TAXES, TOTAL DUE. ALSO, THERE'S VENDOR INFORMATION, SHIP TO, CONTACT DETAILS. THE PRESENCE OF A TABLE WITH QUANTITIES, PRICES, AND TOTALS IS A STRONG INDICATOR OF AN INVOICE OR RECEIPT. 

BUT THE FIRST LINE IS "PURCHASE ORDER". HOWEVER, THE CATEGORIES GIVEN DON'T INCLUDE PURCHASE ORDER. THE USER'S INSTRUCTION SAYS TO CHOOSE BETWEEN INVOICE, RESUME, RECEIPT. SO EVEN THOUGH IT'S A PURCHASE ORDER, MAYBE IT'S CONSIDERED AN INVOICE? BECAUSE PURCHASE ORDERS ARE DIFFERENT FROM INVOICES. BUT THE STRUCTURE HERE SEEMS MORE LIKE AN INVOICE. 

WAIT, A PURCHASE ORDER IS TYPICALLY FROM THE BUYER TO THE SELLER, WHEREAS AN INVOICE IS FROM THE SELLER TO THE BUYER. BUT THE TEXT HERE HAS VENDOR INFORMATION, SHIP TO, AND THE TABLE WITH ITEMS. THE PRESENCE OF "TOTAL DUE" AND THE TAX CALCULATION SUGGESTS IT'S AN INVOICE. ALSO, THE CONTACT INFO FOR JEREMY COOPER, WHICH IS A PERSON'S NAME, MIGHT BE PART OF THE INVOICE DETAILS. 

A RESUME WOULD HAVE PERSONAL INFORMATION, WORK HISTORY, SKILLS, ETC. THIS DOESN'T SEEM TO FIT. A RECEIPT WOULD BE MORE LIKE A TRANSACTION SUMMARY, MAYBE FROM A STORE, BUT THIS HAS MORE DETAILED ITEMS AND A TOTAL DUE, WHICH IS MORE LIKE AN INVOICE. 

SO EVEN THOUGH THE FIRST LINE IS "PURCHASE ORDER", THE STRUCTURE AND CONTENT ALIGN MORE WITH AN INVOICE. THEREFORE, THE ANSWER SHOULD BE INVOICE.
</THINK>

INVOICE
2026-05-25 04:12:13,442 - INFO - HTTP Request: POST http://localhost:8001/v1/chat/completions "HTTP/1.1 200 OK"
2026-05-25 04:15:43,065 - INFO - HTTP Request: POST http://localhost:8000/v1/chat/completions "HTTP/1.1 200 OK"
2026-05-25 04:15:43,068 - INFO - HTTP Request: POST http://localhost:8000/v1/chat/completions "HTTP/1.1 200 OK"
2026-05-25 04:15:43,068 - INFO - HTTP Request: POST http://localhost:8000/v1/chat/completions "HTTP/1.1 200 OK"
2026-05-25 04:15:43,069 - INFO - HTTP Request: POST http://localhost:8000/v1/chat/completions "HTTP/1.1 200 OK"
2026-05-25 04:15:44,050 - INFO - HTTP Request: POST http://localhost:8000/v1/chat/completions "HTTP/1.1 200 OK"
2026-05-25 04:15:44,060 - INFO - HTTP Request: POST http://localhost:8000/v1/chat/completions "HTTP/1.1 200 OK"
2026-05-25 04:15:44,061 - INFO - HTTP Request: POST http://localhost:8000/v1/chat/completions "HTTP/1.1 200 OK"
2026-05-25 04:15:44,062 - INFO - HTTP Request: POST http://localhost:8000/v1/chat/completions "HTTP/1.1 200 OK"
2026-05-25 04:15:44,063 - INFO - HTTP Request: POST http://localhost:8000/v1/chat/completions "HTTP/1.1 200 OK"
2026-05-25 04:15:44,063 - INFO - HTTP Request: POST http://localhost:8000/v1/chat/completions "HTTP/1.1 200 OK"
2026-05-25 04:15:44,065 - INFO - HTTP Request: POST http://localhost:8000/v1/chat/completions "HTTP/1.1 200 OK"
2026-05-25 04:15:44,069 - INFO - HTTP Request: POST http://localhost:8000/v1/chat/completions "HTTP/1.1 200 OK"
2026-05-25 04:15:44,070 - INFO - HTTP Request: POST http://localhost:8000/v1/chat/completions "HTTP/1.1 200 OK"
2026-05-25 04:15:44,074 - INFO - HTTP Request: POST http://localhost:8000/v1/chat/completions "HTTP/1.1 200 OK"
2026-05-25 04:15:44,075 - INFO - HTTP Request: POST http://localhost:8000/v1/chat/completions "HTTP/1.1 200 OK"
2026-05-25 04:15:44,075 - INFO - HTTP Request: POST http://localhost:8000/v1/chat/completions "HTTP/1.1 200 OK"
2026-05-25 04:15:44,084 - INFO - HTTP Request: POST http://localhost:8000/v1/chat/completions "HTTP/1.1 200 OK"
2026-05-25 04:15:44,092 - INFO - HTTP Request: POST http://localhost:8000/v1/chat/completions "HTTP/1.1 200 OK"
2026-05-25 04:15:44,094 - INFO - HTTP Request: POST http://localhost:8000/v1/chat/completions "HTTP/1.1 200 OK"
2026-05-25 04:15:44,094 - INFO - HTTP Request: POST http://localhost:8000/v1/chat/completions "HTTP/1.1 200 OK"
2026-05-25 04:15:44,173 - INFO - HTTP Request: POST http://localhost:8000/v1/chat/completions "HTTP/1.1 200 OK"
2026-05-25 04:15:44,259 - INFO - HTTP Request: POST http://localhost:8000/v1/chat/completions "HTTP/1.1 200 OK"
2026-05-25 04:15:44,263 - INFO - HTTP Request: POST http://localhost:8000/v1/chat/completions "HTTP/1.1 200 OK"
2026-05-25 04:15:44,263 - INFO - HTTP Request: POST http://localhost:8000/v1/chat/completions "HTTP/1.1 200 OK"
2026-05-25 04:15:44,267 - INFO - HTTP Request: POST http://localhost:8000/v1/chat/completions "HTTP/1.1 200 OK"
2026-05-25 04:15:44,268 - INFO - HTTP Request: POST http://localhost:8000/v1/chat/completions "HTTP/1.1 200 OK"
2026-05-25 04:15:44,268 - INFO - HTTP Request: POST http://localhost:8000/v1/chat/completions "HTTP/1.1 200 OK"
2026-05-25 04:15:44,273 - INFO - HTTP Request: POST http://localhost:8000/v1/chat/completions "HTTP/1.1 200 OK"
2026-05-25 04:15:44,309 - INFO - HTTP Request: POST http://localhost:8000/v1/chat/completions "HTTP/1.1 200 OK"
2026-05-25 04:15:44,360 - INFO - HTTP Request: POST http://localhost:8000/v1/chat/completions "HTTP/1.1 200 OK"
2026-05-25 04:15:44,362 - INFO - HTTP Request: POST http://localhost:8000/v1/chat/completions "HTTP/1.1 200 OK"
2026-05-25 04:15:44,362 - INFO - HTTP Request: POST http://localhost:8000/v1/chat/completions "HTTP/1.1 200 OK"
2026-05-25 04:15:44,398 - INFO - HTTP Request: POST http://localhost:8000/v1/chat/completions "HTTP/1.1 200 OK"
2026-05-25 04:15:44,404 - INFO - HTTP Request: POST http://localhost:8000/v1/chat/completions "HTTP/1.1 200 OK"
2026-05-25 04:15:44,406 - INFO - HTTP Request: POST http://localhost:8000/v1/chat/completions "HTTP/1.1 200 OK"
2026-05-25 04:15:44,440 - INFO - HTTP Request: POST http://localhost:8000/v1/chat/completions "HTTP/1.1 200 OK"
2026-05-25 04:15:45,193 - INFO - HTTP Request: POST http://localhost:8000/v1/chat/completions "HTTP/1.1 200 OK"
2026-05-25 04:15:45,370 - INFO - HTTP Request: POST http://localhost:8000/v1/chat/completions "HTTP/1.1 200 OK"
2026-05-25 04:15:45,378 - INFO - HTTP Request: POST http://localhost:8000/v1/chat/completions "HTTP/1.1 200 OK"
2026-05-25 04:15:45,381 - INFO - HTTP Request: POST http://localhost:8000/v1/chat/completions "HTTP/1.1 200 OK"
2026-05-25 04:15:49,396 - INFO - HTTP Request: POST http://localhost:8000/v1/chat/completions "HTTP/1.1 200 OK"
2026-05-25 04:15:49,801 - INFO - HTTP Request: POST http://localhost:8000/v1/chat/completions "HTTP/1.1 200 OK"
2026-05-25 04:15:50,144 - INFO - HTTP Request: POST http://localhost:8000/v1/chat/completions "HTTP/1.1 200 OK"
2026-05-25 04:15:50,438 - INFO - HTTP Request: POST http://localhost:8000/v1/chat/completions "HTTP/1.1 200 OK"
2026-05-25 04:15:56,882 - INFO - HTTP Request: POST http://localhost:8001/v1/chat/completions "HTTP/1.1 200 OK"
2026-05-25 04:15:56,882 - INFO - Document classified as: <THINK>
OKAY, LET'S TACKLE THIS. THE USER WANTS ME TO DETERMINE IF THE GIVEN TEXT IS AN INVOICE, RESUME, OR RECEIPT. THE ANSWER SHOULD BE JUST THE CATEGORY NAME IN UPPERCASE. IF UNSURE, DEFAULT TO INVOICE.

FIRST, I'LL LOOK AT THE CONTENT. THE TEXT STARTS WITH COMPANY DETAILS: ORIENTAL MERCHANT PTY LTD, ABN, ADDRESSES IN VARIOUS STATES (VIC, NSW, QLD, WA), PHONE NUMBERS. THEN THERE'S A "PROFORMA INVOICE" MENTIONED. THE NEXT PART HAS ORDER DETAILS, CUSTOMER INFO, SALES REP, DATES, AND A TABLE WITH PRODUCT CODES, DESCRIPTIONS, QUANTITIES, PRICES, AND AMOUNTS. 

A PROFORMA INVOICE IS A TYPE OF INVOICE USED TO PROVIDE A CUSTOMER WITH AN ESTIMATE OF THE COST OF GOODS OR SERVICES BEFORE THE ACTUAL SALE. IT'S SIMILAR TO AN INVOICE BUT IS USUALLY SENT BEFORE THE ACTUAL TRANSACTION. THE PRESENCE OF "PROFORMA INVOICE" IN THE TITLE IS A STRONG INDICATOR. 

LOOKING AT THE STRUCTURE: COMPANY INFO, CUSTOMER DETAILS, ORDER DATE, PRODUCT TABLE WITH QUANTITIES, PRICES, AND AMOUNTS. THIS IS TYPICAL OF AN INVOICE, NOT A RESUME (WHICH WOULD HAVE PERSONAL INFO AND WORK HISTORY) OR A RECEIPT (WHICH IS MORE FOR TRANSACTIONS WITH LESS DETAILED PRODUCT INFO). 

THE TABLE INCLUDES COLUMNS LIKE CODE, DESCRIPTION, DESCRIPTION2, OUTER/INNER, #UNITS, LIST PRICE, UPRICE, AMOUNT, GST. THIS LEVEL OF DETAIL IS MORE COMMON IN AN INVOICE THAN A RECEIPT. ALSO, THE MENTION OF "PROFORMA INVOICE" SPECIFICALLY POINTS TOWARDS AN INVOICE CATEGORY. 

I DON'T SEE ANY INFORMATION THAT WOULD SUGGEST A RESUME, LIKE EDUCATION, WORK EXPERIENCE, OR PERSONAL DETAILS. THE ADDRESSES AND CONTACT INFO ARE BUSINESS-RELATED, NOT PERSONAL. THE DATES AND ORDER DETAILS ALIGN WITH A SALES TRANSACTION. 

SO, EVEN THOUGH IT'S A PROFORMA INVOICE, THE CATEGORY IS STILL INVOICE. THE USER SAID TO RETURN INVOICE IF UNSURE, AND GIVEN THE STRUCTURE AND TERMS, IT'S DEFINITELY AN INVOICE.
</THINK>

INVOICE
2026-05-25 04:16:31,707 - INFO - HTTP Request: POST http://localhost:8001/v1/chat/completions "HTTP/1.1 200 OK"
2026-05-25 04:16:33,021 - INFO - HTTP Request: POST http://localhost:8001/v1/chat/completions "HTTP/1.1 200 OK"
2026-05-25 04:16:33,848 - INFO - HTTP Request: POST http://localhost:8001/v1/chat/completions "HTTP/1.1 200 OK"
2026-05-25 04:16:36,311 - INFO - HTTP Request: POST http://localhost:8001/v1/chat/completions "HTTP/1.1 200 OK"
2026-05-25 04:18:58,918 - INFO - HTTP Request: POST http://localhost:8000/v1/chat/completions "HTTP/1.1 200 OK"
2026-05-25 04:18:58,939 - INFO - HTTP Request: POST http://localhost:8000/v1/chat/completions "HTTP/1.1 200 OK"
2026-05-25 04:18:58,940 - INFO - HTTP Request: POST http://localhost:8000/v1/chat/completions "HTTP/1.1 200 OK"
2026-05-25 04:18:58,965 - INFO - HTTP Request: POST http://localhost:8000/v1/chat/completions "HTTP/1.1 200 OK"
2026-05-25 04:18:58,969 - INFO - HTTP Request: POST http://localhost:8000/v1/chat/completions "HTTP/1.1 200 OK"
2026-05-25 04:18:58,978 - INFO - HTTP Request: POST http://localhost:8000/v1/chat/completions "HTTP/1.1 200 OK"
2026-05-25 04:18:58,987 - INFO - HTTP Request: POST http://localhost:8000/v1/chat/completions "HTTP/1.1 200 OK"
2026-05-25 04:18:59,057 - INFO - HTTP Request: POST http://localhost:8000/v1/chat/completions "HTTP/1.1 200 OK"
2026-05-25 04:18:59,127 - INFO - HTTP Request: POST http://localhost:8000/v1/chat/completions "HTTP/1.1 200 OK"
2026-05-25 04:18:59,168 - INFO - HTTP Request: POST http://localhost:8000/v1/chat/completions "HTTP/1.1 200 OK"
2026-05-25 04:18:59,321 - INFO - HTTP Request: POST http://localhost:8000/v1/chat/completions "HTTP/1.1 200 OK"
2026-05-25 04:19:02,257 - INFO - HTTP Request: POST http://localhost:8000/v1/chat/completions "HTTP/1.1 200 OK"
2026-05-25 04:19:09,068 - INFO - HTTP Request: POST http://localhost:8001/v1/chat/completions "HTTP/1.1 200 OK"
2026-05-25 04:19:09,069 - INFO - Document classified as: <THINK>
OKAY, LET'S TACKLE THIS. THE USER WANTS ME TO DETERMINE IF THE GIVEN TEXT IS AN INVOICE, RESUME, OR RECEIPT. THE FIRST THING I NEED TO DO IS ANALYZE THE CONTENT OF THE TEXT PROVIDED.

LOOKING AT THE TEXT, THE FIRST LINE IS THE COMPANY NAME, ALPS MANAGEMENT SERVICES SDN BHD, FOLLOWED BY THEIR ADDRESS AND CONTACT INFORMATION. THEN THERE'S A SECTION TITLED "DEBTOR STATEMENT" WHICH INCLUDES THE ACCOUNT NUMBER, DEBTOR'S NAME, ADDRESS, STATEMENT DATE, TERMS (NET 30 DAYS), AND PAGE NUMBER. 

NEXT, THERE'S A TABLE WITH COLUMNS: DATE, REF., DESCRIPTION, DR, CR, BALANCE. THE ENTRIES IN THE TABLE INCLUDE DATES, REFERENCES, DESCRIPTIONS LIKE "I-000049", AMOUNTS (DR AND CR), AND BALANCES. THE LAST ENTRY SEEMS TO BE CUT OFF, BUT THE STRUCTURE IS CLEAR.

NOW, CONSIDERING THE CATEGORIES: INVOICE, RESUME, RECEIPT. 

AN INVOICE TYPICALLY INCLUDES DETAILS LIKE THE VENDOR'S INFORMATION, CUSTOMER DETAILS, ITEMS RENDERED, AMOUNTS, AND TERMS. A RESUME IS A DOCUMENT DETAILING SOMEONE'S WORK HISTORY, WHICH DOESN'T SEEM TO BE THE CASE HERE. A RECEIPT IS A RECORD OF A TRANSACTION, USUALLY WITH A SUMMARY OF CHARGES AND PAYMENT DETAILS. 

THE TEXT HERE HAS A DEBTOR STATEMENT, WHICH IS MORE LIKE AN INVOICE OR A STATEMENT FROM A COMPANY TO A DEBTOR. THE TABLE SHOWS TRANSACTIONS WITH DATES, REFERENCES, DESCRIPTIONS, AND BALANCES. THE TERMS "NET 30 DAYS" ARE COMMON IN INVOICES. THE PRESENCE OF A DEBTOR AND THE STRUCTURE OF THE TABLE WITH DR AND CR (DEBIT AND CREDIT) SUGGESTS IT'S A FINANCIAL STATEMENT, POSSIBLY AN INVOICE OR A STATEMENT FROM A SERVICE PROVIDER. 

SINCE THE TEXT INCLUDES A DEBTOR'S INFORMATION, THE COMPANY'S DETAILS, AND A LIST OF TRANSACTIONS WITH AMOUNTS AND BALANCES, IT'S MORE LIKELY AN INVOICE. A RECEIPT WOULD TYPICALLY BE MORE ABOUT A SINGLE TRANSACTION, WHEREAS THIS SEEMS TO BE A STATEMENT OF MULTIPLE TRANSACTIONS. A RESUME DOESN'T FIT HERE. 

THEREFORE, THE MOST APPROPRIATE CATEGORY IS INVOICE.
</THINK>

INVOICE
2026-05-25 04:19:14,706 - INFO - HTTP Request: POST http://localhost:8001/v1/chat/completions "HTTP/1.1 200 OK"
2026-05-25 04:20:33,275 - INFO - HTTP Request: POST http://localhost:8000/v1/chat/completions "HTTP/1.1 200 OK"
2026-05-25 04:20:33,293 - INFO - HTTP Request: POST http://localhost:8000/v1/chat/completions "HTTP/1.1 200 OK"
2026-05-25 04:20:33,294 - INFO - HTTP Request: POST http://localhost:8000/v1/chat/completions "HTTP/1.1 200 OK"
2026-05-25 04:20:33,318 - INFO - HTTP Request: POST http://localhost:8000/v1/chat/completions "HTTP/1.1 200 OK"
2026-05-25 04:20:33,323 - INFO - HTTP Request: POST http://localhost:8000/v1/chat/completions "HTTP/1.1 200 OK"
2026-05-25 04:20:33,331 - INFO - HTTP Request: POST http://localhost:8000/v1/chat/completions "HTTP/1.1 200 OK"
2026-05-25 04:20:33,339 - INFO - HTTP Request: POST http://localhost:8000/v1/chat/completions "HTTP/1.1 200 OK"
2026-05-25 04:20:33,408 - INFO - HTTP Request: POST http://localhost:8000/v1/chat/completions "HTTP/1.1 200 OK"
2026-05-25 04:20:33,483 - INFO - HTTP Request: POST http://localhost:8000/v1/chat/completions "HTTP/1.1 200 OK"
2026-05-25 04:20:33,521 - INFO - HTTP Request: POST http://localhost:8000/v1/chat/completions "HTTP/1.1 200 OK"
2026-05-25 04:20:33,677 - INFO - HTTP Request: POST http://localhost:8000/v1/chat/completions "HTTP/1.1 200 OK"
2026-05-25 04:20:36,735 - INFO - HTTP Request: POST http://localhost:8000/v1/chat/completions "HTTP/1.1 200 OK"
2026-05-25 04:20:41,985 - INFO - HTTP Request: POST http://localhost:8001/v1/chat/completions "HTTP/1.1 200 OK"
2026-05-25 04:20:41,986 - INFO - Document classified as: <THINK>
OKAY, LET'S TACKLE THIS. THE USER WANTS ME TO DETERMINE IF THE GIVEN TEXT IS AN INVOICE, RESUME, OR RECEIPT. THE ANSWER SHOULD BE JUST THE CATEGORY NAME IN UPPERCASE. IF UNSURE, DEFAULT TO INVOICE.

FIRST, I NEED TO LOOK AT THE CONTENT OF THE TEXT. THE FIRST LINE HAS THE COMPANY NAME AND ADDRESS, WHICH IS COMMON IN INVOICES. THEN THERE'S A DEBTOR STATEMENT, ACCOUNT NUMBER, DEBTOR DETAILS, STATEMENT DATE, TERMS (NET 30 DAYS), AND A TABLE WITH DATES, REFERENCES, DESCRIPTIONS, DR/CR, AND BALANCE. 

AN INVOICE TYPICALLY INCLUDES CUSTOMER INFORMATION, ACCOUNT DETAILS, ITEMS RENDERED, AMOUNTS, AND TERMS. THE PRESENCE OF A TABLE WITH DATES, DESCRIPTIONS, AND BALANCES SUGGESTS IT'S A STATEMENT OF TRANSACTIONS, WHICH COULD BE AN INVOICE OR A RECEIPT. HOWEVER, A RECEIPT USUALLY SHOWS A SUMMARY OF A TRANSACTION, LIKE A PAYMENT OR SERVICE, WHEREAS AN INVOICE IS MORE ABOUT BILLING. 

THE MENTION OF "DEBT STATEMENT" MIGHT LEAN TOWARDS AN INVOICE SINCE IT'S A STATEMENT OF AMOUNTS OWED. THE TERMS "NET 30 DAYS" ARE COMMON IN INVOICES FOR PAYMENT TERMS. THE TABLE SHOWS TRANSACTIONS WITH DATES AND DESCRIPTIONS, WHICH IS TYPICAL FOR AN INVOICE'S DETAIL SECTION. 

A RESUME WOULD HAVE PERSONAL INFORMATION AND WORK HISTORY, WHICH ISN'T PRESENT HERE. A RECEIPT MIGHT HAVE A MORE TRANSACTIONAL SUMMARY, BUT THE DETAILED TABLE WITH MULTIPLE ENTRIES AND TERMS LIKE NET 30 DAYS POINTS MORE TOWARDS AN INVOICE. 

SO, EVEN THOUGH THERE'S A TABLE, THE CONTEXT OF DEBTOR STATEMENT AND PAYMENT TERMS MAKES IT AN INVOICE. I'LL GO WITH INVOICE.
</THINK>

INVOICE
2026-05-25 04:20:47,201 - INFO - HTTP Request: POST http://localhost:8001/v1/chat/completions "HTTP/1.1 200 OK"
2026-05-25 04:22:27,486 - INFO - HTTP Request: POST http://localhost:8000/v1/chat/completions "HTTP/1.1 200 OK"
2026-05-25 04:22:27,491 - INFO - HTTP Request: POST http://localhost:8000/v1/chat/completions "HTTP/1.1 200 OK"
2026-05-25 04:22:27,497 - INFO - HTTP Request: POST http://localhost:8000/v1/chat/completions "HTTP/1.1 200 OK"
2026-05-25 04:22:27,498 - INFO - HTTP Request: POST http://localhost:8000/v1/chat/completions "HTTP/1.1 200 OK"
2026-05-25 04:22:27,508 - INFO - HTTP Request: POST http://localhost:8000/v1/chat/completions "HTTP/1.1 200 OK"
2026-05-25 04:22:27,517 - INFO - HTTP Request: POST http://localhost:8000/v1/chat/completions "HTTP/1.1 200 OK"
2026-05-25 04:22:27,544 - INFO - HTTP Request: POST http://localhost:8000/v1/chat/completions "HTTP/1.1 200 OK"
2026-05-25 04:22:27,545 - INFO - HTTP Request: POST http://localhost:8000/v1/chat/completions "HTTP/1.1 200 OK"
2026-05-25 04:22:27,659 - INFO - HTTP Request: POST http://localhost:8000/v1/chat/completions "HTTP/1.1 200 OK"
2026-05-25 04:22:27,741 - INFO - HTTP Request: POST http://localhost:8000/v1/chat/completions "HTTP/1.1 200 OK"
2026-05-25 04:22:27,978 - INFO - HTTP Request: POST http://localhost:8000/v1/chat/completions "HTTP/1.1 200 OK"
2026-05-25 04:22:29,517 - INFO - HTTP Request: POST http://localhost:8000/v1/chat/completions "HTTP/1.1 200 OK"
2026-05-25 04:22:41,327 - INFO - HTTP Request: POST http://localhost:8001/v1/chat/completions "HTTP/1.1 200 OK"
2026-05-25 04:22:41,328 - INFO - Document classified as: <THINK>
OKAY, LET'S TACKLE THIS. THE USER WANTS ME TO DETERMINE IF THE GIVEN OCR TEXT IS AN INVOICE, RESUME, OR RECEIPT. THE ANSWER SHOULD BE JUST THE CATEGORY NAME IN UPPERCASE. IF UNSURE, DEFAULT TO INVOICE.

FIRST, I'LL LOOK AT THE CONTENT. THE FIRST LINE IS "PURCHASE ORDER", WHICH IS A KEY TERM. THEN THERE'S COMPANY INFO: DYNAMIC INVENTORY WITH ADDRESS, PHONE, EMAIL, FAX. NEXT, THERE'S AN ORDER NUMBER AND DATE. THEN A TABLE WITH CONTACT INFO, REQUEST SHIP DATE, PAYMENT TERMS, CARRIER, ETC. ANOTHER TABLE WITH ITEMS, QUANTITIES, UNIT PRICES, ETC.

WAIT, THE USER MENTIONED THAT THE TEXT IS FROM A DOCUMENT. THE FIRST LINE IS "PURCHASE ORDER", WHICH IS DIFFERENT FROM AN INVOICE. BUT SOMETIMES, PURCHASE ORDERS CAN BE CONFUSED WITH INVOICES. HOWEVER, THE PRESENCE OF "PURCHASE ORDER" MIGHT INDICATE IT'S NOT AN INVOICE. BUT THE TABLES HAVE COLUMNS LIKE "ITEM", "TYPE", "QTY", "UNIT PRICE", WHICH ARE COMMON IN INVOICES. HOWEVER, THE INITIAL LINE IS "PURCHASE ORDER", WHICH IS A DIFFERENT DOCUMENT TYPE. 

BUT THE USER'S INSTRUCTION SAYS IF UNSURE, RETURN INVOICE. HOWEVER, THE FIRST LINE IS "PURCHASE ORDER", WHICH IS A DIFFERENT CATEGORY. BUT MAYBE THE TABLES ARE SIMILAR TO AN INVOICE. WAIT, BUT THE MAIN DIFFERENCE IS THAT A PURCHASE ORDER IS A REQUEST TO BUY GOODS, WHILE AN INVOICE IS A BILL FOR SERVICES OR GOODS. HOWEVER, SOMETIMES THE STRUCTURE MIGHT OVERLAP. 

LOOKING AT THE TABLES: THE FIRST TABLE HAS CONTACT INFO, REQUEST SHIP DATE, PAYMENT TERMS, CARRIER. THE SECOND TABLE HAS ITEMS, QUANTITIES, UNIT PRICES. THIS SEEMS MORE LIKE A PURCHASE ORDER. BUT THE USER'S INSTRUCTION SAYS IF UNSURE, RETURN INVOICE. HOWEVER, THE FIRST LINE IS "PURCHASE ORDER", WHICH IS A DIFFERENT CATEGORY. BUT MAYBE THE SYSTEM IS DESIGNED TO CHECK FOR THE PRESENCE OF CERTAIN KEYWORDS. 

WAIT, THE USER'S INSTRUCTION SAYS TO RETURN THE CATEGORY NAME. THE FIRST LINE IS "PURCHASE ORDER", WHICH IS A DIFFERENT CATEGORY THAN INVOICE. BUT THE USER'S INSTRUCTION SAYS IF UNSURE, RETURN INVOICE. HOWEVER, THE PRESENCE OF "PURCHASE ORDER" MIGHT INDICATE THAT IT'S NOT AN INVOICE. BUT MAYBE THE SYSTEM IS DESIGNED TO CHECK FOR THE PRESENCE OF "INVOICE" IN THE TEXT. HOWEVER, THE FIRST LINE IS "PURCHASE ORDER", SO MAYBE THE CORRECT CATEGORY IS PURCHASE ORDER. BUT THE USER'S OPTIONS ARE INVOICE, RESUME, OR RECEIPT. WAIT, THE USER'S OPTIONS ARE INVOICE, RESUME, OR RECEIPT. SO THE POSSIBLE CATEGORIES ARE THOSE THREE. THE TEXT STARTS WITH "PURCHASE ORDER", WHICH IS NOT ONE OF THE OPTIONS. SO MAYBE THE USER MADE A MISTAKE IN THE OPTIONS, BUT THE INSTRUCTION SAYS TO RETURN THE CATEGORY NAME. 

WAIT, THE USER'S INSTRUCTION SAYS TO DETERMINE IF IT'S INVOICE, RESUME, OR RECEIPT. THE TEXT STARTS WITH "PURCHASE ORDER", WHICH IS NOT ONE OF THE OPTIONS. SO MAYBE THE CORRECT ANSWER IS INVOICE, BUT THE FIRST LINE IS "PURCHASE ORDER". HOWEVER, THE USER'S INSTRUCTION SAYS IF UNSURE, RETURN INVOICE. SO MAYBE THE ANSWER IS INVOICE. BUT I NEED TO CHECK IF THE CONTENT IS MORE LIKE AN INVOICE. THE TABLES HAVE ITEMS, QUANTITIES, UNIT PRICES, WHICH ARE COMMON IN INVOICES. HOWEVER, THE PRESENCE OF "PURCHASE ORDER" MIGHT INDICATE THAT IT'S A PURCHASE ORDER, BUT THE OPTIONS DON'T INCLUDE THAT. SO THE USER MIGHT HAVE INTENDED THAT THE ANSWER IS INVOICE. ALTERNATIVELY, MAYBE THE TEXT IS A RECEIPT. BUT RECEIPTS USUALLY HAVE A TOTAL AMOUNT, WHICH ISN'T PRESENT HERE. THE TEXT HAS ORDER NUMBERS, DATES, AND ITEM DETAILS, WHICH ARE MORE LIKE AN INVOICE. SO THE ANSWER IS INVOICE.
</THINK>

INVOICE
2026-05-25 04:22:52,165 - INFO - HTTP Request: POST http://localhost:8001/v1/chat/completions "HTTP/1.1 200 OK"
2026-05-25 04:24:57,956 - INFO - HTTP Request: POST http://localhost:8000/v1/chat/completions "HTTP/1.1 200 OK"
2026-05-25 04:24:57,962 - INFO - HTTP Request: POST http://localhost:8000/v1/chat/completions "HTTP/1.1 200 OK"
2026-05-25 04:24:57,963 - INFO - HTTP Request: POST http://localhost:8000/v1/chat/completions "HTTP/1.1 200 OK"
2026-05-25 04:24:57,964 - INFO - HTTP Request: POST http://localhost:8000/v1/chat/completions "HTTP/1.1 200 OK"
2026-05-25 04:24:57,976 - INFO - HTTP Request: POST http://localhost:8000/v1/chat/completions "HTTP/1.1 200 OK"
2026-05-25 04:24:57,985 - INFO - HTTP Request: POST http://localhost:8000/v1/chat/completions "HTTP/1.1 200 OK"
2026-05-25 04:24:58,011 - INFO - HTTP Request: POST http://localhost:8000/v1/chat/completions "HTTP/1.1 200 OK"
2026-05-25 04:24:58,012 - INFO - HTTP Request: POST http://localhost:8000/v1/chat/completions "HTTP/1.1 200 OK"
2026-05-25 04:24:58,147 - INFO - HTTP Request: POST http://localhost:8000/v1/chat/completions "HTTP/1.1 200 OK"
2026-05-25 04:24:58,232 - INFO - HTTP Request: POST http://localhost:8000/v1/chat/completions "HTTP/1.1 200 OK"
2026-05-25 04:24:58,468 - INFO - HTTP Request: POST http://localhost:8000/v1/chat/completions "HTTP/1.1 200 OK"
2026-05-25 04:25:00,007 - INFO - HTTP Request: POST http://localhost:8000/v1/chat/completions "HTTP/1.1 200 OK"
2026-05-25 04:25:07,220 - INFO - HTTP Request: POST http://localhost:8001/v1/chat/completions "HTTP/1.1 200 OK"
2026-05-25 04:25:07,221 - INFO - Document classified as: <THINK>
OKAY, LET'S TACKLE THIS. THE USER WANTS ME TO DETERMINE IF THE GIVEN OCR TEXT IS AN INVOICE, RESUME, OR RECEIPT. THE ANSWER SHOULD BE JUST THE CATEGORY NAME IN UPPERCASE. IF UNSURE, DEFAULT TO INVOICE.

FIRST, I'LL LOOK AT THE CONTENT. THE FIRST LINE IS "PURCHASE ORDER", WHICH IS A KEY TERM. THEN THERE'S COMPANY INFO: DYNAMIC INVENTORY WITH ADDRESS, PHONE, EMAIL, FAX. NEXT, THERE'S AN ORDER NUMBER AND DATE. THEN A TABLE WITH CONTACT INFO, REQUEST SHIP DATE, PAYMENT TERMS, CARRIER, ETC. ANOTHER TABLE WITH ITEMS, QUANTITIES, UNIT PRICES, ETC.

WAIT, THE USER MENTIONED THAT THE TEXT IS FROM A DOCUMENT. THE FIRST LINE IS "PURCHASE ORDER", WHICH IS DIFFERENT FROM AN INVOICE. BUT SOMETIMES, PURCHASE ORDERS CAN BE CONFUSED WITH INVOICES. HOWEVER, THE PRESENCE OF "PURCHASE ORDER" SPECIFICALLY MIGHT INDICATE IT'S NOT AN INVOICE. BUT THE TABLES HAVE COLUMNS LIKE "ITEM", "TYPE", "QTY", "UNIT PRICE", WHICH ARE COMMON IN INVOICES. HOWEVER, THE INITIAL LINE IS "PURCHASE ORDER", WHICH IS A DIFFERENT DOCUMENT TYPE. 

BUT THE USER'S INSTRUCTION SAYS IF UNSURE, RETURN INVOICE. HOWEVER, THE FIRST LINE IS "PURCHASE ORDER", WHICH IS A DIFFERENT CATEGORY. BUT MAYBE THE TABLES HAVE ELEMENTS OF AN INVOICE. WAIT, BUT THE MAIN CATEGORY IS DETERMINED BY THE FIRST LINE. THE FIRST LINE IS "PURCHASE ORDER", SO MAYBE IT'S A PURCHASE ORDER. BUT THE OPTIONS ARE INVOICE, RESUME, OR RECEIPT. THE USER DIDN'T INCLUDE PURCHASE ORDER AS AN OPTION. SO MAYBE THE CLOSEST IS INVOICE. BUT THE FIRST LINE IS "PURCHASE ORDER", WHICH IS A DIFFERENT DOCUMENT. HOWEVER, THE USER'S OPTIONS DON'T INCLUDE THAT. SO MAYBE THE ANSWER IS INVOICE. BUT I NEED TO CHECK IF THE CONTENT IS MORE LIKE AN INVOICE. THE TABLES HAVE ITEMS, QUANTITIES, PRICES, WHICH ARE COMMON IN INVOICES. BUT THE INITIAL LINE IS "PURCHASE ORDER", WHICH IS A DIFFERENT DOCUMENT. HOWEVER, THE USER'S OPTIONS DON'T HAVE THAT. SO MAYBE THE ANSWER IS INVOICE. ALTERNATIVELY, MAYBE THE USER MADE A MISTAKE IN THE OPTIONS. BUT ACCORDING TO THE INSTRUCTIONS, IF UNSURE, RETURN INVOICE. SO THE ANSWER IS INVOICE.
</THINK>

INVOICE
2026-05-25 04:25:10,236 - INFO - HTTP Request: POST http://localhost:8000/v1/chat/completions "HTTP/1.1 200 OK"
2026-05-25 04:25:10,237 - INFO - HTTP Request: POST http://localhost:8000/v1/chat/completions "HTTP/1.1 200 OK"
2026-05-25 04:25:10,295 - INFO - HTTP Request: POST http://localhost:8000/v1/chat/completions "HTTP/1.1 200 OK"
2026-05-25 04:25:10,335 - INFO - HTTP Request: POST http://localhost:8000/v1/chat/completions "HTTP/1.1 200 OK"
2026-05-25 04:25:10,396 - INFO - HTTP Request: POST http://localhost:8000/v1/chat/completions "HTTP/1.1 200 OK"
2026-05-25 04:25:10,489 - INFO - HTTP Request: POST http://localhost:8000/v1/chat/completions "HTTP/1.1 200 OK"
2026-05-25 04:25:10,541 - INFO - HTTP Request: POST http://localhost:8000/v1/chat/completions "HTTP/1.1 200 OK"
2026-05-25 04:25:10,612 - INFO - HTTP Request: POST http://localhost:8000/v1/chat/completions "HTTP/1.1 200 OK"
2026-05-25 04:25:11,339 - INFO - HTTP Request: POST http://localhost:8000/v1/chat/completions "HTTP/1.1 200 OK"
2026-05-25 04:25:16,733 - INFO - HTTP Request: POST http://localhost:8001/v1/chat/completions "HTTP/1.1 200 OK"
2026-05-25 04:25:16,734 - INFO - Document classified as: <THINK>
OKAY, LET'S TACKLE THIS. THE USER WANTS ME TO DETERMINE IF THE GIVEN TEXT IS AN INVOICE, RESUME, OR RECEIPT. THE ANSWER SHOULD BE JUST THE CATEGORY NAME IN UPPERCASE. IF UNSURE, DEFAULT TO INVOICE.

FIRST, I'LL LOOK AT THE CONTENT. THE TEXT STARTS WITH "TREATS BY ANNA MARIE" FOLLOWED BY "INVOICE #8934 945". THERE'S A TABLE WITH DESCRIPTIONS, QUANTITIES, PRICES, AND TOTALS. THEN THERE'S PAYMENT DETAILS, ACCOUNT NAME, ACCOUNT NUMBER, AND CONTACT INFORMATION. 

AN INVOICE TYPICALLY HAS AN INVOICE NUMBER, DATE ISSUED, A TABLE OF ITEMS WITH QUANTITIES, PRICES, AND TOTALS, AND PAYMENT DETAILS. THE PRESENCE OF "INVOICE #" AND THE STRUCTURED TABLE WITH ITEMS AND TOTALS POINTS TOWARDS AN INVOICE. 

A RESUME WOULD HAVE PERSONAL INFORMATION, WORK HISTORY, SKILLS, ETC., WHICH ISN'T PRESENT HERE. A RECEIPT USUALLY HAS A SUMMARY OF A TRANSACTION, MAYBE A TOTAL AMOUNT, BUT THIS TEXT HAS MORE DETAILED ITEMIZED CHARGES, WHICH IS MORE TYPICAL OF AN INVOICE. 

THE MENTION OF "PAYMENT DETAILS" AND THE TABLE WITH MULTIPLE ITEMS ALL POINT TO AN INVOICE. THE ACCOUNT DETAILS AND CONTACT INFO ARE COMMON IN INVOICES FOR BILLING PURPOSES. 

I THINK THE CORRECT CATEGORY HERE IS INVOICE.
</THINK>

INVOICE
2026-05-25 04:25:19,281 - INFO - HTTP Request: POST http://localhost:8001/v1/chat/completions "HTTP/1.1 200 OK"
2026-05-25 04:25:22,161 - INFO - HTTP Request: POST http://localhost:8001/v1/chat/completions "HTTP/1.1 200 OK"
2026-05-25 04:25:56,443 - INFO - HTTP Request: POST http://localhost:8000/v1/chat/completions "HTTP/1.1 200 OK"
2026-05-25 04:25:56,444 - INFO - HTTP Request: POST http://localhost:8000/v1/chat/completions "HTTP/1.1 200 OK"
2026-05-25 04:25:56,458 - INFO - HTTP Request: POST http://localhost:8000/v1/chat/completions "HTTP/1.1 200 OK"
2026-05-25 04:25:56,476 - INFO - HTTP Request: POST http://localhost:8000/v1/chat/completions "HTTP/1.1 200 OK"
2026-05-25 04:25:56,484 - INFO - HTTP Request: POST http://localhost:8000/v1/chat/completions "HTTP/1.1 200 OK"
2026-05-25 04:25:56,519 - INFO - HTTP Request: POST http://localhost:8000/v1/chat/completions "HTTP/1.1 200 OK"
2026-05-25 04:25:56,530 - INFO - HTTP Request: POST http://localhost:8000/v1/chat/completions "HTTP/1.1 200 OK"
2026-05-25 04:25:56,554 - INFO - HTTP Request: POST http://localhost:8000/v1/chat/completions "HTTP/1.1 200 OK"
2026-05-25 04:25:56,779 - INFO - HTTP Request: POST http://localhost:8000/v1/chat/completions "HTTP/1.1 200 OK"
2026-05-25 04:26:01,577 - INFO - HTTP Request: POST http://localhost:8001/v1/chat/completions "HTTP/1.1 200 OK"
2026-05-25 04:26:01,579 - INFO - Document classified as: <THINK>
OKAY, LET'S TACKLE THIS. THE USER WANTS ME TO DETERMINE IF THE GIVEN TEXT IS AN INVOICE, RESUME, OR RECEIPT. THE ANSWER SHOULD BE JUST THE CATEGORY NAME IN UPPERCASE. IF UNSURE, DEFAULT TO INVOICE.

FIRST, I'LL LOOK AT THE CONTENT. THE TEXT STARTS WITH "TREATS BY ANNA MARIE" FOLLOWED BY "INVOICE #8934 945". THERE'S A TABLE WITH DESCRIPTIONS, QUANTITIES, PRICES, AND TOTALS. THEN THERE'S PAYMENT DETAILS, ACCOUNT NAME, ACCOUNT NUMBER, AND CONTACT INFORMATION. 

AN INVOICE TYPICALLY HAS AN INVOICE NUMBER, DATE ISSUED, A TABLE OF ITEMS WITH QUANTITIES, PRICES, AND TOTALS, AND PAYMENT DETAILS. THE PRESENCE OF "INVOICE #" AND THE STRUCTURED TABLE WITH ITEMS AND TOTALS POINTS TOWARDS AN INVOICE. 

A RESUME WOULD HAVE PERSONAL INFORMATION, WORK HISTORY, SKILLS, ETC., WHICH ISN'T PRESENT HERE. A RECEIPT USUALLY HAS A SUMMARY OF A TRANSACTION, MAYBE A TOTAL AMOUNT, BUT THIS TEXT HAS MORE DETAILED ITEMIZED CHARGES, WHICH IS MORE TYPICAL OF AN INVOICE. 

THE MENTION OF "PAYMENT DETAILS" AND THE TABLE WITH MULTIPLE ITEMS ALL POINT TO AN INVOICE. THE ACCOUNT DETAILS AND CONTACT INFO ARE COMMON IN INVOICES FOR BILLING PURPOSES. 

I THINK THE CORRECT CATEGORY HERE IS INVOICE.
</THINK>

INVOICE
2026-05-25 04:26:06,671 - INFO - HTTP Request: POST http://localhost:8001/v1/chat/completions "HTTP/1.1 200 OK"
2026-05-25 04:26:47,651 - INFO - HTTP Request: POST http://localhost:8001/v1/chat/completions "HTTP/1.1 200 OK"
2026-05-25 04:27:17,992 - INFO - HTTP Request: POST http://localhost:8000/v1/chat/completions "HTTP/1.1 200 OK"
2026-05-25 04:27:17,995 - INFO - HTTP Request: POST http://localhost:8000/v1/chat/completions "HTTP/1.1 200 OK"
2026-05-25 04:27:17,999 - INFO - HTTP Request: POST http://localhost:8000/v1/chat/completions "HTTP/1.1 200 OK"
2026-05-25 04:27:18,018 - INFO - HTTP Request: POST http://localhost:8000/v1/chat/completions "HTTP/1.1 200 OK"
2026-05-25 04:27:18,023 - INFO - HTTP Request: POST http://localhost:8000/v1/chat/completions "HTTP/1.1 200 OK"
2026-05-25 04:27:18,056 - INFO - HTTP Request: POST http://localhost:8000/v1/chat/completions "HTTP/1.1 200 OK"
2026-05-25 04:27:18,060 - INFO - HTTP Request: POST http://localhost:8000/v1/chat/completions "HTTP/1.1 200 OK"
2026-05-25 04:27:18,823 - INFO - HTTP Request: POST http://localhost:8000/v1/chat/completions "HTTP/1.1 200 OK"
2026-05-25 04:27:22,999 - INFO - HTTP Request: POST http://localhost:8001/v1/chat/completions "HTTP/1.1 200 OK"
2026-05-25 04:27:23,001 - INFO - Document classified as: <THINK>
OKAY, LET'S TACKLE THIS. THE USER WANTS ME TO DETERMINE IF THE GIVEN OCR TEXT IS AN INVOICE, RESUME, OR RECEIPT. THE ANSWER SHOULD BE JUST THE CATEGORY NAME IN UPPERCASE. IF UNSURE, DEFAULT TO INVOICE.

FIRST, I'LL LOOK AT THE CONTENT. THE DOCUMENT STARTS WITH "ODETTE'S FLORALS" FOLLOWED BY AN ADDRESS. THEN THERE'S A TABLE WITH COLUMNS: ITEM DESCRIPTION, QTY, PRICE, TOTAL. UNDER THE TABLE, THERE'S A LINE WITH SUB TOTAL, ARRANGEMENT FEE, GRAND TOTAL. ALSO, THERE'S A "BILLED TO" SECTION WITH A NAME, PHONE NUMBER, AND EMAIL.

INVOICES TYPICALLY HAVE ITEMS LISTED WITH QUANTITIES, PRICES, AND TOTALS, ALONG WITH BILLING INFORMATION. THE PRESENCE OF A TABLE WITH DETAILED LINE ITEMS AND A GRAND TOTAL SUGGESTS AN INVOICE. A RESUME WOULD HAVE PERSONAL INFORMATION AND WORK HISTORY, WHICH ISN'T HERE. A RECEIPT MIGHT HAVE A SUMMARY OF CHARGES, BUT THE STRUCTURE HERE SEEMS MORE LIKE AN INVOICE. THE MENTION OF "BILLED TO" IS COMMON IN INVOICES. THE TABLE STRUCTURE WITH MULTIPLE ITEMS AND SUBTOTALS ALSO POINTS TOWARDS AN INVOICE. SO, I THINK THE CORRECT CATEGORY IS INVOICE.
</THINK>

INVOICE
2026-05-25 04:27:29,517 - INFO - HTTP Request: POST http://localhost:8001/v1/chat/completions "HTTP/1.1 200 OK"
2026-05-25 04:30:07,714 - INFO - HTTP Request: POST http://localhost:8000/v1/chat/completions "HTTP/1.1 200 OK"
2026-05-25 04:30:07,718 - INFO - HTTP Request: POST http://localhost:8000/v1/chat/completions "HTTP/1.1 200 OK"
2026-05-25 04:30:07,726 - INFO - HTTP Request: POST http://localhost:8000/v1/chat/completions "HTTP/1.1 200 OK"
2026-05-25 04:30:07,731 - INFO - HTTP Request: POST http://localhost:8000/v1/chat/completions "HTTP/1.1 200 OK"
2026-05-25 04:30:07,746 - INFO - HTTP Request: POST http://localhost:8000/v1/chat/completions "HTTP/1.1 200 OK"
2026-05-25 04:30:07,792 - INFO - HTTP Request: POST http://localhost:8000/v1/chat/completions "HTTP/1.1 200 OK"
2026-05-25 04:30:07,850 - INFO - HTTP Request: POST http://localhost:8000/v1/chat/completions "HTTP/1.1 200 OK"
2026-05-25 04:30:08,179 - INFO - HTTP Request: POST http://localhost:8000/v1/chat/completions "HTTP/1.1 200 OK"
2026-05-25 04:30:08,269 - INFO - HTTP Request: POST http://localhost:8000/v1/chat/completions "HTTP/1.1 200 OK"
2026-05-25 04:30:12,495 - INFO - HTTP Request: POST http://localhost:8001/v1/chat/completions "HTTP/1.1 200 OK"
2026-05-25 04:30:12,497 - INFO - Document classified as: <THINK>
OKAY, LET'S TACKLE THIS. THE USER WANTS ME TO DETERMINE IF THE GIVEN OCR TEXT IS AN INVOICE, RESUME, OR RECEIPT. THE ANSWER SHOULD BE JUST THE CATEGORY NAME IN UPPERCASE. IF UNSURE, DEFAULT TO INVOICE.

FIRST, I'LL LOOK AT THE TEXT. THE FIRST LINE IS "SAFFRON DESIGN" FOLLOWED BY "INVOICE". THAT'S A STRONG INDICATOR. THEN THERE'S ADDRESSES FOR BILL TO AND SHIP TO, WHICH ARE COMMON IN INVOICES. THE TABLE HAS COLUMNS LIKE QTY, DESCRIPTION, UNIT PRICE, AMOUNT, WHICH ARE TYPICAL IN AN INVOICE'S ITEMIZED LIST. THERE'S ALSO A SUBTOTAL, GST, AND TOTAL AMOUNT, WHICH ARE STANDARD INVOICE COMPONENTS. THE TERMS AND CONDITIONS SECTION AT THE END ALSO ALIGNS WITH INVOICE DETAILS. 

A RESUME WOULD USUALLY HAVE PERSONAL INFORMATION, WORK EXPERIENCE, SKILLS, ETC. A RECEIPT MIGHT HAVE A SUMMARY OF A TRANSACTION, MAYBE LESS DETAILED BREAKDOWN. BUT THIS TEXT HAS MULTIPLE TABLES WITH SPECIFIC PRICING AND TOTALS, WHICH POINTS MORE TOWARDS AN INVOICE. THE PRESENCE OF "INVOICE #" AND "INVOICE DATE" FURTHER CONFIRMS IT'S AN INVOICE. I DON'T SEE ANY ELEMENTS THAT WOULD INDICATE A RESUME OR RECEIPT. SO THE CATEGORY SHOULD BE INVOICE.
</THINK>

INVOICE
2026-05-25 04:30:18,586 - INFO - HTTP Request: POST http://localhost:8001/v1/chat/completions "HTTP/1.1 200 OK"
2026-05-25 04:34:07,206 - INFO - HTTP Request: POST http://localhost:8000/v1/chat/completions "HTTP/1.1 200 OK"
2026-05-25 04:34:07,210 - INFO - HTTP Request: POST http://localhost:8000/v1/chat/completions "HTTP/1.1 200 OK"
2026-05-25 04:34:07,214 - INFO - HTTP Request: POST http://localhost:8000/v1/chat/completions "HTTP/1.1 200 OK"
2026-05-25 04:34:07,218 - INFO - HTTP Request: POST http://localhost:8000/v1/chat/completions "HTTP/1.1 200 OK"
2026-05-25 04:34:07,230 - INFO - HTTP Request: POST http://localhost:8000/v1/chat/completions "HTTP/1.1 200 OK"
2026-05-25 04:34:07,280 - INFO - HTTP Request: POST http://localhost:8000/v1/chat/completions "HTTP/1.1 200 OK"
2026-05-25 04:34:07,334 - INFO - HTTP Request: POST http://localhost:8000/v1/chat/completions "HTTP/1.1 200 OK"
2026-05-25 04:34:07,671 - INFO - HTTP Request: POST http://localhost:8000/v1/chat/completions "HTTP/1.1 200 OK"
2026-05-25 04:34:07,762 - INFO - HTTP Request: POST http://localhost:8000/v1/chat/completions "HTTP/1.1 200 OK"
2026-05-25 04:34:11,940 - INFO - HTTP Request: POST http://localhost:8001/v1/chat/completions "HTTP/1.1 200 OK"
2026-05-25 04:34:11,942 - INFO - Document classified as: <THINK>
OKAY, LET'S TACKLE THIS. THE USER WANTS ME TO DETERMINE IF THE GIVEN OCR TEXT IS AN INVOICE, RESUME, OR RECEIPT. THE ANSWER SHOULD BE JUST THE CATEGORY NAME IN UPPERCASE. IF UNSURE, DEFAULT TO INVOICE.

FIRST, I'LL LOOK AT THE TEXT. THE FIRST LINE IS "SAFFRON DESIGN" FOLLOWED BY "INVOICE". THAT'S A STRONG INDICATOR. THEN THERE'S ADDRESSES FOR BILL TO AND SHIP TO, WHICH ARE COMMON IN INVOICES. THE TABLE HAS COLUMNS LIKE QTY, DESCRIPTION, UNIT PRICE, AMOUNT, WHICH ARE TYPICAL IN AN INVOICE FOR ITEMS SOLD. THERE'S A SUBTOTAL, GST, AND TOTAL AMOUNT, WHICH ARE KEY ELEMENTS OF AN INVOICE. THE TERMS AND CONDITIONS AT THE END ALSO ALIGN WITH INVOICE DETAILS. 

A RESUME WOULD USUALLY HAVE MORE PERSONAL INFORMATION LIKE EDUCATION, WORK EXPERIENCE, SKILLS. A RECEIPT MIGHT HAVE MORE DETAILS ABOUT A PURCHASE, LIKE A POINT OF SALE TRANSACTION, BUT THIS TEXT HAS A STRUCTURED FORMAT WITH BILLING INFO AND ITEMIZED CHARGES. THE PRESENCE OF "INVOICE #" AND "DUE DATE" FURTHER POINTS TO AN INVOICE. 

I DON'T SEE ANY ELEMENTS THAT MATCH A RESUME OR RECEIPT. THE STRUCTURE AND CONTENT ARE MORE ALIGNED WITH AN INVOICE. SO THE ANSWER SHOULD BE INVOICE.
</THINK>

INVOICE
2026-05-25 04:34:17,920 - INFO - HTTP Request: POST http://localhost:8001/v1/chat/completions "HTTP/1.1 200 OK"
2026-05-25 04:35:40,921 - INFO - HTTP Request: POST http://localhost:8000/v1/chat/completions "HTTP/1.1 200 OK"
2026-05-25 04:35:40,923 - INFO - HTTP Request: POST http://localhost:8000/v1/chat/completions "HTTP/1.1 200 OK"
2026-05-25 04:35:40,943 - INFO - HTTP Request: POST http://localhost:8000/v1/chat/completions "HTTP/1.1 200 OK"
2026-05-25 04:35:40,943 - INFO - HTTP Request: POST http://localhost:8000/v1/chat/completions "HTTP/1.1 200 OK"
2026-05-25 04:35:40,944 - INFO - HTTP Request: POST http://localhost:8000/v1/chat/completions "HTTP/1.1 200 OK"
2026-05-25 04:35:40,945 - INFO - HTTP Request: POST http://localhost:8000/v1/chat/completions "HTTP/1.1 200 OK"
2026-05-25 04:35:40,946 - INFO - HTTP Request: POST http://localhost:8000/v1/chat/completions "HTTP/1.1 200 OK"
2026-05-25 04:35:40,956 - INFO - HTTP Request: POST http://localhost:8000/v1/chat/completions "HTTP/1.1 200 OK"
2026-05-25 04:35:40,958 - INFO - HTTP Request: POST http://localhost:8000/v1/chat/completions "HTTP/1.1 200 OK"
2026-05-25 04:35:40,966 - INFO - HTTP Request: POST http://localhost:8000/v1/chat/completions "HTTP/1.1 200 OK"
2026-05-25 04:35:40,969 - INFO - HTTP Request: POST http://localhost:8000/v1/chat/completions "HTTP/1.1 200 OK"
2026-05-25 04:35:40,970 - INFO - HTTP Request: POST http://localhost:8000/v1/chat/completions "HTTP/1.1 200 OK"
2026-05-25 04:35:40,977 - INFO - HTTP Request: POST http://localhost:8000/v1/chat/completions "HTTP/1.1 200 OK"
2026-05-25 04:35:41,137 - INFO - HTTP Request: POST http://localhost:8000/v1/chat/completions "HTTP/1.1 200 OK"
2026-05-25 04:35:41,139 - INFO - HTTP Request: POST http://localhost:8000/v1/chat/completions "HTTP/1.1 200 OK"
2026-05-25 04:35:41,149 - INFO - HTTP Request: POST http://localhost:8000/v1/chat/completions "HTTP/1.1 200 OK"
2026-05-25 04:35:41,150 - INFO - HTTP Request: POST http://localhost:8000/v1/chat/completions "HTTP/1.1 200 OK"
2026-05-25 04:35:41,151 - INFO - HTTP Request: POST http://localhost:8000/v1/chat/completions "HTTP/1.1 200 OK"
2026-05-25 04:35:41,157 - INFO - HTTP Request: POST http://localhost:8000/v1/chat/completions "HTTP/1.1 200 OK"
2026-05-25 04:35:41,159 - INFO - HTTP Request: POST http://localhost:8000/v1/chat/completions "HTTP/1.1 200 OK"
2026-05-25 04:35:41,171 - INFO - HTTP Request: POST http://localhost:8000/v1/chat/completions "HTTP/1.1 200 OK"
2026-05-25 04:35:41,241 - INFO - HTTP Request: POST http://localhost:8000/v1/chat/completions "HTTP/1.1 200 OK"
2026-05-25 04:35:41,247 - INFO - HTTP Request: POST http://localhost:8000/v1/chat/completions "HTTP/1.1 200 OK"
2026-05-25 04:35:41,253 - INFO - HTTP Request: POST http://localhost:8000/v1/chat/completions "HTTP/1.1 200 OK"
2026-05-25 04:35:41,294 - INFO - HTTP Request: POST http://localhost:8000/v1/chat/completions "HTTP/1.1 200 OK"
2026-05-25 04:35:41,295 - INFO - HTTP Request: POST http://localhost:8000/v1/chat/completions "HTTP/1.1 200 OK"
2026-05-25 04:35:41,304 - INFO - HTTP Request: POST http://localhost:8000/v1/chat/completions "HTTP/1.1 200 OK"
2026-05-25 04:35:41,307 - INFO - HTTP Request: POST http://localhost:8000/v1/chat/completions "HTTP/1.1 200 OK"
2026-05-25 04:35:41,990 - INFO - HTTP Request: POST http://localhost:8000/v1/chat/completions "HTTP/1.1 200 OK"
2026-05-25 04:35:42,262 - INFO - HTTP Request: POST http://localhost:8000/v1/chat/completions "HTTP/1.1 200 OK"
2026-05-25 04:35:42,262 - INFO - HTTP Request: POST http://localhost:8000/v1/chat/completions "HTTP/1.1 200 OK"
2026-05-25 04:35:42,269 - INFO - HTTP Request: POST http://localhost:8000/v1/chat/completions "HTTP/1.1 200 OK"
2026-05-25 04:35:46,450 - INFO - HTTP Request: POST http://localhost:8000/v1/chat/completions "HTTP/1.1 200 OK"
2026-05-25 04:35:46,810 - INFO - HTTP Request: POST http://localhost:8000/v1/chat/completions "HTTP/1.1 200 OK"
2026-05-25 04:35:47,523 - INFO - HTTP Request: POST http://localhost:8000/v1/chat/completions "HTTP/1.1 200 OK"
2026-05-25 04:35:47,551 - INFO - HTTP Request: POST http://localhost:8000/v1/chat/completions "HTTP/1.1 200 OK"
2026-05-25 04:35:54,360 - INFO - HTTP Request: POST http://localhost:8001/v1/chat/completions "HTTP/1.1 200 OK"
2026-05-25 04:35:54,361 - INFO - Document classified as: <THINK>
OKAY, LET'S TACKLE THIS. THE USER WANTS ME TO DETERMINE IF THE GIVEN OCR TEXT IS AN INVOICE, RESUME, OR RECEIPT. THE ANSWER SHOULD BE JUST THE CATEGORY NAME IN UPPERCASE. IF UNSURE, DEFAULT TO INVOICE.

FIRST, I'LL LOOK AT THE CONTENT. THE FIRST LINE IS THE COMPANY NAME, ORIENTAL MERCHANT PTY LTD, FOLLOWED BY ABN. THEN THERE ARE ADDRESSES FOR DIFFERENT STATES (VIC, NSW, QLD, WA) AND PHONE NUMBERS. THEN "DOC NO: 108563", "CUST NO: CA999448", "SALES REP: HANNAH SU", "DOC DATE: 04/01/2026", "ORDER DATE: 04/01/2026". THEN THERE'S A TABLE WITH COLUMNS LIKE CODE, DESCRIPTION, DESCRIPTION2, OUTER/INNER, #UNITS, LIST PRICE, UPRICE, AMOUNT, GST. 

SO, THE STRUCTURE HERE SEEMS TO BE A DOCUMENT WITH COMPANY INFO, CUSTOMER DETAILS, AND A TABLE OF ITEMS WITH PRICES AND QUANTITIES. THE PRESENCE OF "DOC NO" AND "CUST NO" SUGGESTS IT'S A DOCUMENT RELATED TO A CUSTOMER, WHICH IS COMMON IN INVOICES. THE TABLE WITH ITEMS, PRICES, AND AMOUNTS IS TYPICAL OF AN INVOICE LINE ITEMS. THE DATES ARE BOTH DOCUMENT DATE AND ORDER DATE, WHICH IS COMMON IN INVOICES. THE SALES REP NAME IS ALSO A COMMON FIELD IN INVOICES. 

A RESUME WOULD HAVE MORE PERSONAL INFORMATION ABOUT SOMEONE'S WORK EXPERIENCE, SKILLS, ETC. A RECEIPT WOULD TYPICALLY HAVE A SUMMARY OF A TRANSACTION, MAYBE WITH A TOTAL AMOUNT, BUT OFTEN LESS DETAILED THAN AN INVOICE. THE TABLE HERE SEEMS MORE DETAILED, LISTING EACH ITEM WITH QUANTITIES, PRICES, AND AMOUNTS, WHICH IS MORE INDICATIVE OF AN INVOICE THAN A RECEIPT. 

ALSO, THE PRESENCE OF GST (GOODS AND SERVICES TAX) IN THE TABLE IS A KEY INDICATOR. INVOICES OFTEN INCLUDE GST DETAILS, WHEREAS RECEIPTS MIGHT NOT ALWAYS SHOW EACH LINE ITEM'S GST. 

SO, PUTTING IT ALL TOGETHER, THE TEXT IS MOST LIKELY AN INVOICE.
</THINK>

INVOICE
2026-05-25 04:36:30,537 - INFO - HTTP Request: POST http://localhost:8001/v1/chat/completions "HTTP/1.1 200 OK"
2026-05-25 04:36:32,270 - INFO - HTTP Request: POST http://localhost:8001/v1/chat/completions "HTTP/1.1 200 OK"
2026-05-25 04:36:32,486 - INFO - HTTP Request: POST http://localhost:8001/v1/chat/completions "HTTP/1.1 200 OK"
2026-05-25 04:36:33,004 - INFO - HTTP Request: POST http://localhost:8001/v1/chat/completions "HTTP/1.1 200 OK"
2026-05-25 04:37:58,057 - INFO - HTTP Request: POST http://localhost:8000/v1/chat/completions "HTTP/1.1 200 OK"
2026-05-25 04:37:58,061 - INFO - HTTP Request: POST http://localhost:8000/v1/chat/completions "HTTP/1.1 200 OK"
2026-05-25 04:37:58,150 - INFO - HTTP Request: POST http://localhost:8000/v1/chat/completions "HTTP/1.1 200 OK"
2026-05-25 04:37:58,174 - INFO - HTTP Request: POST http://localhost:8000/v1/chat/completions "HTTP/1.1 200 OK"
2026-05-25 04:37:58,178 - INFO - HTTP Request: POST http://localhost:8000/v1/chat/completions "HTTP/1.1 200 OK"
2026-05-25 04:37:58,419 - INFO - HTTP Request: POST http://localhost:8000/v1/chat/completions "HTTP/1.1 200 OK"
2026-05-25 04:38:02,905 - INFO - HTTP Request: POST http://localhost:8001/v1/chat/completions "HTTP/1.1 200 OK"
2026-05-25 04:38:02,906 - INFO - Document classified as: <THINK>
OKAY, LET'S TACKLE THIS. THE USER WANTS ME TO DETERMINE IF THE GIVEN TEXT IS AN INVOICE, RESUME, OR RECEIPT. THE FIRST THING I NEED TO DO IS LOOK AT THE CONTENT OF THE TEXT PROVIDED.

LOOKING AT THE FIRST PART, THERE'S A NAME, ADDRESS, AND AN INVOICE NUMBER. THEN THERE'S A TABLE WITH COLUMNS QTY, PRICE, DESCRIPTION, TOTAL. THE TABLE HAS ENTRIES LIKE BULB REPLACEMENT AND ROOF TILING WITH QUANTITIES AND PRICES. THERE'S A TOTAL, TAX, AND AMOUNT DUE. ALSO, THERE'S PAYMENT INFORMATION AT THE END WITH A NAME, ACCOUNT NUMBER, AND SOME CONTACT DETAILS.

SO, THE KEY ELEMENTS HERE ARE THE INVOICE NUMBER, ITEMS WITH QUANTITIES AND PRICES, A TOTAL AMOUNT, TAX, AND PAYMENT DETAILS. THESE ARE ALL TYPICAL FEATURES OF AN INVOICE. A RESUME WOULD USUALLY HAVE MORE PERSONAL INFORMATION LIKE EDUCATION, WORK EXPERIENCE, SKILLS, WHICH ISN'T PRESENT HERE. A RECEIPT MIGHT HAVE MORE DETAILS ABOUT A PURCHASE, BUT THE PRESENCE OF AN INVOICE NUMBER AND THE STRUCTURED TABLE WITH QUANTITIES AND PRICES POINTS MORE TOWARDS AN INVOICE. THE PAYMENT INFORMATION IS ALSO COMMON IN INVOICES. THE MENTION OF "INV# 012" CLEARLY INDICATES AN INVOICE. THE TABLE STRUCTURE WITH ITEMS, PRICES, AND TOTALS IS A STRONG INDICATOR OF AN INVOICE. I THINK THE CORRECT CATEGORY HERE IS INVOICE.
</THINK>

INVOICE
2026-05-25 04:38:07,394 - INFO - HTTP Request: POST http://localhost:8001/v1/chat/completions "HTTP/1.1 200 OK"
2026-05-25 04:53:44,357 - INFO - HTTP Request: POST http://localhost:8000/v1/chat/completions "HTTP/1.1 200 OK"
2026-05-25 04:53:44,361 - INFO - HTTP Request: POST http://localhost:8000/v1/chat/completions "HTTP/1.1 200 OK"
2026-05-25 04:53:44,365 - INFO - HTTP Request: POST http://localhost:8000/v1/chat/completions "HTTP/1.1 200 OK"
2026-05-25 04:53:44,379 - INFO - HTTP Request: POST http://localhost:8000/v1/chat/completions "HTTP/1.1 200 OK"
2026-05-25 04:53:44,383 - INFO - HTTP Request: POST http://localhost:8000/v1/chat/completions "HTTP/1.1 200 OK"
2026-05-25 04:53:44,421 - INFO - HTTP Request: POST http://localhost:8000/v1/chat/completions "HTTP/1.1 200 OK"
2026-05-25 04:53:44,422 - INFO - HTTP Request: POST http://localhost:8000/v1/chat/completions "HTTP/1.1 200 OK"
2026-05-25 04:53:45,274 - INFO - HTTP Request: POST http://localhost:8000/v1/chat/completions "HTTP/1.1 200 OK"
2026-05-25 04:53:49,358 - INFO - HTTP Request: POST http://localhost:8001/v1/chat/completions "HTTP/1.1 200 OK"
2026-05-25 04:53:49,360 - INFO - Document classified as: <THINK>
OKAY, LET'S TACKLE THIS. THE USER WANTS ME TO DETERMINE IF THE GIVEN OCR TEXT IS AN INVOICE, RESUME, OR RECEIPT. THE ANSWER SHOULD BE JUST THE CATEGORY NAME IN UPPERCASE. IF UNSURE, DEFAULT TO INVOICE.

FIRST, I'LL LOOK AT THE CONTENT. THE DOCUMENT STARTS WITH "ODETTE'S FLORALS" FOLLOWED BY AN ADDRESS. THEN THERE'S A TABLE WITH COLUMNS: ITEM DESCRIPTION, QTY, PRICE, TOTAL. UNDER THE TABLE, THERE'S A LINE WITH SUB TOTAL, ARRANGEMENT FEE, GRAND TOTAL. ALSO, THERE'S A "BILLED TO" SECTION WITH A NAME, PHONE NUMBER, AND EMAIL.

INVOICES TYPICALLY HAVE ITEMS LISTED WITH QUANTITIES, PRICES, AND TOTALS, ALONG WITH BILLING INFORMATION. THE PRESENCE OF A TABLE WITH DETAILED LINE ITEMS AND A GRAND TOTAL SUGGESTS AN INVOICE. A RESUME WOULD HAVE PERSONAL INFORMATION AND WORK HISTORY, WHICH ISN'T HERE. A RECEIPT MIGHT HAVE A SUMMARY OF CHARGES, BUT THE STRUCTURE HERE SEEMS MORE LIKE AN INVOICE. THE MENTION OF "BILLED TO" IS COMMON IN INVOICES. THE TABLE STRUCTURE WITH MULTIPLE ITEMS AND SUBTOTALS ALSO POINTS TOWARDS AN INVOICE. SO, I THINK THE CORRECT CATEGORY IS INVOICE.
</THINK>

INVOICE
2026-05-25 04:53:55,792 - INFO - HTTP Request: POST http://localhost:8001/v1/chat/completions "HTTP/1.1 200 OK"
2026-05-26 02:50:45,981 - INFO - HTTP Request: POST http://localhost:8000/v1/chat/completions "HTTP/1.1 200 OK"
2026-05-26 02:50:46,017 - INFO - HTTP Request: POST http://localhost:8000/v1/chat/completions "HTTP/1.1 200 OK"
2026-05-26 02:50:46,103 - INFO - HTTP Request: POST http://localhost:8000/v1/chat/completions "HTTP/1.1 200 OK"
2026-05-26 02:50:46,127 - INFO - HTTP Request: POST http://localhost:8000/v1/chat/completions "HTTP/1.1 200 OK"
2026-05-26 02:50:46,131 - INFO - HTTP Request: POST http://localhost:8000/v1/chat/completions "HTTP/1.1 200 OK"
2026-05-26 02:50:46,382 - INFO - HTTP Request: POST http://localhost:8000/v1/chat/completions "HTTP/1.1 200 OK"
2026-05-26 02:50:51,564 - INFO - HTTP Request: POST http://localhost:8001/v1/chat/completions "HTTP/1.1 200 OK"
2026-05-26 02:50:51,566 - INFO - Document classified as: <THINK>
OKAY, LET'S TACKLE THIS. THE USER WANTS ME TO CLASSIFY THE GIVEN TEXT INTO ONE OF FOUR CATEGORIES: INVOICE, RESUME, PURCHASE_ORDER, OR RECEIPT. THE ANSWER SHOULD BE THE CATEGORY NAME IN UPPERCASE, AND IF UNSURE, DEFAULT TO INVOICE.

FIRST, I'LL LOOK AT THE TEXT PROVIDED. THE FIRST PART HAS A NAME, ADDRESS, AND AN INVOICE NUMBER. THEN THERE'S A TABLE WITH QUANTITIES, PRICES, DESCRIPTIONS, AND TOTALS. THERE'S A TOTAL AMOUNT, TAX, AND AMOUNT DUE. ALSO, PAYMENT INFORMATION IS LISTED, INCLUDING A NAME, ACCOUNT NUMBER, AND SOME CONTACT DETAILS.

NOW, CONSIDERING THE OPTIONS. AN INVOICE TYPICALLY INCLUDES ITEMS SOLD, QUANTITIES, PRICES, TOTALS, TAX, AND PAYMENT INFO. A PURCHASE ORDER IS FROM A BUYER TO A SELLER, USUALLY WITH TERMS AND CONDITIONS. A RECEIPT IS MORE OF A RECORD OF A TRANSACTION, OFTEN FROM A SERVICE PROVIDER. A RESUME WOULD HAVE PERSONAL INFORMATION AND WORK HISTORY, WHICH ISN'T PRESENT HERE.

THE PRESENCE OF "INV#" SUGGESTS IT'S AN INVOICE. THE TABLE STRUCTURE WITH QUANTITIES, PRICES, AND TOTALS IS TYPICAL FOR AN INVOICE. THE PAYMENT INFORMATION AT THE END ALSO ALIGNS WITH AN INVOICE. THERE'S NO MENTION OF EMPLOYMENT HISTORY OR EDUCATION, SO IT'S NOT A RESUME. THE TABLE STRUCTURE AND THE PRESENCE OF AN INVOICE NUMBER MAKE ME CONFIDENT IT'S AN INVOICE. EVEN THOUGH THERE'S A TOTAL AND TAX, WHICH COULD BE IN A RECEIPT, THE INVOICE NUMBER AND THE STRUCTURE POINT MORE TOWARDS AN INVOICE. SO THE ANSWER SHOULD BE INVOICE.
</THINK>

INVOICE
2026-05-26 02:50:57,051 - INFO - HTTP Request: POST http://localhost:8001/v1/chat/completions "HTTP/1.1 200 OK"
2026-05-26 02:55:33,489 - INFO - HTTP Request: POST http://localhost:8000/v1/chat/completions "HTTP/1.1 200 OK"
2026-05-26 02:55:33,490 - INFO - HTTP Request: POST http://localhost:8000/v1/chat/completions "HTTP/1.1 200 OK"
2026-05-26 02:55:33,493 - INFO - HTTP Request: POST http://localhost:8000/v1/chat/completions "HTTP/1.1 200 OK"
2026-05-26 02:55:33,494 - INFO - HTTP Request: POST http://localhost:8000/v1/chat/completions "HTTP/1.1 200 OK"
2026-05-26 02:55:33,502 - INFO - HTTP Request: POST http://localhost:8000/v1/chat/completions "HTTP/1.1 200 OK"
2026-05-26 02:55:33,503 - INFO - HTTP Request: POST http://localhost:8000/v1/chat/completions "HTTP/1.1 200 OK"
2026-05-26 02:55:33,546 - INFO - HTTP Request: POST http://localhost:8000/v1/chat/completions "HTTP/1.1 200 OK"
2026-05-26 02:55:33,559 - INFO - HTTP Request: POST http://localhost:8000/v1/chat/completions "HTTP/1.1 200 OK"
2026-05-26 02:55:33,576 - INFO - HTTP Request: POST http://localhost:8000/v1/chat/completions "HTTP/1.1 200 OK"
2026-05-26 02:55:33,605 - INFO - HTTP Request: POST http://localhost:8000/v1/chat/completions "HTTP/1.1 200 OK"
2026-05-26 02:55:33,687 - INFO - HTTP Request: POST http://localhost:8000/v1/chat/completions "HTTP/1.1 200 OK"
2026-05-26 02:55:33,819 - INFO - HTTP Request: POST http://localhost:8000/v1/chat/completions "HTTP/1.1 200 OK"
2026-05-26 02:55:38,993 - INFO - HTTP Request: POST http://localhost:8001/v1/chat/completions "HTTP/1.1 200 OK"
2026-05-26 02:55:38,995 - INFO - Document classified as: <THINK>
OKAY, LET'S TACKLE THIS. THE USER WANTS ME TO CLASSIFY THE GIVEN TEXT INTO ONE OF FOUR CATEGORIES: INVOICE, RESUME, PURCHASE_ORDER, OR RECEIPT. THE ANSWER SHOULD BE THE CATEGORY NAME IN UPPERCASE, AND IF UNSURE, DEFAULT TO INVOICE.

FIRST, I'LL LOOK AT THE CONTENT OF THE TEXT. THE FIRST LINE IS "COOKIES BY CHARLIE" FOLLOWED BY AN ADDRESS. THEN THERE'S "MS. OLIVIA W. ADAMS" WITH ANOTHER ADDRESS. THE NEXT LINE IS "INVOICE" FOLLOWED BY A NUMBER. THEN THERE'S A TABLE WITH PRODUCT DESCRIPTIONS, QUANTITIES, PRICES, AND TOTALS. SUBTOTAL AND GRAND TOTAL ARE LISTED. THEN THERE'S PAYABLE TO WITH CONTACT INFO AND BANK DETAILS.

SO, THE KEY ELEMENTS HERE ARE THE INVOICE NUMBER, PRODUCT DETAILS IN A TABLE, SUBTOTAL, GRAND TOTAL, AND PAYMENT INFORMATION. THESE ARE ALL TYPICAL FEATURES OF AN INVOICE. A RESUME WOULD HAVE PERSONAL INFORMATION AND WORK HISTORY, BUT THERE'S NO MENTION OF THAT HERE. A PURCHASE ORDER USUALLY HAS DETAILS LIKE ORDER NUMBER, VENDOR INFO, BUT THIS SEEMS MORE LIKE A BILL FROM A VENDOR. A RECEIPT WOULD BE FOR A TRANSACTION, MAYBE FROM A STORE, BUT THIS HAS MORE STRUCTURED DATA LIKE PRODUCT QUANTITIES AND PRICES, WHICH IS MORE COMMON IN AN INVOICE. THE PRESENCE OF "INVOICE" AS A HEADER AND THE STRUCTURED TABLE WITH QUANTITIES, PRICES, AND TOTALS STRONGLY POINTS TO AN INVOICE. THE PAYMENT DETAILS AND BANK INFORMATION ALSO ALIGN WITH AN INVOICE. SO, I'M PRETTY CONFIDENT THIS IS AN INVOICE.
</THINK>

INVOICE
2026-05-26 02:55:44,808 - INFO - HTTP Request: POST http://localhost:8001/v1/chat/completions "HTTP/1.1 200 OK"
2026-05-26 02:57:27,692 - INFO - HTTP Request: POST http://localhost:8000/v1/chat/completions "HTTP/1.1 200 OK"
2026-05-26 02:57:27,707 - INFO - HTTP Request: POST http://localhost:8000/v1/chat/completions "HTTP/1.1 200 OK"
2026-05-26 02:57:27,709 - INFO - HTTP Request: POST http://localhost:8000/v1/chat/completions "HTTP/1.1 200 OK"
2026-05-26 02:57:27,719 - INFO - HTTP Request: POST http://localhost:8000/v1/chat/completions "HTTP/1.1 200 OK"
2026-05-26 02:57:27,720 - INFO - HTTP Request: POST http://localhost:8000/v1/chat/completions "HTTP/1.1 200 OK"
2026-05-26 02:57:27,738 - INFO - HTTP Request: POST http://localhost:8000/v1/chat/completions "HTTP/1.1 200 OK"
2026-05-26 02:57:27,739 - INFO - HTTP Request: POST http://localhost:8000/v1/chat/completions "HTTP/1.1 200 OK"
2026-05-26 02:57:27,799 - INFO - HTTP Request: POST http://localhost:8000/v1/chat/completions "HTTP/1.1 200 OK"
2026-05-26 02:57:27,842 - INFO - HTTP Request: POST http://localhost:8000/v1/chat/completions "HTTP/1.1 200 OK"
2026-05-26 02:57:27,889 - INFO - HTTP Request: POST http://localhost:8000/v1/chat/completions "HTTP/1.1 200 OK"
2026-05-26 02:57:27,948 - INFO - HTTP Request: POST http://localhost:8000/v1/chat/completions "HTTP/1.1 200 OK"
2026-05-26 02:57:27,967 - INFO - HTTP Request: POST http://localhost:8000/v1/chat/completions "HTTP/1.1 200 OK"
2026-05-26 02:57:28,209 - INFO - HTTP Request: POST http://localhost:8000/v1/chat/completions "HTTP/1.1 200 OK"
2026-05-26 02:57:34,493 - INFO - HTTP Request: POST http://localhost:8001/v1/chat/completions "HTTP/1.1 200 OK"
2026-05-26 02:57:34,494 - INFO - Document classified as: <THINK>
OKAY, LET'S TACKLE THIS. THE USER WANTS ME TO CLASSIFY THE GIVEN OCR TEXT INTO ONE OF FOUR CATEGORIES: INVOICE, RESUME, PURCHASE_ORDER, OR RECEIPT. THE ANSWER SHOULD BE THE CATEGORY NAME IN UPPERCASE, AND IF UNSURE, DEFAULT TO INVOICE.

FIRST, I'LL LOOK AT THE TEXT. THE FIRST LINE IS "PURCHASE ORDER" WHICH IMMEDIATELY SUGGESTS IT'S A PURCHASE ORDER. THEN THERE'S A DATE, PO #, VENDOR INFO, CONTACT DETAILS, AND A TABLE WITH DESCRIPTIONS, QUANTITIES, PRICES, AND TOTALS. THE TABLE HAS COLUMNS LIKE DESCRIPTION, QUANTITY, UNIT PRICE, TOTAL. THERE'S ALSO A SUBTOTAL, TAXES, AND TOTAL DUE. 

COMPARING WITH THE CATEGORIES: AN INVOICE USUALLY HAS ITEMS, TAXES, AND PAYMENT DETAILS, BUT IT'S FROM A CUSTOMER TO A VENDOR. A PURCHASE ORDER IS FROM A BUYER TO A SELLER, OUTLINING WHAT'S BEING ORDERED. THE TEXT HERE STARTS WITH "PURCHASE ORDER" AND INCLUDES VENDOR DETAILS, WHICH ALIGNS WITH A PURCHASE ORDER. THE TABLE STRUCTURE IS SIMILAR TO WHAT'S FOUND IN A PURCHASE ORDER, LISTING ITEMS, QUANTITIES, PRICES, AND TOTALS. 

A RECEIPT TYPICALLY HAS A SUMMARY OF A TRANSACTION, MAYBE FROM A SALE, WITH CUSTOMER INFO AND TOTAL AMOUNT. A RESUME WOULD HAVE PERSONAL INFORMATION AND WORK HISTORY. THE TEXT HERE DOESN'T MENTION ANYTHING ABOUT EMPLOYMENT OR PERSONAL HISTORY, SO NOT A RESUME. 

THE PRESENCE OF "PO #" (PURCHASE ORDER NUMBER) AND THE STRUCTURE OF THE TABLE WITH QUANTITIES AND PRICES POINTS TOWARDS A PURCHASE ORDER. THE MENTION OF "VENDOR" AND "SHIP TO" ALSO FITS A PURCHASE ORDER SCENARIO. THE TOTAL DUE AT THE END IS PART OF THE ORDER'S PAYMENT TERMS. 

SO, THE MOST FITTING CATEGORY HERE IS PURCHASE_ORDER. I'M PRETTY CONFIDENT BECAUSE THE HEADER, STRUCTURE, AND CONTENT ALL ALIGN WITH A PURCHASE ORDER. THE OTHER CATEGORIES DON'T MATCH THE CONTENT AS CLOSELY.
</THINK>

PURCHASE_ORDER
2026-05-26 02:57:40,570 - INFO - HTTP Request: POST http://localhost:8001/v1/chat/completions "HTTP/1.1 200 OK"
2026-05-26 03:01:24,154 - INFO - HTTP Request: POST http://localhost:8000/v1/chat/completions "HTTP/1.1 200 OK"
2026-05-26 03:01:24,155 - INFO - HTTP Request: POST http://localhost:8000/v1/chat/completions "HTTP/1.1 200 OK"
2026-05-26 03:01:24,175 - INFO - HTTP Request: POST http://localhost:8000/v1/chat/completions "HTTP/1.1 200 OK"
2026-05-26 03:01:24,183 - INFO - HTTP Request: POST http://localhost:8000/v1/chat/completions "HTTP/1.1 200 OK"
2026-05-26 03:01:24,201 - INFO - HTTP Request: POST http://localhost:8000/v1/chat/completions "HTTP/1.1 200 OK"
2026-05-26 03:01:24,235 - INFO - HTTP Request: POST http://localhost:8000/v1/chat/completions "HTTP/1.1 200 OK"
2026-05-26 03:01:24,243 - INFO - HTTP Request: POST http://localhost:8000/v1/chat/completions "HTTP/1.1 200 OK"
2026-05-26 03:01:24,272 - INFO - HTTP Request: POST http://localhost:8000/v1/chat/completions "HTTP/1.1 200 OK"
2026-05-26 03:01:24,495 - INFO - HTTP Request: POST http://localhost:8000/v1/chat/completions "HTTP/1.1 200 OK"
2026-05-26 03:01:30,455 - INFO - HTTP Request: POST http://localhost:8001/v1/chat/completions "HTTP/1.1 200 OK"
2026-05-26 03:01:30,457 - INFO - Document classified as: <THINK>
OKAY, LET'S TACKLE THIS. THE USER WANTS ME TO CLASSIFY THE GIVEN TEXT INTO ONE OF FOUR CATEGORIES: INVOICE, RESUME, PURCHASE_ORDER, OR RECEIPT. THE ANSWER SHOULD BE THE CATEGORY NAME IN UPPERCASE, AND IF UNSURE, DEFAULT TO INVOICE.

FIRST, I'LL LOOK AT THE TEXT PROVIDED. THE FIRST LINE SAYS "TREATS BY ANNA MARIE" FOLLOWED BY "INVOICE #8934 945". THAT SEEMS LIKE AN INVOICE NUMBER. THEN THERE'S A TABLE WITH DESCRIPTIONS, QUANTITIES, PRICES, AND TOTALS. THE PAYMENT DETAILS ARE LISTED, AND THERE'S A THANK YOU MESSAGE. 

AN INVOICE TYPICALLY INCLUDES AN INVOICE NUMBER, DATE ISSUED, A TABLE OF ITEMS WITH QUANTITIES, PRICES, AND TOTALS, AND PAYMENT DETAILS. THE PRESENCE OF "INVOICE #" AND THE TABLE STRUCTURE POINTS TOWARDS AN INVOICE. THE OTHER CATEGORIES LIKE RESUME WOULD HAVE PERSONAL INFORMATION BUT NOT PRODUCT DETAILS. A PURCHASE ORDER MIGHT HAVE DIFFERENT TERMS, BUT THIS SEEMS MORE LIKE A BILL. A RECEIPT WOULD BE FOR A TRANSACTION, BUT THIS HAS A THANK YOU NOTE, WHICH IS MORE COMMON IN INVOICES. 

THE TABLE HAS THREE ITEMS WITH QUANTITIES AND PRICES, WHICH IS COMMON IN INVOICES. THE ACCOUNT NAME AND NUMBER ARE LISTED, WHICH IS PART OF PAYMENT DETAILS. THE "THANK YOU!" AT THE END IS COMMON IN INVOICES TO ACKNOWLEDGE THE TRANSACTION. 

I DON'T SEE ANY INDICATORS OF A RESUME, LIKE EDUCATION OR WORK EXPERIENCE. PURCHASE ORDER USUALLY HAS TERMS AND CONDITIONS, WHICH AREN'T PRESENT HERE. RECEIPTS MIGHT HAVE A MORE TRANSACTIONAL FEEL, BUT THE STRUCTURE HERE MATCHES AN INVOICE MORE. SO, THE MOST LIKELY CATEGORY IS INVOICE.
</THINK>

INVOICE
2026-05-26 03:01:35,682 - INFO - HTTP Request: POST http://localhost:8001/v1/chat/completions "HTTP/1.1 200 OK"
2026-05-26 03:07:05,397 - INFO - HTTP Request: POST http://localhost:8000/v1/chat/completions "HTTP/1.1 200 OK"
2026-05-26 03:07:05,401 - INFO - HTTP Request: POST http://localhost:8000/v1/chat/completions "HTTP/1.1 200 OK"
2026-05-26 03:07:05,441 - INFO - HTTP Request: POST http://localhost:8000/v1/chat/completions "HTTP/1.1 200 OK"
2026-05-26 03:07:05,453 - INFO - HTTP Request: POST http://localhost:8000/v1/chat/completions "HTTP/1.1 200 OK"
2026-05-26 03:07:05,499 - INFO - HTTP Request: POST http://localhost:8000/v1/chat/completions "HTTP/1.1 200 OK"
2026-05-26 03:07:05,564 - INFO - HTTP Request: POST http://localhost:8000/v1/chat/completions "HTTP/1.1 200 OK"
2026-05-26 03:07:05,775 - INFO - HTTP Request: POST http://localhost:8000/v1/chat/completions "HTTP/1.1 200 OK"
2026-05-26 03:07:12,154 - INFO - HTTP Request: POST http://localhost:8001/v1/chat/completions "HTTP/1.1 200 OK"
2026-05-26 03:07:12,158 - INFO - Document classified as: <THINK>
OKAY, LET'S TACKLE THIS. THE USER WANTS ME TO DETERMINE IF THE GIVEN TEXT IS AN INVOICE, RESUME, PURCHASE_ORDER, OR RECEIPT. THE ANSWER SHOULD BE JUST THE CATEGORY IN UPPERCASE. IF UNSURE, DEFAULT TO INVOICE.

FIRST, I'LL LOOK AT THE CONTENT. THE TEXT STARTS WITH "AB ART COLLECTIVE CREATIVE SOLUTIONS" WHICH MIGHT BE THE COMPANY NAME. THEN "INVOICE NO. 001 MAY 14, 2019" – THE WORD "INVOICE" IS RIGHT THERE. THAT'S A STRONG INDICATOR OF AN INVOICE. 

NEXT, THERE'S CLIENT INFORMATION: SAMANTHA GRIFFIN WITH ADDRESS, EMAIL. THEN A TABLE WITH ITEMS LIKE ZZ PLANT, PONYTAIL PALM, QUANTITIES, PRICES. THERE'S A SUBTOTAL, SHIPPING, AND TOTAL. THE PAYMENT METHOD IS CASH ON DELIVERY. THE END HAS "THANK YOU!" WHICH IS COMMON IN INVOICES TO THANK THE CLIENT.

A RESUME WOULD HAVE MORE PERSONAL INFORMATION LIKE EDUCATION, WORK EXPERIENCE. A PURCHASE ORDER USUALLY HAS TERMS AND CONDITIONS, MAYBE MORE DETAILS ABOUT THE ORDER. A RECEIPT WOULD HAVE A SUMMARY OF A TRANSACTION, MAYBE MORE DETAILS ABOUT THE ITEMS PURCHASED, BUT OFTEN INCLUDES A RECEIPT NUMBER AND A SUMMARY. 

THIS TEXT HAS AN INVOICE NUMBER, CLIENT INFO, ITEMS WITH QUANTITIES AND PRICES, SUBTOTAL, SHIPPING, TOTAL, AND PAYMENT METHOD. ALL THESE ELEMENTS ARE TYPICAL OF AN INVOICE. THE PRESENCE OF "INVOICE NO." IS A KEY CLUE. THE TABLE STRUCTURE WITH ITEMS, QUANTITIES, PRICES, AND TOTALS ALSO POINTS TO AN INVOICE. THE "THANK YOU" AT THE END IS COMMON IN INVOICES TO ACKNOWLEDGE THE TRANSACTION. 

I DON'T SEE ANY ELEMENTS THAT WOULD INDICATE A RESUME, PURCHASE ORDER, OR RECEIPT. THE STRUCTURE AND CONTENT MATCH AN INVOICE. SO THE ANSWER SHOULD BE INVOICE.
</THINK>

INVOICE
2026-05-26 03:07:16,990 - INFO - HTTP Request: POST http://localhost:8001/v1/chat/completions "HTTP/1.1 200 OK"
2026-05-26 03:56:20,667 - INFO - HTTP Request: POST http://localhost:8000/v1/chat/completions "HTTP/1.1 200 OK"
2026-05-26 03:56:20,712 - INFO - HTTP Request: POST http://localhost:8000/v1/chat/completions "HTTP/1.1 200 OK"
2026-05-26 03:56:20,787 - INFO - HTTP Request: POST http://localhost:8000/v1/chat/completions "HTTP/1.1 200 OK"
2026-05-26 03:56:20,819 - INFO - HTTP Request: POST http://localhost:8000/v1/chat/completions "HTTP/1.1 200 OK"
2026-05-26 03:56:20,829 - INFO - HTTP Request: POST http://localhost:8000/v1/chat/completions "HTTP/1.1 200 OK"
2026-05-26 03:56:20,940 - INFO - HTTP Request: POST http://localhost:8000/v1/chat/completions "HTTP/1.1 200 OK"
2026-05-26 03:56:21,559 - INFO - HTTP Request: POST http://localhost:8000/v1/chat/completions "HTTP/1.1 200 OK"
2026-05-26 03:56:26,962 - INFO - HTTP Request: POST http://localhost:8001/v1/chat/completions "HTTP/1.1 200 OK"
2026-05-26 03:56:26,965 - INFO - Document classified as: <THINK>
OKAY, LET'S TACKLE THIS. THE USER WANTS ME TO CLASSIFY THE GIVEN OCR TEXT INTO ONE OF FOUR CATEGORIES: INVOICE, RESUME, PURCHASE_ORDER, OR RECEIPT. THE ANSWER SHOULD BE THE CATEGORY NAME IN UPPERCASE, AND IF UNSURE, DEFAULT TO INVOICE.

FIRST, I'LL LOOK AT THE TEXT. THE FIRST LINE IS "HAPPY PETALS" FOLLOWED BY AN ADDRESS. THEN THERE'S "INVOICE #76-871101" WHICH IMMEDIATELY SUGGESTS IT'S AN INVOICE. THE TABLE HAS ITEMS WITH QUANTITIES, PRICES, AND TOTALS. THERE'S A SUBTOTAL, SHIPPING, TAX, AND GRAND TOTAL. THE BILLING AND SHIPPING ADDRESSES ARE LISTED, ALONG WITH CUSTOMER SERVICE INFO.

A RESUME WOULD TYPICALLY HAVE PERSONAL INFORMATION, EDUCATION, WORK EXPERIENCE, ETC. A PURCHASE ORDER USUALLY HAS DETAILS LIKE VENDOR INFO, ITEMS, QUANTITIES, PRICES, AND TERMS. A RECEIPT WOULD HAVE A SUMMARY OF A TRANSACTION, MAYBE WITH A TOTAL AMOUNT, BUT OFTEN LESS DETAILED THAN AN INVOICE. 

THIS TEXT HAS A CLEAR STRUCTURE OF AN INVOICE WITH ITEMIZED DETAILS, TOTALS, AND ADDRESSES. THE PRESENCE OF "INVOICE #" AND THE DETAILED BREAKDOWN OF COSTS POINTS TOWARDS AN INVOICE. THE OTHER CATEGORIES DON'T FIT AS WELL. THE TABLE STRUCTURE AND THE SPECIFIC FIELDS LIKE SUBTOTAL, SHIPPING, TAX, AND GRAND TOTAL ARE COMMON IN INVOICES. SO, THE MOST ACCURATE CATEGORY HERE IS INVOICE.
</THINK>

INVOICE
2026-05-26 03:56:32,465 - INFO - HTTP Request: POST http://localhost:8001/v1/chat/completions "HTTP/1.1 200 OK"
2026-05-26 03:56:59,778 - INFO - HTTP Request: POST http://localhost:8000/v1/chat/completions "HTTP/1.1 200 OK"
2026-05-26 03:56:59,782 - INFO - HTTP Request: POST http://localhost:8000/v1/chat/completions "HTTP/1.1 200 OK"
2026-05-26 03:56:59,816 - INFO - HTTP Request: POST http://localhost:8000/v1/chat/completions "HTTP/1.1 200 OK"
2026-05-26 03:56:59,832 - INFO - HTTP Request: POST http://localhost:8000/v1/chat/completions "HTTP/1.1 200 OK"
2026-05-26 03:56:59,877 - INFO - HTTP Request: POST http://localhost:8000/v1/chat/completions "HTTP/1.1 200 OK"
2026-05-26 03:56:59,943 - INFO - HTTP Request: POST http://localhost:8000/v1/chat/completions "HTTP/1.1 200 OK"
2026-05-26 03:57:00,154 - INFO - HTTP Request: POST http://localhost:8000/v1/chat/completions "HTTP/1.1 200 OK"
2026-05-26 03:57:05,939 - INFO - HTTP Request: POST http://localhost:8001/v1/chat/completions "HTTP/1.1 200 OK"
2026-05-26 03:57:05,940 - INFO - Document classified as: <THINK>
OKAY, LET'S TACKLE THIS. THE USER WANTS ME TO DETERMINE IF THE GIVEN TEXT IS AN INVOICE, RESUME, PURCHASE_ORDER, OR RECEIPT. THE ANSWER SHOULD BE JUST THE CATEGORY IN UPPERCASE. IF UNSURE, DEFAULT TO INVOICE.

FIRST, I'LL LOOK AT THE CONTENT. THE TEXT STARTS WITH "AB ART COLLECTIVE CREATIVE SOLUTIONS" WHICH MIGHT BE THE COMPANY NAME. THEN "INVOICE NO. 001 MAY 14, 2019" – THE WORD "INVOICE" IS RIGHT THERE. THAT'S A STRONG INDICATOR OF AN INVOICE. 

NEXT, THERE'S CLIENT INFORMATION: SAMANTHA GRIFFIN WITH ADDRESS, EMAIL. THEN A TABLE WITH ITEMS LIKE ZZ PLANT, PONYTAIL PALM, QUANTITIES, PRICES. THERE'S A SUBTOTAL, SHIPPING, AND TOTAL. THE PAYMENT METHOD IS CASH ON DELIVERY. THE END HAS "THANK YOU!" WHICH IS COMMON IN INVOICES TO THANK THE CLIENT.

A RESUME WOULD HAVE MORE PERSONAL INFORMATION LIKE EDUCATION, WORK EXPERIENCE. A PURCHASE ORDER USUALLY HAS TERMS AND CONDITIONS, MAYBE MORE DETAILS ABOUT THE ORDER. A RECEIPT WOULD HAVE A SUMMARY OF A TRANSACTION, MAYBE MORE DETAILS ABOUT THE ITEMS PURCHASED, BUT OFTEN INCLUDES A RECEIPT NUMBER AND A SUMMARY. 

THIS TEXT HAS AN INVOICE NUMBER, CLIENT INFO, ITEMS WITH QUANTITIES AND PRICES, SUBTOTAL, SHIPPING, TOTAL, AND PAYMENT METHOD. ALL THESE ELEMENTS ARE TYPICAL OF AN INVOICE. THE PRESENCE OF "INVOICE NO." IS A KEY CLUE. THE TABLE STRUCTURE WITH ITEMS, QUANTITIES, PRICES, AND TOTALS ALSO POINTS TO AN INVOICE. THE "THANK YOU" AT THE END IS COMMON IN INVOICES TO ACKNOWLEDGE THE TRANSACTION. 

I DON'T SEE ANY ELEMENTS THAT WOULD INDICATE A RESUME, PURCHASE ORDER, OR RECEIPT. THE STRUCTURE AND CONTENT MATCH AN INVOICE. SO THE ANSWER SHOULD BE INVOICE.
</THINK>

INVOICE
2026-05-26 03:57:10,703 - INFO - HTTP Request: POST http://localhost:8001/v1/chat/completions "HTTP/1.1 200 OK"
2026-05-26 04:19:26,986 - INFO - HTTP Request: POST http://localhost:8000/v1/chat/completions "HTTP/1.1 200 OK"
2026-05-26 04:19:26,997 - INFO - HTTP Request: POST http://localhost:8000/v1/chat/completions "HTTP/1.1 200 OK"
2026-05-26 04:19:27,088 - INFO - HTTP Request: POST http://localhost:8000/v1/chat/completions "HTTP/1.1 200 OK"
2026-05-26 04:19:27,198 - INFO - HTTP Request: POST http://localhost:8000/v1/chat/completions "HTTP/1.1 200 OK"
2026-05-26 04:19:27,330 - INFO - HTTP Request: POST http://localhost:8000/v1/chat/completions "HTTP/1.1 200 OK"
2026-05-26 04:19:27,456 - INFO - HTTP Request: POST http://localhost:8000/v1/chat/completions "HTTP/1.1 200 OK"
2026-05-26 04:19:27,802 - INFO - HTTP Request: POST http://localhost:8000/v1/chat/completions "HTTP/1.1 200 OK"
2026-05-26 04:19:33,490 - INFO - HTTP Request: POST http://localhost:8001/v1/chat/completions "HTTP/1.1 200 OK"
2026-05-26 04:19:33,492 - ERROR - Classification failed: name 're' is not defined
2026-05-26 04:19:33,492 - INFO - Document classified as: INVOICE
2026-05-26 04:19:38,232 - INFO - HTTP Request: POST http://localhost:8001/v1/chat/completions "HTTP/1.1 200 OK"
2026-05-26 07:34:43,544 - INFO - HTTP Request: POST http://localhost:8000/v1/chat/completions "HTTP/1.1 200 OK"
2026-05-26 07:34:43,605 - INFO - HTTP Request: POST http://localhost:8000/v1/chat/completions "HTTP/1.1 200 OK"
2026-05-26 07:34:43,630 - INFO - HTTP Request: POST http://localhost:8000/v1/chat/completions "HTTP/1.1 200 OK"
2026-05-26 07:34:43,657 - INFO - HTTP Request: POST http://localhost:8000/v1/chat/completions "HTTP/1.1 200 OK"
2026-05-26 07:34:43,662 - INFO - HTTP Request: POST http://localhost:8000/v1/chat/completions "HTTP/1.1 200 OK"
2026-05-26 07:34:43,909 - INFO - HTTP Request: POST http://localhost:8000/v1/chat/completions "HTTP/1.1 200 OK"
2026-05-26 07:34:49,791 - INFO - HTTP Request: POST http://localhost:8001/v1/chat/completions "HTTP/1.1 200 OK"
2026-05-26 07:34:49,796 - ERROR - Classification failed: name 're' is not defined
2026-05-26 07:34:49,796 - INFO - Document classified as: INVOICE
2026-05-26 07:34:54,465 - INFO - HTTP Request: POST http://localhost:8001/v1/chat/completions "HTTP/1.1 200 OK"
2026-05-26 07:48:50,330 - INFO - HTTP Request: POST http://localhost:8000/v1/chat/completions "HTTP/1.1 200 OK"
2026-05-26 07:48:50,337 - INFO - HTTP Request: POST http://localhost:8000/v1/chat/completions "HTTP/1.1 200 OK"
2026-05-26 07:48:50,338 - INFO - HTTP Request: POST http://localhost:8000/v1/chat/completions "HTTP/1.1 200 OK"
2026-05-26 07:48:50,339 - INFO - HTTP Request: POST http://localhost:8000/v1/chat/completions "HTTP/1.1 200 OK"
2026-05-26 07:48:50,345 - INFO - HTTP Request: POST http://localhost:8000/v1/chat/completions "HTTP/1.1 200 OK"
2026-05-26 07:48:50,349 - INFO - HTTP Request: POST http://localhost:8000/v1/chat/completions "HTTP/1.1 200 OK"
2026-05-26 07:48:50,394 - INFO - HTTP Request: POST http://localhost:8000/v1/chat/completions "HTTP/1.1 200 OK"
2026-05-26 07:48:50,406 - INFO - HTTP Request: POST http://localhost:8000/v1/chat/completions "HTTP/1.1 200 OK"
2026-05-26 07:48:50,422 - INFO - HTTP Request: POST http://localhost:8000/v1/chat/completions "HTTP/1.1 200 OK"
2026-05-26 07:48:50,448 - INFO - HTTP Request: POST http://localhost:8000/v1/chat/completions "HTTP/1.1 200 OK"
2026-05-26 07:48:50,530 - INFO - HTTP Request: POST http://localhost:8000/v1/chat/completions "HTTP/1.1 200 OK"
2026-05-26 07:48:50,666 - INFO - HTTP Request: POST http://localhost:8000/v1/chat/completions "HTTP/1.1 200 OK"
2026-05-26 07:48:54,731 - INFO - HTTP Request: POST http://localhost:8001/v1/chat/completions "HTTP/1.1 200 OK"
2026-05-26 07:48:54,731 - ERROR - Classification failed: name 're' is not defined
2026-05-26 07:48:54,732 - INFO - Document classified as: INVOICE
2026-05-26 07:49:01,188 - INFO - HTTP Request: POST http://localhost:8001/v1/chat/completions "HTTP/1.1 200 OK"
2026-05-26 08:03:19,488 - INFO - HTTP Request: POST http://localhost:8000/v1/chat/completions "HTTP/1.1 200 OK"
2026-05-26 08:03:19,489 - INFO - HTTP Request: POST http://localhost:8000/v1/chat/completions "HTTP/1.1 200 OK"
2026-05-26 08:03:19,505 - INFO - HTTP Request: POST http://localhost:8000/v1/chat/completions "HTTP/1.1 200 OK"
2026-05-26 08:03:19,518 - INFO - HTTP Request: POST http://localhost:8000/v1/chat/completions "HTTP/1.1 200 OK"
2026-05-26 08:03:19,536 - INFO - HTTP Request: POST http://localhost:8000/v1/chat/completions "HTTP/1.1 200 OK"
2026-05-26 08:03:19,565 - INFO - HTTP Request: POST http://localhost:8000/v1/chat/completions "HTTP/1.1 200 OK"
2026-05-26 08:03:19,577 - INFO - HTTP Request: POST http://localhost:8000/v1/chat/completions "HTTP/1.1 200 OK"
2026-05-26 08:03:19,602 - INFO - HTTP Request: POST http://localhost:8000/v1/chat/completions "HTTP/1.1 200 OK"
2026-05-26 08:03:19,831 - INFO - HTTP Request: POST http://localhost:8000/v1/chat/completions "HTTP/1.1 200 OK"
2026-05-26 08:03:24,692 - INFO - HTTP Request: POST http://localhost:8001/v1/chat/completions "HTTP/1.1 200 OK"
2026-05-26 08:03:24,693 - ERROR - Classification failed: name 're' is not defined
2026-05-26 08:03:24,693 - INFO - Document classified as: INVOICE
2026-05-26 08:03:29,987 - INFO - HTTP Request: POST http://localhost:8001/v1/chat/completions "HTTP/1.1 200 OK"
2026-05-26 15:01:21,601 - INFO - HTTP Request: POST http://localhost:8000/v1/chat/completions "HTTP/1.1 200 OK"
2026-05-26 15:01:21,640 - INFO - HTTP Request: POST http://localhost:8000/v1/chat/completions "HTTP/1.1 200 OK"
2026-05-26 15:01:21,649 - INFO - HTTP Request: POST http://localhost:8000/v1/chat/completions "HTTP/1.1 200 OK"
2026-05-26 15:01:21,650 - INFO - HTTP Request: POST http://localhost:8000/v1/chat/completions "HTTP/1.1 200 OK"
2026-05-26 15:01:21,650 - INFO - HTTP Request: POST http://localhost:8000/v1/chat/completions "HTTP/1.1 200 OK"
2026-05-26 15:01:21,654 - INFO - HTTP Request: POST http://localhost:8000/v1/chat/completions "HTTP/1.1 200 OK"
2026-05-26 15:01:21,691 - INFO - HTTP Request: POST http://localhost:8000/v1/chat/completions "HTTP/1.1 200 OK"
2026-05-26 15:01:21,704 - INFO - HTTP Request: POST http://localhost:8000/v1/chat/completions "HTTP/1.1 200 OK"
2026-05-26 15:01:21,791 - INFO - HTTP Request: POST http://localhost:8000/v1/chat/completions "HTTP/1.1 200 OK"
2026-05-26 15:01:21,811 - INFO - HTTP Request: POST http://localhost:8000/v1/chat/completions "HTTP/1.1 200 OK"
2026-05-26 15:01:21,825 - INFO - HTTP Request: POST http://localhost:8000/v1/chat/completions "HTTP/1.1 200 OK"
2026-05-26 15:01:21,826 - INFO - HTTP Request: POST http://localhost:8000/v1/chat/completions "HTTP/1.1 200 OK"
2026-05-26 15:01:21,850 - INFO - HTTP Request: POST http://localhost:8000/v1/chat/completions "HTTP/1.1 200 OK"
2026-05-26 15:01:22,231 - INFO - HTTP Request: POST http://localhost:8000/v1/chat/completions "HTTP/1.1 200 OK"
2026-05-26 15:01:27,731 - INFO - HTTP Request: POST http://localhost:8001/v1/chat/completions "HTTP/1.1 200 OK"
2026-05-26 15:01:27,732 - ERROR - Classification failed: name 're' is not defined
2026-05-26 15:01:27,732 - INFO - Document classified as: INVOICE
2026-05-26 15:01:35,364 - INFO - HTTP Request: POST http://localhost:8001/v1/chat/completions "HTTP/1.1 200 OK"
2026-05-26 15:06:37,399 - INFO - HTTP Request: POST http://localhost:8000/v1/chat/completions "HTTP/1.1 200 OK"
2026-05-26 15:06:37,401 - INFO - HTTP Request: POST http://localhost:8000/v1/chat/completions "HTTP/1.1 200 OK"
2026-05-26 15:06:37,402 - INFO - HTTP Request: POST http://localhost:8000/v1/chat/completions "HTTP/1.1 200 OK"
2026-05-26 15:06:37,407 - INFO - HTTP Request: POST http://localhost:8000/v1/chat/completions "HTTP/1.1 200 OK"
2026-05-26 15:06:37,407 - INFO - HTTP Request: POST http://localhost:8000/v1/chat/completions "HTTP/1.1 200 OK"
2026-05-26 15:06:37,417 - INFO - HTTP Request: POST http://localhost:8000/v1/chat/completions "HTTP/1.1 200 OK"
2026-05-26 15:06:37,418 - INFO - HTTP Request: POST http://localhost:8000/v1/chat/completions "HTTP/1.1 200 OK"
2026-05-26 15:06:37,419 - INFO - HTTP Request: POST http://localhost:8000/v1/chat/completions "HTTP/1.1 200 OK"
2026-05-26 15:06:37,421 - INFO - HTTP Request: POST http://localhost:8000/v1/chat/completions "HTTP/1.1 200 OK"
2026-05-26 15:06:37,421 - INFO - HTTP Request: POST http://localhost:8000/v1/chat/completions "HTTP/1.1 200 OK"
2026-05-26 15:06:37,422 - INFO - HTTP Request: POST http://localhost:8000/v1/chat/completions "HTTP/1.1 200 OK"
2026-05-26 15:06:37,423 - INFO - HTTP Request: POST http://localhost:8000/v1/chat/completions "HTTP/1.1 200 OK"
2026-05-26 15:06:37,427 - INFO - HTTP Request: POST http://localhost:8000/v1/chat/completions "HTTP/1.1 200 OK"
2026-05-26 15:06:37,427 - INFO - HTTP Request: POST http://localhost:8000/v1/chat/completions "HTTP/1.1 200 OK"
2026-05-26 15:06:37,431 - INFO - HTTP Request: POST http://localhost:8000/v1/chat/completions "HTTP/1.1 200 OK"
2026-05-26 15:06:37,433 - INFO - HTTP Request: POST http://localhost:8000/v1/chat/completions "HTTP/1.1 200 OK"
2026-05-26 15:06:37,438 - INFO - HTTP Request: POST http://localhost:8000/v1/chat/completions "HTTP/1.1 200 OK"
2026-05-26 15:06:37,439 - INFO - HTTP Request: POST http://localhost:8000/v1/chat/completions "HTTP/1.1 200 OK"
2026-05-26 15:06:37,439 - INFO - HTTP Request: POST http://localhost:8000/v1/chat/completions "HTTP/1.1 200 OK"
2026-05-26 15:06:37,445 - INFO - HTTP Request: POST http://localhost:8000/v1/chat/completions "HTTP/1.1 200 OK"
2026-05-26 15:06:37,446 - INFO - HTTP Request: POST http://localhost:8000/v1/chat/completions "HTTP/1.1 200 OK"
2026-05-26 15:06:37,447 - INFO - HTTP Request: POST http://localhost:8000/v1/chat/completions "HTTP/1.1 200 OK"
2026-05-26 15:06:37,450 - INFO - HTTP Request: POST http://localhost:8000/v1/chat/completions "HTTP/1.1 200 OK"
2026-05-26 15:06:37,607 - INFO - HTTP Request: POST http://localhost:8000/v1/chat/completions "HTTP/1.1 200 OK"
2026-05-26 15:06:37,614 - INFO - HTTP Request: POST http://localhost:8000/v1/chat/completions "HTTP/1.1 200 OK"
2026-05-26 15:06:37,615 - INFO - HTTP Request: POST http://localhost:8000/v1/chat/completions "HTTP/1.1 200 OK"
2026-05-26 15:06:37,619 - INFO - HTTP Request: POST http://localhost:8000/v1/chat/completions "HTTP/1.1 200 OK"
2026-05-26 15:06:37,620 - INFO - HTTP Request: POST http://localhost:8000/v1/chat/completions "HTTP/1.1 200 OK"
2026-05-26 15:06:37,625 - INFO - HTTP Request: POST http://localhost:8000/v1/chat/completions "HTTP/1.1 200 OK"
2026-05-26 15:06:37,627 - INFO - HTTP Request: POST http://localhost:8000/v1/chat/completions "HTTP/1.1 200 OK"
2026-05-26 15:06:37,630 - INFO - HTTP Request: POST http://localhost:8000/v1/chat/completions "HTTP/1.1 200 OK"
2026-05-26 15:06:37,672 - INFO - HTTP Request: POST http://localhost:8000/v1/chat/completions "HTTP/1.1 200 OK"
2026-05-26 15:06:37,708 - INFO - HTTP Request: POST http://localhost:8000/v1/chat/completions "HTTP/1.1 200 OK"
2026-05-26 15:06:37,713 - INFO - HTTP Request: POST http://localhost:8000/v1/chat/completions "HTTP/1.1 200 OK"
2026-05-26 15:06:37,723 - INFO - HTTP Request: POST http://localhost:8000/v1/chat/completions "HTTP/1.1 200 OK"
2026-05-26 15:06:37,724 - INFO - HTTP Request: POST http://localhost:8000/v1/chat/completions "HTTP/1.1 200 OK"
2026-05-26 15:06:37,763 - INFO - HTTP Request: POST http://localhost:8000/v1/chat/completions "HTTP/1.1 200 OK"
2026-05-26 15:06:37,765 - INFO - HTTP Request: POST http://localhost:8000/v1/chat/completions "HTTP/1.1 200 OK"
2026-05-26 15:06:37,771 - INFO - HTTP Request: POST http://localhost:8000/v1/chat/completions "HTTP/1.1 200 OK"
2026-05-26 15:06:37,772 - INFO - HTTP Request: POST http://localhost:8000/v1/chat/completions "HTTP/1.1 200 OK"
2026-05-26 15:06:38,721 - INFO - HTTP Request: POST http://localhost:8000/v1/chat/completions "HTTP/1.1 200 OK"
2026-05-26 15:06:38,737 - INFO - HTTP Request: POST http://localhost:8000/v1/chat/completions "HTTP/1.1 200 OK"
2026-05-26 15:06:38,756 - INFO - HTTP Request: POST http://localhost:8000/v1/chat/completions "HTTP/1.1 200 OK"
2026-05-26 15:06:38,760 - INFO - HTTP Request: POST http://localhost:8000/v1/chat/completions "HTTP/1.1 200 OK"
2026-05-26 15:06:42,945 - INFO - HTTP Request: POST http://localhost:8000/v1/chat/completions "HTTP/1.1 200 OK"
2026-05-26 15:06:43,262 - INFO - HTTP Request: POST http://localhost:8000/v1/chat/completions "HTTP/1.1 200 OK"
2026-05-26 15:06:43,626 - INFO - HTTP Request: POST http://localhost:8000/v1/chat/completions "HTTP/1.1 200 OK"
2026-05-26 15:06:43,889 - INFO - HTTP Request: POST http://localhost:8000/v1/chat/completions "HTTP/1.1 200 OK"
2026-05-26 15:06:49,786 - INFO - HTTP Request: POST http://localhost:8001/v1/chat/completions "HTTP/1.1 200 OK"
2026-05-26 15:06:49,788 - ERROR - Classification failed: name 're' is not defined
2026-05-26 15:06:49,788 - INFO - Document classified as: INVOICE
2026-05-26 15:07:25,118 - INFO - HTTP Request: POST http://localhost:8001/v1/chat/completions "HTTP/1.1 200 OK"
2026-05-26 15:07:26,497 - INFO - HTTP Request: POST http://localhost:8001/v1/chat/completions "HTTP/1.1 200 OK"
2026-05-26 15:07:27,346 - INFO - HTTP Request: POST http://localhost:8001/v1/chat/completions "HTTP/1.1 200 OK"
2026-05-26 15:07:29,817 - INFO - HTTP Request: POST http://localhost:8001/v1/chat/completions "HTTP/1.1 200 OK"
2026-05-26 15:10:08,181 - INFO - HTTP Request: POST http://localhost:8000/v1/chat/completions "HTTP/1.1 200 OK"
2026-05-26 15:10:08,185 - INFO - HTTP Request: POST http://localhost:8000/v1/chat/completions "HTTP/1.1 200 OK"
2026-05-26 15:10:08,275 - INFO - HTTP Request: POST http://localhost:8000/v1/chat/completions "HTTP/1.1 200 OK"
2026-05-26 15:10:08,304 - INFO - HTTP Request: POST http://localhost:8000/v1/chat/completions "HTTP/1.1 200 OK"
2026-05-26 15:10:08,305 - INFO - HTTP Request: POST http://localhost:8000/v1/chat/completions "HTTP/1.1 200 OK"
2026-05-26 15:10:08,546 - INFO - HTTP Request: POST http://localhost:8000/v1/chat/completions "HTTP/1.1 200 OK"
2026-05-26 15:10:14,215 - INFO - HTTP Request: POST http://localhost:8001/v1/chat/completions "HTTP/1.1 200 OK"
2026-05-26 15:10:14,216 - ERROR - Classification failed: name 're' is not defined
2026-05-26 15:10:14,217 - INFO - Document classified as: INVOICE
2026-05-26 15:10:18,762 - INFO - HTTP Request: POST http://localhost:8001/v1/chat/completions "HTTP/1.1 200 OK"
2026-05-29 09:27:56,421 - INFO - HTTP Request: POST http://localhost:8000/v1/chat/completions "HTTP/1.1 200 OK"
2026-05-29 09:27:56,483 - INFO - HTTP Request: POST http://localhost:8000/v1/chat/completions "HTTP/1.1 200 OK"
2026-05-29 09:27:56,485 - INFO - HTTP Request: POST http://localhost:8000/v1/chat/completions "HTTP/1.1 200 OK"
2026-05-29 09:27:56,488 - INFO - HTTP Request: POST http://localhost:8000/v1/chat/completions "HTTP/1.1 200 OK"
2026-05-29 09:27:56,489 - INFO - HTTP Request: POST http://localhost:8000/v1/chat/completions "HTTP/1.1 200 OK"
2026-05-29 09:27:56,490 - INFO - HTTP Request: POST http://localhost:8000/v1/chat/completions "HTTP/1.1 200 OK"
2026-05-29 09:27:56,494 - INFO - HTTP Request: POST http://localhost:8000/v1/chat/completions "HTTP/1.1 200 OK"
2026-05-29 09:27:56,495 - INFO - HTTP Request: POST http://localhost:8000/v1/chat/completions "HTTP/1.1 200 OK"
2026-05-29 09:27:56,503 - INFO - HTTP Request: POST http://localhost:8000/v1/chat/completions "HTTP/1.1 200 OK"
2026-05-29 09:27:56,513 - INFO - HTTP Request: POST http://localhost:8000/v1/chat/completions "HTTP/1.1 200 OK"
2026-05-29 09:27:56,540 - INFO - HTTP Request: POST http://localhost:8000/v1/chat/completions "HTTP/1.1 200 OK"
2026-05-29 09:27:56,546 - INFO - HTTP Request: POST http://localhost:8000/v1/chat/completions "HTTP/1.1 200 OK"
2026-05-29 09:27:56,574 - INFO - HTTP Request: POST http://localhost:8000/v1/chat/completions "HTTP/1.1 200 OK"
2026-05-29 09:27:56,945 - INFO - HTTP Request: POST http://localhost:8000/v1/chat/completions "HTTP/1.1 200 OK"
2026-05-29 09:28:02,437 - INFO - HTTP Request: POST http://localhost:8001/v1/chat/completions "HTTP/1.1 200 OK"
2026-05-29 09:28:02,442 - ERROR - Classification failed: name 're' is not defined
2026-05-29 09:28:02,443 - INFO - Document classified as: INVOICE
2026-05-29 09:28:09,430 - INFO - HTTP Request: POST http://localhost:8001/v1/chat/completions "HTTP/1.1 200 OK"
